simulation_time,phenomenon_time_utc,node_id,stream_id,connection_id,signal_group,sumo_tls_id,sumo_link_index,source_state,sumo_state,conversion_exact,source_layer
0.000,2026-06-24T05:59:35Z,2349,72940,2,K1,HH_2349,0,3,G,true,primary_signal
0.000,2026-06-24T05:59:32Z,2349,72983,7,K2,HH_2349,1,1,r,true,primary_signal
0.000,2026-06-24T05:59:35Z,2349,81474,5,K4,HH_2349,2,3,G,true,primary_signal
0.000,2026-06-24T05:59:35Z,2349,72946,3,K1,HH_2349,3,3,G,true,primary_signal
0.000,2026-06-24T05:59:32Z,2349,72971,9,K2,HH_2349,4,1,r,true,primary_signal
0.000,2026-06-24T05:59:35Z,2349,72961,6,K4,HH_2349,5,3,G,true,primary_signal
0.000,2026-06-24T05:59:52Z,2394,67952,5,K1,HH_2394,0,3,G,true,primary_signal
0.000,2026-06-24T05:59:46Z,2394,68904,8,K4,HH_2394,1,1,r,true,primary_signal
0.000,2026-06-24T05:59:18Z,2394,71446,1,K7,HH_2394,2,1,r,true,primary_signal
0.000,2026-06-24T05:59:18Z,2394,68006,2,K7,HH_2394,3,1,r,true,primary_signal
0.000,2026-06-24T05:59:49Z,2394,71448,6,K2,HH_2394,4,3,G,true,primary_signal
0.000,2026-06-24T05:59:46Z,2394,68841,9,K5,HH_2394,5,1,r,true,primary_signal
10.000,2026-06-24T06:00:10Z,2394,71448,6,K2,HH_2394,4,2,y,true,primary_signal
13.000,2026-06-24T06:00:13Z,2394,71448,6,K2,HH_2394,4,1,r,true,primary_signal
19.000,2026-06-24T06:00:19Z,2394,71446,1,K7,HH_2394,2,4,u,true,primary_signal
19.000,2026-06-24T06:00:19Z,2394,68006,2,K7,HH_2394,3,4,u,true,primary_signal
20.000,2026-06-24T06:00:20Z,2394,71446,1,K7,HH_2394,2,3,G,true,primary_signal
20.000,2026-06-24T06:00:20Z,2394,69184,3,K7,HH_2394,3,3,G,true,primary_signal
26.000,2026-06-24T06:00:26Z,2349,72962,4,K4,HH_2349,2,2,y,true,primary_signal
26.000,2026-06-24T06:00:26Z,2349,72961,6,K4,HH_2349,5,2,y,true,primary_signal
27.000,2026-06-24T06:00:27Z,2349,72940,2,K1,HH_2349,0,2,y,true,primary_signal
27.000,2026-06-24T06:00:27Z,2349,72946,3,K1,HH_2349,3,2,y,true,primary_signal
29.000,2026-06-24T06:00:29Z,2349,81474,5,K4,HH_2349,2,1,r,true,primary_signal
29.000,2026-06-24T06:00:29Z,2349,72961,6,K4,HH_2349,5,1,r,true,primary_signal
30.000,2026-06-24T06:00:30Z,2349,72940,2,K1,HH_2349,0,1,r,true,primary_signal
30.000,2026-06-24T06:00:30Z,2349,72946,3,K1,HH_2349,3,1,r,true,primary_signal
37.000,2026-06-24T06:00:37Z,2349,72983,7,K2,HH_2349,1,4,u,true,primary_signal
37.000,2026-06-24T06:00:37Z,2349,72971,9,K2,HH_2349,4,4,u,true,primary_signal
38.000,2026-06-24T06:00:38Z,2349,73039,8,K2,HH_2349,1,3,G,true,primary_signal
38.000,2026-06-24T06:00:38Z,2349,72971,9,K2,HH_2349,4,3,G,true,primary_signal
44.000,2026-06-24T06:00:44Z,2394,71446,1,K7,HH_2394,2,2,y,true,primary_signal
44.000,2026-06-24T06:00:44Z,2394,69184,3,K7,HH_2394,3,2,y,true,primary_signal
47.000,2026-06-24T06:00:47Z,2394,71446,1,K7,HH_2394,2,1,r,true,primary_signal
47.000,2026-06-24T06:00:47Z,2394,69184,3,K7,HH_2394,3,1,r,true,primary_signal
50.000,2026-06-24T06:00:50Z,2394,71448,6,K2,HH_2394,4,4,u,true,primary_signal
51.000,2026-06-24T06:00:51Z,2394,71448,6,K2,HH_2394,4,3,G,true,primary_signal
57.000,2026-06-24T06:00:57Z,2349,73039,8,K2,HH_2349,1,2,y,true,primary_signal
57.000,2026-06-24T06:00:57Z,2349,72971,9,K2,HH_2349,4,2,y,true,primary_signal
60.000,2026-06-24T06:01:00Z,2349,72983,7,K2,HH_2349,1,1,r,true,primary_signal
60.000,2026-06-24T06:01:00Z,2349,72971,9,K2,HH_2349,4,1,r,true,primary_signal
62.000,2026-06-24T06:01:02Z,2349,72940,2,K1,HH_2349,0,4,u,true,primary_signal
62.000,2026-06-24T06:01:02Z,2349,72962,4,K4,HH_2349,2,4,u,true,primary_signal
62.000,2026-06-24T06:01:02Z,2349,72946,3,K1,HH_2349,3,4,u,true,primary_signal
62.000,2026-06-24T06:01:02Z,2349,72961,6,K4,HH_2349,5,4,u,true,primary_signal
63.000,2026-06-24T06:01:03Z,2349,72940,2,K1,HH_2349,0,3,G,true,primary_signal
63.000,2026-06-24T06:01:03Z,2349,72962,4,K4,HH_2349,2,3,G,true,primary_signal
63.000,2026-06-24T06:01:03Z,2349,72946,3,K1,HH_2349,3,3,G,true,primary_signal
63.000,2026-06-24T06:01:03Z,2349,72961,6,K4,HH_2349,5,3,G,true,primary_signal
68.000,2026-06-24T06:01:08Z,2394,67952,5,K1,HH_2394,0,2,y,true,primary_signal
68.000,2026-06-24T06:01:08Z,2394,71448,6,K2,HH_2394,4,2,y,true,primary_signal
71.000,2026-06-24T06:01:11Z,2394,67952,5,K1,HH_2394,0,1,r,true,primary_signal
71.000,2026-06-24T06:01:11Z,2394,71448,6,K2,HH_2394,4,1,r,true,primary_signal
74.000,2026-06-24T06:01:14Z,2394,68904,8,K4,HH_2394,1,4,u,true,primary_signal
74.000,2026-06-24T06:01:14Z,2394,68841,9,K5,HH_2394,5,4,u,true,primary_signal
75.000,2026-06-24T06:01:15Z,2394,68904,8,K4,HH_2394,1,3,G,true,primary_signal
75.000,2026-06-24T06:01:15Z,2394,68841,9,K5,HH_2394,5,3,G,true,primary_signal
95.000,2026-06-24T06:01:35Z,2394,68904,8,K4,HH_2394,1,2,y,true,primary_signal
95.000,2026-06-24T06:01:35Z,2394,68841,9,K5,HH_2394,5,2,y,true,primary_signal
98.000,2026-06-24T06:01:38Z,2394,68005,7,K4,HH_2394,1,1,r,true,primary_signal
98.000,2026-06-24T06:01:38Z,2394,68841,9,K5,HH_2394,5,1,r,true,primary_signal
101.000,2026-06-24T06:01:41Z,2394,71446,1,K7,HH_2394,2,4,u,true,primary_signal
101.000,2026-06-24T06:01:41Z,2394,69184,3,K7,HH_2394,3,4,u,true,primary_signal
102.000,2026-06-24T06:01:42Z,2394,71446,1,K7,HH_2394,2,3,G,true,primary_signal
102.000,2026-06-24T06:01:42Z,2394,69184,3,K7,HH_2394,3,3,G,true,primary_signal
103.000,2026-06-24T06:01:43Z,2394,67952,5,K1,HH_2394,0,4,u,true,primary_signal
104.000,2026-06-24T06:01:44Z,2394,67952,5,K1,HH_2394,0,3,G,true,primary_signal
116.000,2026-06-24T06:01:56Z,2349,72962,4,K4,HH_2349,2,2,y,true,primary_signal
116.000,2026-06-24T06:01:56Z,2349,72961,6,K4,HH_2349,5,2,y,true,primary_signal
117.000,2026-06-24T06:01:57Z,2349,72940,2,K1,HH_2349,0,2,y,true,primary_signal
117.000,2026-06-24T06:01:57Z,2349,72946,3,K1,HH_2349,3,2,y,true,primary_signal
119.000,2026-06-24T06:01:59Z,2349,72962,4,K4,HH_2349,2,1,r,true,primary_signal
119.000,2026-06-24T06:01:59Z,2349,72961,6,K4,HH_2349,5,1,r,true,primary_signal
120.000,2026-06-24T06:02:00Z,2349,72940,2,K1,HH_2349,0,1,r,true,primary_signal
120.000,2026-06-24T06:02:00Z,2349,72946,3,K1,HH_2349,3,1,r,true,primary_signal
127.000,2026-06-24T06:02:07Z,2349,72983,7,K2,HH_2349,1,4,u,true,primary_signal
127.000,2026-06-24T06:02:07Z,2349,72971,9,K2,HH_2349,4,4,u,true,primary_signal
128.000,2026-06-24T06:02:08Z,2349,73039,8,K2,HH_2349,1,3,G,true,primary_signal
128.000,2026-06-24T06:02:08Z,2349,72971,9,K2,HH_2349,4,3,G,true,primary_signal
135.000,2026-06-24T06:02:15Z,2394,71446,1,K7,HH_2394,2,2,y,true,primary_signal
135.000,2026-06-24T06:02:15Z,2394,69184,3,K7,HH_2394,3,2,y,true,primary_signal
136.000,2026-06-24T06:02:16Z,2394,67952,5,K1,HH_2394,0,2,y,true,primary_signal
138.000,2026-06-24T06:02:18Z,2394,71446,1,K7,HH_2394,2,1,r,true,primary_signal
138.000,2026-06-24T06:02:18Z,2394,69184,3,K7,HH_2394,3,1,r,true,primary_signal
139.000,2026-06-24T06:02:19Z,2394,67952,5,K1,HH_2394,0,1,r,true,primary_signal
142.000,2026-06-24T06:02:22Z,2394,68904,8,K4,HH_2394,1,4,u,true,primary_signal
142.000,2026-06-24T06:02:22Z,2394,68841,9,K5,HH_2394,5,4,u,true,primary_signal
143.000,2026-06-24T06:02:23Z,2394,68904,8,K4,HH_2394,1,3,G,true,primary_signal
143.000,2026-06-24T06:02:23Z,2394,68841,9,K5,HH_2394,5,3,G,true,primary_signal
147.000,2026-06-24T06:02:27Z,2349,73039,8,K2,HH_2349,1,2,y,true,primary_signal
147.000,2026-06-24T06:02:27Z,2349,72971,9,K2,HH_2349,4,2,y,true,primary_signal
150.000,2026-06-24T06:02:30Z,2349,72983,7,K2,HH_2349,1,1,r,true,primary_signal
150.000,2026-06-24T06:02:30Z,2349,72971,9,K2,HH_2349,4,1,r,true,primary_signal
152.000,2026-06-24T06:02:32Z,2349,72940,2,K1,HH_2349,0,4,u,true,primary_signal
152.000,2026-06-24T06:02:32Z,2349,81474,5,K4,HH_2349,2,4,u,true,primary_signal
152.000,2026-06-24T06:02:32Z,2349,72946,3,K1,HH_2349,3,4,u,true,primary_signal
152.000,2026-06-24T06:02:32Z,2349,72961,6,K4,HH_2349,5,4,u,true,primary_signal
153.000,2026-06-24T06:02:33Z,2349,72940,2,K1,HH_2349,0,3,G,true,primary_signal
153.000,2026-06-24T06:02:33Z,2349,81474,5,K4,HH_2349,2,3,G,true,primary_signal
153.000,2026-06-24T06:02:33Z,2349,72946,3,K1,HH_2349,3,3,G,true,primary_signal
153.000,2026-06-24T06:02:33Z,2349,72961,6,K4,HH_2349,5,3,G,true,primary_signal
163.000,2026-06-24T06:02:43Z,2394,68005,7,K4,HH_2394,1,2,y,true,primary_signal
163.000,2026-06-24T06:02:43Z,2394,68841,9,K5,HH_2394,5,2,y,true,primary_signal
166.000,2026-06-24T06:02:46Z,2394,68904,8,K4,HH_2394,1,1,r,true,primary_signal
166.000,2026-06-24T06:02:46Z,2394,68841,9,K5,HH_2394,5,1,r,true,primary_signal
168.000,2026-06-24T06:02:48Z,2394,71448,6,K2,HH_2394,4,4,u,true,primary_signal
169.000,2026-06-24T06:02:49Z,2394,71448,6,K2,HH_2394,4,3,G,true,primary_signal
171.000,2026-06-24T06:02:51Z,2394,67952,5,K1,HH_2394,0,3,G,true,primary_signal
179.000,2026-06-24T06:02:59Z,2394,71448,6,K2,HH_2394,4,2,y,true,primary_signal
182.000,2026-06-24T06:03:02Z,2394,71448,6,K2,HH_2394,4,1,r,true,primary_signal
188.000,2026-06-24T06:03:08Z,2394,71446,1,K7,HH_2394,2,4,u,true,primary_signal
188.000,2026-06-24T06:03:08Z,2394,69184,3,K7,HH_2394,3,4,u,true,primary_signal
189.000,2026-06-24T06:03:09Z,2394,71446,1,K7,HH_2394,2,3,G,true,primary_signal
189.000,2026-06-24T06:03:09Z,2394,69184,3,K7,HH_2394,3,3,G,true,primary_signal
230.000,2026-06-24T06:03:50Z,2349,72940,2,K1,HH_2349,0,2,y,true,primary_signal
230.000,2026-06-24T06:03:50Z,2349,81474,5,K4,HH_2349,2,2,y,true,primary_signal
230.000,2026-06-24T06:03:50Z,2349,72946,3,K1,HH_2349,3,2,y,true,primary_signal
230.000,2026-06-24T06:03:50Z,2349,72961,6,K4,HH_2349,5,2,y,true,primary_signal
233.000,2026-06-24T06:03:53Z,2349,72940,2,K1,HH_2349,0,1,r,true,primary_signal
233.000,2026-06-24T06:03:53Z,2349,72962,4,K4,HH_2349,2,1,r,true,primary_signal
233.000,2026-06-24T06:03:53Z,2349,72946,3,K1,HH_2349,3,1,r,true,primary_signal
233.000,2026-06-24T06:03:53Z,2349,72961,6,K4,HH_2349,5,1,r,true,primary_signal
240.000,2026-06-24T06:04:00Z,2349,72983,7,K2,HH_2349,1,4,u,true,primary_signal
240.000,2026-06-24T06:04:00Z,2349,72971,9,K2,HH_2349,4,4,u,true,primary_signal
241.000,2026-06-24T06:04:01Z,2349,72983,7,K2,HH_2349,1,3,G,true,primary_signal
241.000,2026-06-24T06:04:01Z,2349,72971,9,K2,HH_2349,4,3,G,true,primary_signal
260.000,2026-06-24T06:04:20Z,2349,73039,8,K2,HH_2349,1,2,y,true,primary_signal
260.000,2026-06-24T06:04:20Z,2349,72971,9,K2,HH_2349,4,2,y,true,primary_signal
263.000,2026-06-24T06:04:23Z,2349,72983,7,K2,HH_2349,1,1,r,true,primary_signal
263.000,2026-06-24T06:04:23Z,2349,72971,9,K2,HH_2349,4,1,r,true,primary_signal
265.000,2026-06-24T06:04:25Z,2349,72940,2,K1,HH_2349,0,4,u,true,primary_signal
265.000,2026-06-24T06:04:25Z,2349,81474,5,K4,HH_2349,2,4,u,true,primary_signal
265.000,2026-06-24T06:04:25Z,2349,72946,3,K1,HH_2349,3,4,u,true,primary_signal
265.000,2026-06-24T06:04:25Z,2349,72961,6,K4,HH_2349,5,4,u,true,primary_signal
266.000,2026-06-24T06:04:26Z,2349,72940,2,K1,HH_2349,0,3,G,true,primary_signal
266.000,2026-06-24T06:04:26Z,2349,81474,5,K4,HH_2349,2,3,G,true,primary_signal
266.000,2026-06-24T06:04:26Z,2349,72946,3,K1,HH_2349,3,3,G,true,primary_signal
266.000,2026-06-24T06:04:26Z,2349,72961,6,K4,HH_2349,5,3,G,true,primary_signal
296.000,2026-06-24T06:04:56Z,2349,81474,5,K4,HH_2349,2,2,y,true,primary_signal
296.000,2026-06-24T06:04:56Z,2349,72961,6,K4,HH_2349,5,2,y,true,primary_signal
297.000,2026-06-24T06:04:57Z,2349,72940,2,K1,HH_2349,0,2,y,true,primary_signal
297.000,2026-06-24T06:04:57Z,2349,72946,3,K1,HH_2349,3,2,y,true,primary_signal
299.000,2026-06-24T06:04:59Z,2349,72962,4,K4,HH_2349,2,1,r,true,primary_signal
299.000,2026-06-24T06:04:59Z,2349,72961,6,K4,HH_2349,5,1,r,true,primary_signal
300.000,2026-06-24T06:05:00Z,2349,72940,2,K1,HH_2349,0,1,r,true,primary_signal
300.000,2026-06-24T06:05:00Z,2349,72946,3,K1,HH_2349,3,1,r,true,primary_signal
307.000,2026-06-24T06:05:07Z,2349,72983,7,K2,HH_2349,1,4,u,true,primary_signal
307.000,2026-06-24T06:05:07Z,2349,72971,9,K2,HH_2349,4,4,u,true,primary_signal
308.000,2026-06-24T06:05:08Z,2349,72983,7,K2,HH_2349,1,3,G,true,primary_signal
308.000,2026-06-24T06:05:08Z,2349,72971,9,K2,HH_2349,4,3,G,true,primary_signal
310.000,2026-06-24T06:05:10Z,2394,71446,1,K7,HH_2394,2,2,y,true,primary_signal
310.000,2026-06-24T06:05:10Z,2394,68006,2,K7,HH_2394,3,2,y,true,primary_signal
311.000,2026-06-24T06:05:11Z,2394,67952,5,K1,HH_2394,0,2,y,true,primary_signal
313.000,2026-06-24T06:05:13Z,2394,71446,1,K7,HH_2394,2,1,r,true,primary_signal
313.000,2026-06-24T06:05:13Z,2394,69184,3,K7,HH_2394,3,1,r,true,primary_signal
314.000,2026-06-24T06:05:14Z,2394,67952,5,K1,HH_2394,0,1,r,true,primary_signal
317.000,2026-06-24T06:05:17Z,2394,68904,8,K4,HH_2394,1,4,u,true,primary_signal
317.000,2026-06-24T06:05:17Z,2394,68841,9,K5,HH_2394,5,4,u,true,primary_signal
318.000,2026-06-24T06:05:18Z,2394,68005,7,K4,HH_2394,1,3,G,true,primary_signal
318.000,2026-06-24T06:05:18Z,2394,68841,9,K5,HH_2394,5,3,G,true,primary_signal
327.000,2026-06-24T06:05:27Z,2349,73039,8,K2,HH_2349,1,2,y,true,primary_signal
327.000,2026-06-24T06:05:27Z,2349,72971,9,K2,HH_2349,4,2,y,true,primary_signal
330.000,2026-06-24T06:05:30Z,2349,73039,8,K2,HH_2349,1,1,r,true,primary_signal
330.000,2026-06-24T06:05:30Z,2349,72971,9,K2,HH_2349,4,1,r,true,primary_signal
332.000,2026-06-24T06:05:32Z,2349,72940,2,K1,HH_2349,0,4,u,true,primary_signal
332.000,2026-06-24T06:05:32Z,2349,72962,4,K4,HH_2349,2,4,u,true,primary_signal
332.000,2026-06-24T06:05:32Z,2349,72946,3,K1,HH_2349,3,4,u,true,primary_signal
332.000,2026-06-24T06:05:32Z,2349,72961,6,K4,HH_2349,5,4,u,true,primary_signal
333.000,2026-06-24T06:05:33Z,2349,72940,2,K1,HH_2349,0,3,G,true,primary_signal
333.000,2026-06-24T06:05:33Z,2349,72962,4,K4,HH_2349,2,3,G,true,primary_signal
333.000,2026-06-24T06:05:33Z,2349,72946,3,K1,HH_2349,3,3,G,true,primary_signal
333.000,2026-06-24T06:05:33Z,2349,72961,6,K4,HH_2349,5,3,G,true,primary_signal
338.000,2026-06-24T06:05:38Z,2394,68005,7,K4,HH_2394,1,2,y,true,primary_signal
338.000,2026-06-24T06:05:38Z,2394,68841,9,K5,HH_2394,5,2,y,true,primary_signal
341.000,2026-06-24T06:05:41Z,2394,68904,8,K4,HH_2394,1,1,r,true,primary_signal
341.000,2026-06-24T06:05:41Z,2394,68841,9,K5,HH_2394,5,1,r,true,primary_signal
343.000,2026-06-24T06:05:43Z,2394,71448,6,K2,HH_2394,4,4,u,true,primary_signal
344.000,2026-06-24T06:05:44Z,2394,71448,6,K2,HH_2394,4,3,G,true,primary_signal
346.000,2026-06-24T06:05:46Z,2394,67952,5,K1,HH_2394,0,4,u,true,primary_signal
347.000,2026-06-24T06:05:47Z,2394,67952,5,K1,HH_2394,0,3,G,true,primary_signal
354.000,2026-06-24T06:05:54Z,2394,71448,6,K2,HH_2394,4,2,y,true,primary_signal
357.000,2026-06-24T06:05:57Z,2394,71448,6,K2,HH_2394,4,1,r,true,primary_signal
363.000,2026-06-24T06:06:03Z,2394,71446,1,K7,HH_2394,2,4,u,true,primary_signal
363.000,2026-06-24T06:06:03Z,2394,69184,3,K7,HH_2394,3,4,u,true,primary_signal
364.000,2026-06-24T06:06:04Z,2394,71446,1,K7,HH_2394,2,3,G,true,primary_signal
364.000,2026-06-24T06:06:04Z,2394,69184,3,K7,HH_2394,3,3,G,true,primary_signal
400.000,2026-06-24T06:06:40Z,2394,71446,1,K7,HH_2394,2,2,y,true,primary_signal
400.000,2026-06-24T06:06:40Z,2394,69184,3,K7,HH_2394,3,2,y,true,primary_signal
401.000,2026-06-24T06:06:41Z,2394,67952,5,K1,HH_2394,0,2,y,true,primary_signal
403.000,2026-06-24T06:06:43Z,2394,71446,1,K7,HH_2394,2,1,r,true,primary_signal
403.000,2026-06-24T06:06:43Z,2394,68006,2,K7,HH_2394,3,1,r,true,primary_signal
404.000,2026-06-24T06:06:44Z,2394,67952,5,K1,HH_2394,0,1,r,true,primary_signal
407.000,2026-06-24T06:06:47Z,2394,68904,8,K4,HH_2394,1,4,u,true,primary_signal
407.000,2026-06-24T06:06:47Z,2394,68841,9,K5,HH_2394,5,4,u,true,primary_signal
408.000,2026-06-24T06:06:48Z,2394,68904,8,K4,HH_2394,1,3,G,true,primary_signal
408.000,2026-06-24T06:06:48Z,2394,68841,9,K5,HH_2394,5,3,G,true,primary_signal
418.000,2026-06-24T06:06:58Z,2349,72940,2,K1,HH_2349,0,2,y,true,primary_signal
418.000,2026-06-24T06:06:58Z,2349,72962,4,K4,HH_2349,2,2,y,true,primary_signal
418.000,2026-06-24T06:06:58Z,2349,72946,3,K1,HH_2349,3,2,y,true,primary_signal
418.000,2026-06-24T06:06:58Z,2349,72961,6,K4,HH_2349,5,2,y,true,primary_signal
421.000,2026-06-24T06:07:01Z,2349,72940,2,K1,HH_2349,0,1,r,true,primary_signal
421.000,2026-06-24T06:07:01Z,2349,72962,4,K4,HH_2349,2,1,r,true,primary_signal
421.000,2026-06-24T06:07:01Z,2349,72946,3,K1,HH_2349,3,1,r,true,primary_signal
421.000,2026-06-24T06:07:01Z,2349,72961,6,K4,HH_2349,5,1,r,true,primary_signal
428.000,2026-06-24T06:07:08Z,2349,72983,7,K2,HH_2349,1,4,u,true,primary_signal
428.000,2026-06-24T06:07:08Z,2349,72971,9,K2,HH_2349,4,4,u,true,primary_signal
428.000,2026-06-24T06:07:08Z,2394,68904,8,K4,HH_2394,1,2,y,true,primary_signal
428.000,2026-06-24T06:07:08Z,2394,68841,9,K5,HH_2394,5,2,y,true,primary_signal
429.000,2026-06-24T06:07:09Z,2349,72983,7,K2,HH_2349,1,3,G,true,primary_signal
429.000,2026-06-24T06:07:09Z,2349,72971,9,K2,HH_2349,4,3,G,true,primary_signal
431.000,2026-06-24T06:07:11Z,2394,68904,8,K4,HH_2394,1,1,r,true,primary_signal
431.000,2026-06-24T06:07:11Z,2394,68841,9,K5,HH_2394,5,1,r,true,primary_signal
433.000,2026-06-24T06:07:13Z,2394,71448,6,K2,HH_2394,4,4,u,true,primary_signal
434.000,2026-06-24T06:07:14Z,2394,71448,6,K2,HH_2394,4,3,G,true,primary_signal
436.000,2026-06-24T06:07:16Z,2394,67952,5,K1,HH_2394,0,4,u,true,primary_signal
437.000,2026-06-24T06:07:17Z,2394,67952,5,K1,HH_2394,0,3,G,true,primary_signal
444.000,2026-06-24T06:07:24Z,2394,71448,6,K2,HH_2394,4,2,y,true,primary_signal
447.000,2026-06-24T06:07:27Z,2394,71448,6,K2,HH_2394,4,1,r,true,primary_signal
448.000,2026-06-24T06:07:28Z,2349,72983,7,K2,HH_2349,1,2,y,true,primary_signal
448.000,2026-06-24T06:07:28Z,2349,72971,9,K2,HH_2349,4,2,y,true,primary_signal
451.000,2026-06-24T06:07:31Z,2349,72983,7,K2,HH_2349,1,1,r,true,primary_signal
451.000,2026-06-24T06:07:31Z,2349,72971,9,K2,HH_2349,4,1,r,true,primary_signal
453.000,2026-06-24T06:07:33Z,2349,72940,2,K1,HH_2349,0,4,u,true,primary_signal
453.000,2026-06-24T06:07:33Z,2349,72962,4,K4,HH_2349,2,4,u,true,primary_signal
453.000,2026-06-24T06:07:33Z,2349,72946,3,K1,HH_2349,3,4,u,true,primary_signal
453.000,2026-06-24T06:07:33Z,2349,72961,6,K4,HH_2349,5,4,u,true,primary_signal
453.000,2026-06-24T06:07:33Z,2394,71446,1,K7,HH_2394,2,4,u,true,primary_signal
453.000,2026-06-24T06:07:33Z,2394,69184,3,K7,HH_2394,3,4,u,true,primary_signal
454.000,2026-06-24T06:07:34Z,2349,72940,2,K1,HH_2349,0,3,G,true,primary_signal
454.000,2026-06-24T06:07:34Z,2349,72962,4,K4,HH_2349,2,3,G,true,primary_signal
454.000,2026-06-24T06:07:34Z,2349,72946,3,K1,HH_2349,3,3,G,true,primary_signal
454.000,2026-06-24T06:07:34Z,2349,72961,6,K4,HH_2349,5,3,G,true,primary_signal
454.000,2026-06-24T06:07:34Z,2394,71446,1,K7,HH_2394,2,3,G,true,primary_signal
454.000,2026-06-24T06:07:34Z,2394,69184,3,K7,HH_2394,3,3,G,true,primary_signal
482.000,2026-06-24T06:08:02Z,2349,72940,2,K1,HH_2349,0,2,y,true,primary_signal
482.000,2026-06-24T06:08:02Z,2349,81474,5,K4,HH_2349,2,2,y,true,primary_signal
482.000,2026-06-24T06:08:02Z,2349,72946,3,K1,HH_2349,3,2,y,true,primary_signal
482.000,2026-06-24T06:08:02Z,2349,72961,6,K4,HH_2349,5,2,y,true,primary_signal
485.000,2026-06-24T06:08:05Z,2349,72940,2,K1,HH_2349,0,1,r,true,primary_signal
485.000,2026-06-24T06:08:05Z,2349,72962,4,K4,HH_2349,2,1,r,true,primary_signal
485.000,2026-06-24T06:08:05Z,2349,72946,3,K1,HH_2349,3,1,r,true,primary_signal
485.000,2026-06-24T06:08:05Z,2349,72961,6,K4,HH_2349,5,1,r,true,primary_signal
492.000,2026-06-24T06:08:12Z,2349,72983,7,K2,HH_2349,1,4,u,true,primary_signal
492.000,2026-06-24T06:08:12Z,2349,72971,9,K2,HH_2349,4,4,u,true,primary_signal
493.000,2026-06-24T06:08:13Z,2349,72983,7,K2,HH_2349,1,3,G,true,primary_signal
493.000,2026-06-24T06:08:13Z,2349,72971,9,K2,HH_2349,4,3,G,true,primary_signal
495.000,2026-06-24T06:08:15Z,2394,71446,1,K7,HH_2394,2,2,y,true,primary_signal
495.000,2026-06-24T06:08:15Z,2394,69184,3,K7,HH_2394,3,2,y,true,primary_signal
496.000,2026-06-24T06:08:16Z,2394,67952,5,K1,HH_2394,0,2,y,true,primary_signal
498.000,2026-06-24T06:08:18Z,2394,71446,1,K7,HH_2394,2,1,r,true,primary_signal
498.000,2026-06-24T06:08:18Z,2394,69184,3,K7,HH_2394,3,1,r,true,primary_signal
499.000,2026-06-24T06:08:19Z,2394,67952,5,K1,HH_2394,0,1,r,true,primary_signal
502.000,2026-06-24T06:08:22Z,2394,68904,8,K4,HH_2394,1,4,u,true,primary_signal
502.000,2026-06-24T06:08:22Z,2394,68841,9,K5,HH_2394,5,4,u,true,primary_signal
503.000,2026-06-24T06:08:23Z,2394,68904,8,K4,HH_2394,1,3,G,true,primary_signal
503.000,2026-06-24T06:08:23Z,2394,68841,9,K5,HH_2394,5,3,G,true,primary_signal
512.000,2026-06-24T06:08:32Z,2349,72983,7,K2,HH_2349,1,2,y,true,primary_signal
512.000,2026-06-24T06:08:32Z,2349,72971,9,K2,HH_2349,4,2,y,true,primary_signal
515.000,2026-06-24T06:08:35Z,2349,72983,7,K2,HH_2349,1,1,r,true,primary_signal
515.000,2026-06-24T06:08:35Z,2349,72971,9,K2,HH_2349,4,1,r,true,primary_signal
517.000,2026-06-24T06:08:37Z,2349,72940,2,K1,HH_2349,0,4,u,true,primary_signal
517.000,2026-06-24T06:08:37Z,2349,81474,5,K4,HH_2349,2,4,u,true,primary_signal
517.000,2026-06-24T06:08:37Z,2349,72946,3,K1,HH_2349,3,4,u,true,primary_signal
517.000,2026-06-24T06:08:37Z,2349,72961,6,K4,HH_2349,5,4,u,true,primary_signal
518.000,2026-06-24T06:08:38Z,2349,72940,2,K1,HH_2349,0,3,G,true,primary_signal
518.000,2026-06-24T06:08:38Z,2349,72962,4,K4,HH_2349,2,3,G,true,primary_signal
518.000,2026-06-24T06:08:38Z,2349,72946,3,K1,HH_2349,3,3,G,true,primary_signal
518.000,2026-06-24T06:08:38Z,2349,72961,6,K4,HH_2349,5,3,G,true,primary_signal
523.000,2026-06-24T06:08:43Z,2394,68904,8,K4,HH_2394,1,2,y,true,primary_signal
523.000,2026-06-24T06:08:43Z,2394,68841,9,K5,HH_2394,5,2,y,true,primary_signal
526.000,2026-06-24T06:08:46Z,2394,68904,8,K4,HH_2394,1,1,r,true,primary_signal
526.000,2026-06-24T06:08:46Z,2394,68841,9,K5,HH_2394,5,1,r,true,primary_signal
528.000,2026-06-24T06:08:48Z,2394,71448,6,K2,HH_2394,4,4,u,true,primary_signal
529.000,2026-06-24T06:08:49Z,2394,71448,6,K2,HH_2394,4,3,G,true,primary_signal
531.000,2026-06-24T06:08:51Z,2394,67952,5,K1,HH_2394,0,4,u,true,primary_signal
532.000,2026-06-24T06:08:52Z,2394,67952,5,K1,HH_2394,0,3,G,true,primary_signal
539.000,2026-06-24T06:08:59Z,2394,71448,6,K2,HH_2394,4,2,y,true,primary_signal
542.000,2026-06-24T06:09:02Z,2394,71448,6,K2,HH_2394,4,1,r,true,primary_signal
548.000,2026-06-24T06:09:08Z,2394,71446,1,K7,HH_2394,2,4,u,true,primary_signal
548.000,2026-06-24T06:09:08Z,2394,69184,3,K7,HH_2394,3,4,u,true,primary_signal
549.000,2026-06-24T06:09:09Z,2394,71446,1,K7,HH_2394,2,3,G,true,primary_signal
549.000,2026-06-24T06:09:09Z,2394,69184,3,K7,HH_2394,3,3,G,true,primary_signal
570.000,2026-06-24T06:09:30Z,2349,81474,5,K4,HH_2349,2,2,y,true,primary_signal
570.000,2026-06-24T06:09:30Z,2349,72961,6,K4,HH_2349,5,2,y,true,primary_signal
571.000,2026-06-24T06:09:31Z,2349,72940,2,K1,HH_2349,0,2,y,true,primary_signal
571.000,2026-06-24T06:09:31Z,2349,72946,3,K1,HH_2349,3,2,y,true,primary_signal
573.000,2026-06-24T06:09:33Z,2349,81474,5,K4,HH_2349,2,1,r,true,primary_signal
573.000,2026-06-24T06:09:33Z,2349,72961,6,K4,HH_2349,5,1,r,true,primary_signal
574.000,2026-06-24T06:09:34Z,2349,72940,2,K1,HH_2349,0,1,r,true,primary_signal
574.000,2026-06-24T06:09:34Z,2349,72946,3,K1,HH_2349,3,1,r,true,primary_signal
581.000,2026-06-24T06:09:41Z,2349,73039,8,K2,HH_2349,1,4,u,true,primary_signal
581.000,2026-06-24T06:09:41Z,2349,72971,9,K2,HH_2349,4,4,u,true,primary_signal
582.000,2026-06-24T06:09:42Z,2349,73039,8,K2,HH_2349,1,3,G,true,primary_signal
582.000,2026-06-24T06:09:42Z,2349,72971,9,K2,HH_2349,4,3,G,true,primary_signal
585.000,2026-06-24T06:09:45Z,2394,71446,1,K7,HH_2394,2,2,y,true,primary_signal
585.000,2026-06-24T06:09:45Z,2394,69184,3,K7,HH_2394,3,2,y,true,primary_signal
586.000,2026-06-24T06:09:46Z,2394,67952,5,K1,HH_2394,0,2,y,true,primary_signal
588.000,2026-06-24T06:09:48Z,2394,71446,1,K7,HH_2394,2,1,r,true,primary_signal
588.000,2026-06-24T06:09:48Z,2394,69184,3,K7,HH_2394,3,1,r,true,primary_signal
589.000,2026-06-24T06:09:49Z,2394,67952,5,K1,HH_2394,0,1,r,true,primary_signal
592.000,2026-06-24T06:09:52Z,2394,68005,7,K4,HH_2394,1,4,u,true,primary_signal
592.000,2026-06-24T06:09:52Z,2394,68841,9,K5,HH_2394,5,4,u,true,primary_signal
593.000,2026-06-24T06:09:53Z,2394,68904,8,K4,HH_2394,1,3,G,true,primary_signal
593.000,2026-06-24T06:09:53Z,2394,68841,9,K5,HH_2394,5,3,G,true,primary_signal
601.000,2026-06-24T06:10:01Z,2349,72983,7,K2,HH_2349,1,2,y,true,primary_signal
601.000,2026-06-24T06:10:01Z,2349,72971,9,K2,HH_2349,4,2,y,true,primary_signal
604.000,2026-06-24T06:10:04Z,2349,72983,7,K2,HH_2349,1,1,r,true,primary_signal
604.000,2026-06-24T06:10:04Z,2349,72971,9,K2,HH_2349,4,1,r,true,primary_signal
606.000,2026-06-24T06:10:06Z,2349,72940,2,K1,HH_2349,0,4,u,true,primary_signal
606.000,2026-06-24T06:10:06Z,2349,81474,5,K4,HH_2349,2,4,u,true,primary_signal
606.000,2026-06-24T06:10:06Z,2349,72946,3,K1,HH_2349,3,4,u,true,primary_signal
606.000,2026-06-24T06:10:06Z,2349,72961,6,K4,HH_2349,5,4,u,true,primary_signal
607.000,2026-06-24T06:10:07Z,2349,72940,2,K1,HH_2349,0,3,G,true,primary_signal
607.000,2026-06-24T06:10:07Z,2349,72962,4,K4,HH_2349,2,3,G,true,primary_signal
607.000,2026-06-24T06:10:07Z,2349,72946,3,K1,HH_2349,3,3,G,true,primary_signal
607.000,2026-06-24T06:10:07Z,2349,72961,6,K4,HH_2349,5,3,G,true,primary_signal
613.000,2026-06-24T06:10:13Z,2394,68904,8,K4,HH_2394,1,2,y,true,primary_signal
613.000,2026-06-24T06:10:13Z,2394,68841,9,K5,HH_2394,5,2,y,true,primary_signal
616.000,2026-06-24T06:10:16Z,2394,68904,8,K4,HH_2394,1,1,r,true,primary_signal
616.000,2026-06-24T06:10:16Z,2394,68841,9,K5,HH_2394,5,1,r,true,primary_signal
618.000,2026-06-24T06:10:18Z,2394,71448,6,K2,HH_2394,4,4,u,true,primary_signal
619.000,2026-06-24T06:10:19Z,2394,71448,6,K2,HH_2394,4,3,G,true,primary_signal
621.000,2026-06-24T06:10:21Z,2394,67952,5,K1,HH_2394,0,4,u,true,primary_signal
622.000,2026-06-24T06:10:22Z,2394,67952,5,K1,HH_2394,0,3,G,true,primary_signal
631.000,2026-06-24T06:10:31Z,2394,71448,6,K2,HH_2394,4,2,y,true,primary_signal
634.000,2026-06-24T06:10:34Z,2394,71448,6,K2,HH_2394,4,1,r,true,primary_signal
640.000,2026-06-24T06:10:40Z,2394,71446,1,K7,HH_2394,2,4,u,true,primary_signal
640.000,2026-06-24T06:10:40Z,2394,69184,3,K7,HH_2394,3,4,u,true,primary_signal
641.000,2026-06-24T06:10:41Z,2394,71446,1,K7,HH_2394,2,3,G,true,primary_signal
641.000,2026-06-24T06:10:41Z,2394,69184,3,K7,HH_2394,3,3,G,true,primary_signal
674.000,2026-06-24T06:11:14Z,2394,71446,1,K7,HH_2394,2,2,y,true,primary_signal
674.000,2026-06-24T06:11:14Z,2394,68006,2,K7,HH_2394,3,2,y,true,primary_signal
675.000,2026-06-24T06:11:15Z,2394,67952,5,K1,HH_2394,0,2,y,true,primary_signal
677.000,2026-06-24T06:11:17Z,2394,71446,1,K7,HH_2394,2,1,r,true,primary_signal
677.000,2026-06-24T06:11:17Z,2394,69184,3,K7,HH_2394,3,1,r,true,primary_signal
678.000,2026-06-24T06:11:18Z,2394,67952,5,K1,HH_2394,0,1,r,true,primary_signal
680.000,2026-06-24T06:11:20Z,2349,72940,2,K1,HH_2349,0,2,y,true,primary_signal
680.000,2026-06-24T06:11:20Z,2349,81474,5,K4,HH_2349,2,2,y,true,primary_signal
680.000,2026-06-24T06:11:20Z,2349,72946,3,K1,HH_2349,3,2,y,true,primary_signal
680.000,2026-06-24T06:11:20Z,2349,72961,6,K4,HH_2349,5,2,y,true,primary_signal
681.000,2026-06-24T06:11:21Z,2394,68904,8,K4,HH_2394,1,4,u,true,primary_signal
681.000,2026-06-24T06:11:21Z,2394,68841,9,K5,HH_2394,5,4,u,true,primary_signal
682.000,2026-06-24T06:11:22Z,2394,68005,7,K4,HH_2394,1,3,G,true,primary_signal
682.000,2026-06-24T06:11:22Z,2394,68841,9,K5,HH_2394,5,3,G,true,primary_signal
683.000,2026-06-24T06:11:23Z,2349,72940,2,K1,HH_2349,0,1,r,true,primary_signal
683.000,2026-06-24T06:11:23Z,2349,81474,5,K4,HH_2349,2,1,r,true,primary_signal
683.000,2026-06-24T06:11:23Z,2349,72946,3,K1,HH_2349,3,1,r,true,primary_signal
683.000,2026-06-24T06:11:23Z,2349,72961,6,K4,HH_2349,5,1,r,true,primary_signal
690.000,2026-06-24T06:11:30Z,2349,72983,7,K2,HH_2349,1,4,u,true,primary_signal
690.000,2026-06-24T06:11:30Z,2349,72971,9,K2,HH_2349,4,4,u,true,primary_signal
691.000,2026-06-24T06:11:31Z,2349,72983,7,K2,HH_2349,1,3,G,true,primary_signal
691.000,2026-06-24T06:11:31Z,2349,72971,9,K2,HH_2349,4,3,G,true,primary_signal
702.000,2026-06-24T06:11:42Z,2394,68005,7,K4,HH_2394,1,2,y,true,primary_signal
702.000,2026-06-24T06:11:42Z,2394,68841,9,K5,HH_2394,5,2,y,true,primary_signal
705.000,2026-06-24T06:11:45Z,2394,68904,8,K4,HH_2394,1,1,r,true,primary_signal
705.000,2026-06-24T06:11:45Z,2394,68841,9,K5,HH_2394,5,1,r,true,primary_signal
707.000,2026-06-24T06:11:47Z,2394,71448,6,K2,HH_2394,4,4,u,true,primary_signal
708.000,2026-06-24T06:11:48Z,2394,71448,6,K2,HH_2394,4,3,G,true,primary_signal
710.000,2026-06-24T06:11:50Z,2349,73039,8,K2,HH_2349,1,2,y,true,primary_signal
710.000,2026-06-24T06:11:50Z,2349,72971,9,K2,HH_2349,4,2,y,true,primary_signal
710.000,2026-06-24T06:11:50Z,2394,67952,5,K1,HH_2394,0,4,u,true,primary_signal
711.000,2026-06-24T06:11:51Z,2394,67952,5,K1,HH_2394,0,3,G,true,primary_signal
713.000,2026-06-24T06:11:53Z,2349,72983,7,K2,HH_2349,1,1,r,true,primary_signal
713.000,2026-06-24T06:11:53Z,2349,72971,9,K2,HH_2349,4,1,r,true,primary_signal
715.000,2026-06-24T06:11:55Z,2349,72940,2,K1,HH_2349,0,4,u,true,primary_signal
715.000,2026-06-24T06:11:55Z,2349,81474,5,K4,HH_2349,2,4,u,true,primary_signal
715.000,2026-06-24T06:11:55Z,2349,72946,3,K1,HH_2349,3,4,u,true,primary_signal
715.000,2026-06-24T06:11:55Z,2349,72961,6,K4,HH_2349,5,4,u,true,primary_signal
716.000,2026-06-24T06:11:56Z,2349,72940,2,K1,HH_2349,0,3,G,true,primary_signal
716.000,2026-06-24T06:11:56Z,2349,81474,5,K4,HH_2349,2,3,G,true,primary_signal
716.000,2026-06-24T06:11:56Z,2349,72946,3,K1,HH_2349,3,3,G,true,primary_signal
716.000,2026-06-24T06:11:56Z,2349,72961,6,K4,HH_2349,5,3,G,true,primary_signal
718.000,2026-06-24T06:11:58Z,2394,71448,6,K2,HH_2394,4,2,y,true,primary_signal
721.000,2026-06-24T06:12:01Z,2394,71448,6,K2,HH_2394,4,1,r,true,primary_signal
727.000,2026-06-24T06:12:07Z,2394,71446,1,K7,HH_2394,2,4,u,true,primary_signal
727.000,2026-06-24T06:12:07Z,2394,69184,3,K7,HH_2394,3,4,u,true,primary_signal
728.000,2026-06-24T06:12:08Z,2394,71446,1,K7,HH_2394,2,3,G,true,primary_signal
728.000,2026-06-24T06:12:08Z,2394,69184,3,K7,HH_2394,3,3,G,true,primary_signal
755.000,2026-06-24T06:12:35Z,2349,72940,2,K1,HH_2349,0,2,y,true,primary_signal
755.000,2026-06-24T06:12:35Z,2349,81474,5,K4,HH_2349,2,2,y,true,primary_signal
755.000,2026-06-24T06:12:35Z,2349,72946,3,K1,HH_2349,3,2,y,true,primary_signal
755.000,2026-06-24T06:12:35Z,2349,72961,6,K4,HH_2349,5,2,y,true,primary_signal
758.000,2026-06-24T06:12:38Z,2349,72940,2,K1,HH_2349,0,1,r,true,primary_signal
758.000,2026-06-24T06:12:38Z,2349,72962,4,K4,HH_2349,2,1,r,true,primary_signal
758.000,2026-06-24T06:12:38Z,2349,72946,3,K1,HH_2349,3,1,r,true,primary_signal
758.000,2026-06-24T06:12:38Z,2349,72961,6,K4,HH_2349,5,1,r,true,primary_signal
765.000,2026-06-24T06:12:45Z,2349,73039,8,K2,HH_2349,1,4,u,true,primary_signal
765.000,2026-06-24T06:12:45Z,2349,72971,9,K2,HH_2349,4,4,u,true,primary_signal
765.000,2026-06-24T06:12:45Z,2394,71446,1,K7,HH_2394,2,2,y,true,primary_signal
765.000,2026-06-24T06:12:45Z,2394,68006,2,K7,HH_2394,3,2,y,true,primary_signal
766.000,2026-06-24T06:12:46Z,2349,73039,8,K2,HH_2349,1,3,G,true,primary_signal
766.000,2026-06-24T06:12:46Z,2349,72971,9,K2,HH_2349,4,3,G,true,primary_signal
766.000,2026-06-24T06:12:46Z,2394,67952,5,K1,HH_2394,0,2,y,true,primary_signal
768.000,2026-06-24T06:12:48Z,2394,71446,1,K7,HH_2394,2,1,r,true,primary_signal
768.000,2026-06-24T06:12:48Z,2394,69184,3,K7,HH_2394,3,1,r,true,primary_signal
769.000,2026-06-24T06:12:49Z,2394,67952,5,K1,HH_2394,0,1,r,true,primary_signal
772.000,2026-06-24T06:12:52Z,2394,68904,8,K4,HH_2394,1,4,u,true,primary_signal
772.000,2026-06-24T06:12:52Z,2394,68841,9,K5,HH_2394,5,4,u,true,primary_signal
773.000,2026-06-24T06:12:53Z,2394,68904,8,K4,HH_2394,1,3,G,true,primary_signal
773.000,2026-06-24T06:12:53Z,2394,68841,9,K5,HH_2394,5,3,G,true,primary_signal
785.000,2026-06-24T06:13:05Z,2349,72983,7,K2,HH_2349,1,2,y,true,primary_signal
785.000,2026-06-24T06:13:05Z,2349,72971,9,K2,HH_2349,4,2,y,true,primary_signal
788.000,2026-06-24T06:13:08Z,2349,72983,7,K2,HH_2349,1,1,r,true,primary_signal
788.000,2026-06-24T06:13:08Z,2349,72971,9,K2,HH_2349,4,1,r,true,primary_signal
790.000,2026-06-24T06:13:10Z,2349,72940,2,K1,HH_2349,0,4,u,true,primary_signal
790.000,2026-06-24T06:13:10Z,2349,72962,4,K4,HH_2349,2,4,u,true,primary_signal
790.000,2026-06-24T06:13:10Z,2349,72946,3,K1,HH_2349,3,4,u,true,primary_signal
790.000,2026-06-24T06:13:10Z,2349,72961,6,K4,HH_2349,5,4,u,true,primary_signal
791.000,2026-06-24T06:13:11Z,2349,72940,2,K1,HH_2349,0,3,G,true,primary_signal
791.000,2026-06-24T06:13:11Z,2349,72962,4,K4,HH_2349,2,3,G,true,primary_signal
791.000,2026-06-24T06:13:11Z,2349,72946,3,K1,HH_2349,3,3,G,true,primary_signal
791.000,2026-06-24T06:13:11Z,2349,72961,6,K4,HH_2349,5,3,G,true,primary_signal
793.000,2026-06-24T06:13:13Z,2394,68904,8,K4,HH_2394,1,2,y,true,primary_signal
793.000,2026-06-24T06:13:13Z,2394,68841,9,K5,HH_2394,5,2,y,true,primary_signal
796.000,2026-06-24T06:13:16Z,2394,68904,8,K4,HH_2394,1,1,r,true,primary_signal
796.000,2026-06-24T06:13:16Z,2394,68841,9,K5,HH_2394,5,1,r,true,primary_signal
798.000,2026-06-24T06:13:18Z,2394,71448,6,K2,HH_2394,4,4,u,true,primary_signal
799.000,2026-06-24T06:13:19Z,2394,71448,6,K2,HH_2394,4,3,G,true,primary_signal
801.000,2026-06-24T06:13:21Z,2394,67952,5,K1,HH_2394,0,4,u,true,primary_signal
802.000,2026-06-24T06:13:22Z,2394,67952,5,K1,HH_2394,0,3,G,true,primary_signal
809.000,2026-06-24T06:13:29Z,2394,71448,6,K2,HH_2394,4,2,y,true,primary_signal
812.000,2026-06-24T06:13:32Z,2394,71448,6,K2,HH_2394,4,1,r,true,primary_signal
818.000,2026-06-24T06:13:38Z,2394,71446,1,K7,HH_2394,2,4,u,true,primary_signal
818.000,2026-06-24T06:13:38Z,2394,69184,3,K7,HH_2394,3,4,u,true,primary_signal
819.000,2026-06-24T06:13:39Z,2394,71446,1,K7,HH_2394,2,3,G,true,primary_signal
819.000,2026-06-24T06:13:39Z,2394,69184,3,K7,HH_2394,3,3,G,true,primary_signal
853.000,2026-06-24T06:14:13Z,2349,81474,5,K4,HH_2349,2,2,y,true,primary_signal
853.000,2026-06-24T06:14:13Z,2349,72961,6,K4,HH_2349,5,2,y,true,primary_signal
854.000,2026-06-24T06:14:14Z,2349,72940,2,K1,HH_2349,0,2,y,true,primary_signal
854.000,2026-06-24T06:14:14Z,2349,72946,3,K1,HH_2349,3,2,y,true,primary_signal
855.000,2026-06-24T06:14:15Z,2394,71446,1,K7,HH_2394,2,2,y,true,primary_signal
855.000,2026-06-24T06:14:15Z,2394,69184,3,K7,HH_2394,3,2,y,true,primary_signal
856.000,2026-06-24T06:14:16Z,2349,81474,5,K4,HH_2349,2,1,r,true,primary_signal
856.000,2026-06-24T06:14:16Z,2349,72961,6,K4,HH_2349,5,1,r,true,primary_signal
856.000,2026-06-24T06:14:16Z,2394,67952,5,K1,HH_2394,0,2,y,true,primary_signal
857.000,2026-06-24T06:14:17Z,2349,72940,2,K1,HH_2349,0,1,r,true,primary_signal
857.000,2026-06-24T06:14:17Z,2349,72946,3,K1,HH_2349,3,1,r,true,primary_signal
858.000,2026-06-24T06:14:18Z,2394,71446,1,K7,HH_2394,2,1,r,true,primary_signal
858.000,2026-06-24T06:14:18Z,2394,68006,2,K7,HH_2394,3,1,r,true,primary_signal
859.000,2026-06-24T06:14:19Z,2394,67952,5,K1,HH_2394,0,1,r,true,primary_signal
862.000,2026-06-24T06:14:22Z,2394,68904,8,K4,HH_2394,1,4,u,true,primary_signal
862.000,2026-06-24T06:14:22Z,2394,68841,9,K5,HH_2394,5,4,u,true,primary_signal
863.000,2026-06-24T06:14:23Z,2394,68904,8,K4,HH_2394,1,3,G,true,primary_signal
863.000,2026-06-24T06:14:23Z,2394,68841,9,K5,HH_2394,5,3,G,true,primary_signal
864.000,2026-06-24T06:14:24Z,2349,72983,7,K2,HH_2349,1,4,u,true,primary_signal
864.000,2026-06-24T06:14:24Z,2349,72971,9,K2,HH_2349,4,4,u,true,primary_signal
865.000,2026-06-24T06:14:25Z,2349,72983,7,K2,HH_2349,1,3,G,true,primary_signal
865.000,2026-06-24T06:14:25Z,2349,72971,9,K2,HH_2349,4,3,G,true,primary_signal
883.000,2026-06-24T06:14:43Z,2394,68904,8,K4,HH_2394,1,2,y,true,primary_signal
883.000,2026-06-24T06:14:43Z,2394,68841,9,K5,HH_2394,5,2,y,true,primary_signal
884.000,2026-06-24T06:14:44Z,2349,72983,7,K2,HH_2349,1,2,y,true,primary_signal
884.000,2026-06-24T06:14:44Z,2349,72971,9,K2,HH_2349,4,2,y,true,primary_signal
886.000,2026-06-24T06:14:46Z,2394,68904,8,K4,HH_2394,1,1,r,true,primary_signal
886.000,2026-06-24T06:14:46Z,2394,68841,9,K5,HH_2394,5,1,r,true,primary_signal
887.000,2026-06-24T06:14:47Z,2349,73039,8,K2,HH_2349,1,1,r,true,primary_signal
887.000,2026-06-24T06:14:47Z,2349,72971,9,K2,HH_2349,4,1,r,true,primary_signal
888.000,2026-06-24T06:14:48Z,2394,71448,6,K2,HH_2394,4,4,u,true,primary_signal
889.000,2026-06-24T06:14:49Z,2349,72940,2,K1,HH_2349,0,4,u,true,primary_signal
889.000,2026-06-24T06:14:49Z,2349,81474,5,K4,HH_2349,2,4,u,true,primary_signal
889.000,2026-06-24T06:14:49Z,2349,72946,3,K1,HH_2349,3,4,u,true,primary_signal
889.000,2026-06-24T06:14:49Z,2349,72961,6,K4,HH_2349,5,4,u,true,primary_signal
889.000,2026-06-24T06:14:49Z,2394,71448,6,K2,HH_2394,4,3,G,true,primary_signal
890.000,2026-06-24T06:14:50Z,2349,72940,2,K1,HH_2349,0,3,G,true,primary_signal
890.000,2026-06-24T06:14:50Z,2349,72962,4,K4,HH_2349,2,3,G,true,primary_signal
890.000,2026-06-24T06:14:50Z,2349,72946,3,K1,HH_2349,3,3,G,true,primary_signal
890.000,2026-06-24T06:14:50Z,2349,72961,6,K4,HH_2349,5,3,G,true,primary_signal
891.000,2026-06-24T06:14:51Z,2394,67952,5,K1,HH_2394,0,4,u,true,primary_signal
892.000,2026-06-24T06:14:52Z,2394,67952,5,K1,HH_2394,0,3,G,true,primary_signal
906.000,2026-06-24T06:15:06Z,2394,71448,6,K2,HH_2394,4,2,y,true,primary_signal
909.000,2026-06-24T06:15:09Z,2394,71448,6,K2,HH_2394,4,1,r,true,primary_signal
915.000,2026-06-24T06:15:15Z,2394,71446,1,K7,HH_2394,2,4,u,true,primary_signal
915.000,2026-06-24T06:15:15Z,2394,69184,3,K7,HH_2394,3,4,u,true,primary_signal
916.000,2026-06-24T06:15:16Z,2394,71446,1,K7,HH_2394,2,3,G,true,primary_signal
916.000,2026-06-24T06:15:16Z,2394,69184,3,K7,HH_2394,3,3,G,true,primary_signal
940.000,2026-06-24T06:15:40Z,2349,72940,2,K1,HH_2349,0,2,y,true,primary_signal
940.000,2026-06-24T06:15:40Z,2349,81474,5,K4,HH_2349,2,2,y,true,primary_signal
940.000,2026-06-24T06:15:40Z,2349,72946,3,K1,HH_2349,3,2,y,true,primary_signal
940.000,2026-06-24T06:15:40Z,2349,72961,6,K4,HH_2349,5,2,y,true,primary_signal
943.000,2026-06-24T06:15:43Z,2349,72940,2,K1,HH_2349,0,1,r,true,primary_signal
943.000,2026-06-24T06:15:43Z,2349,72962,4,K4,HH_2349,2,1,r,true,primary_signal
943.000,2026-06-24T06:15:43Z,2349,72946,3,K1,HH_2349,3,1,r,true,primary_signal
943.000,2026-06-24T06:15:43Z,2349,72961,6,K4,HH_2349,5,1,r,true,primary_signal
945.000,2026-06-24T06:15:45Z,2394,71446,1,K7,HH_2394,2,2,y,true,primary_signal
945.000,2026-06-24T06:15:45Z,2394,69184,3,K7,HH_2394,3,2,y,true,primary_signal
946.000,2026-06-24T06:15:46Z,2394,67952,5,K1,HH_2394,0,2,y,true,primary_signal
948.000,2026-06-24T06:15:48Z,2394,71446,1,K7,HH_2394,2,1,r,true,primary_signal
948.000,2026-06-24T06:15:48Z,2394,69184,3,K7,HH_2394,3,1,r,true,primary_signal
949.000,2026-06-24T06:15:49Z,2394,67952,5,K1,HH_2394,0,1,r,true,primary_signal
950.000,2026-06-24T06:15:50Z,2349,72983,7,K2,HH_2349,1,4,u,true,primary_signal
950.000,2026-06-24T06:15:50Z,2349,72971,9,K2,HH_2349,4,4,u,true,primary_signal
951.000,2026-06-24T06:15:51Z,2349,73039,8,K2,HH_2349,1,3,G,true,primary_signal
951.000,2026-06-24T06:15:51Z,2349,72971,9,K2,HH_2349,4,3,G,true,primary_signal
952.000,2026-06-24T06:15:52Z,2394,68005,7,K4,HH_2394,1,4,u,true,primary_signal
952.000,2026-06-24T06:15:52Z,2394,68841,9,K5,HH_2394,5,4,u,true,primary_signal
953.000,2026-06-24T06:15:53Z,2394,68904,8,K4,HH_2394,1,3,G,true,primary_signal
953.000,2026-06-24T06:15:53Z,2394,68841,9,K5,HH_2394,5,3,G,true,primary_signal
970.000,2026-06-24T06:16:10Z,2349,72983,7,K2,HH_2349,1,2,y,true,primary_signal
970.000,2026-06-24T06:16:10Z,2349,72971,9,K2,HH_2349,4,2,y,true,primary_signal
973.000,2026-06-24T06:16:13Z,2349,73039,8,K2,HH_2349,1,1,r,true,primary_signal
973.000,2026-06-24T06:16:13Z,2349,72971,9,K2,HH_2349,4,1,r,true,primary_signal
973.000,2026-06-24T06:16:13Z,2394,68904,8,K4,HH_2394,1,2,y,true,primary_signal
973.000,2026-06-24T06:16:13Z,2394,68841,9,K5,HH_2394,5,2,y,true,primary_signal
975.000,2026-06-24T06:16:15Z,2349,72940,2,K1,HH_2349,0,4,u,true,primary_signal
975.000,2026-06-24T06:16:15Z,2349,72962,4,K4,HH_2349,2,4,u,true,primary_signal
975.000,2026-06-24T06:16:15Z,2349,72946,3,K1,HH_2349,3,4,u,true,primary_signal
975.000,2026-06-24T06:16:15Z,2349,72961,6,K4,HH_2349,5,4,u,true,primary_signal
976.000,2026-06-24T06:16:16Z,2349,72940,2,K1,HH_2349,0,3,G,true,primary_signal
976.000,2026-06-24T06:16:16Z,2349,81474,5,K4,HH_2349,2,3,G,true,primary_signal
976.000,2026-06-24T06:16:16Z,2349,72946,3,K1,HH_2349,3,3,G,true,primary_signal
976.000,2026-06-24T06:16:16Z,2349,72961,6,K4,HH_2349,5,3,G,true,primary_signal
976.000,2026-06-24T06:16:16Z,2394,68904,8,K4,HH_2394,1,1,r,true,primary_signal
976.000,2026-06-24T06:16:16Z,2394,68841,9,K5,HH_2394,5,1,r,true,primary_signal
978.000,2026-06-24T06:16:18Z,2394,71448,6,K2,HH_2394,4,4,u,true,primary_signal
979.000,2026-06-24T06:16:19Z,2394,71448,6,K2,HH_2394,4,3,G,true,primary_signal
981.000,2026-06-24T06:16:21Z,2394,67952,5,K1,HH_2394,0,4,u,true,primary_signal
982.000,2026-06-24T06:16:22Z,2394,67952,5,K1,HH_2394,0,3,G,true,primary_signal
993.000,2026-06-24T06:16:33Z,2394,71448,6,K2,HH_2394,4,2,y,true,primary_signal
996.000,2026-06-24T06:16:36Z,2394,71448,6,K2,HH_2394,4,1,r,true,primary_signal
1002.000,2026-06-24T06:16:42Z,2394,71446,1,K7,HH_2394,2,4,u,true,primary_signal
1002.000,2026-06-24T06:16:42Z,2394,69184,3,K7,HH_2394,3,4,u,true,primary_signal
1003.000,2026-06-24T06:16:43Z,2394,71446,1,K7,HH_2394,2,3,G,true,primary_signal
1003.000,2026-06-24T06:16:43Z,2394,68006,2,K7,HH_2394,3,3,G,true,primary_signal
1016.000,2026-06-24T06:16:56Z,2349,81474,5,K4,HH_2349,2,2,y,true,primary_signal
1016.000,2026-06-24T06:16:56Z,2349,72961,6,K4,HH_2349,5,2,y,true,primary_signal
1017.000,2026-06-24T06:16:57Z,2349,72940,2,K1,HH_2349,0,2,y,true,primary_signal
1017.000,2026-06-24T06:16:57Z,2349,72946,3,K1,HH_2349,3,2,y,true,primary_signal
1019.000,2026-06-24T06:16:59Z,2349,72962,4,K4,HH_2349,2,1,r,true,primary_signal
1019.000,2026-06-24T06:16:59Z,2349,72961,6,K4,HH_2349,5,1,r,true,primary_signal
1020.000,2026-06-24T06:17:00Z,2349,72940,2,K1,HH_2349,0,1,r,true,primary_signal
1020.000,2026-06-24T06:17:00Z,2349,72946,3,K1,HH_2349,3,1,r,true,primary_signal
1027.000,2026-06-24T06:17:07Z,2349,73039,8,K2,HH_2349,1,4,u,true,primary_signal
1027.000,2026-06-24T06:17:07Z,2349,72971,9,K2,HH_2349,4,4,u,true,primary_signal
1028.000,2026-06-24T06:17:08Z,2349,73039,8,K2,HH_2349,1,3,G,true,primary_signal
1028.000,2026-06-24T06:17:08Z,2349,72971,9,K2,HH_2349,4,3,G,true,primary_signal
1035.000,2026-06-24T06:17:15Z,2394,71446,1,K7,HH_2394,2,2,y,true,primary_signal
1035.000,2026-06-24T06:17:15Z,2394,68006,2,K7,HH_2394,3,2,y,true,primary_signal
1036.000,2026-06-24T06:17:16Z,2394,67952,5,K1,HH_2394,0,2,y,true,primary_signal
1038.000,2026-06-24T06:17:18Z,2394,71446,1,K7,HH_2394,2,1,r,true,primary_signal
1038.000,2026-06-24T06:17:18Z,2394,69184,3,K7,HH_2394,3,1,r,true,primary_signal
1039.000,2026-06-24T06:17:19Z,2394,67952,5,K1,HH_2394,0,1,r,true,primary_signal
1042.000,2026-06-24T06:17:22Z,2394,68005,7,K4,HH_2394,1,4,u,true,primary_signal
1042.000,2026-06-24T06:17:22Z,2394,68841,9,K5,HH_2394,5,4,u,true,primary_signal
1043.000,2026-06-24T06:17:23Z,2394,68904,8,K4,HH_2394,1,3,G,true,primary_signal
1043.000,2026-06-24T06:17:23Z,2394,68841,9,K5,HH_2394,5,3,G,true,primary_signal
1047.000,2026-06-24T06:17:27Z,2349,72983,7,K2,HH_2349,1,2,y,true,primary_signal
1047.000,2026-06-24T06:17:27Z,2349,72971,9,K2,HH_2349,4,2,y,true,primary_signal
1050.000,2026-06-24T06:17:30Z,2349,72983,7,K2,HH_2349,1,1,r,true,primary_signal
1050.000,2026-06-24T06:17:30Z,2349,72971,9,K2,HH_2349,4,1,r,true,primary_signal
1052.000,2026-06-24T06:17:32Z,2349,72940,2,K1,HH_2349,0,4,u,true,primary_signal
1052.000,2026-06-24T06:17:32Z,2349,81474,5,K4,HH_2349,2,4,u,true,primary_signal
1052.000,2026-06-24T06:17:32Z,2349,72946,3,K1,HH_2349,3,4,u,true,primary_signal
1052.000,2026-06-24T06:17:32Z,2349,72961,6,K4,HH_2349,5,4,u,true,primary_signal
1053.000,2026-06-24T06:17:33Z,2349,72940,2,K1,HH_2349,0,3,G,true,primary_signal
1053.000,2026-06-24T06:17:33Z,2349,72962,4,K4,HH_2349,2,3,G,true,primary_signal
1053.000,2026-06-24T06:17:33Z,2349,72946,3,K1,HH_2349,3,3,G,true,primary_signal
1053.000,2026-06-24T06:17:33Z,2349,72961,6,K4,HH_2349,5,3,G,true,primary_signal
1063.000,2026-06-24T06:17:43Z,2394,68904,8,K4,HH_2394,1,2,y,true,primary_signal
1063.000,2026-06-24T06:17:43Z,2394,68841,9,K5,HH_2394,5,2,y,true,primary_signal
1066.000,2026-06-24T06:17:46Z,2394,68904,8,K4,HH_2394,1,1,r,true,primary_signal
1066.000,2026-06-24T06:17:46Z,2394,68841,9,K5,HH_2394,5,1,r,true,primary_signal
1068.000,2026-06-24T06:17:48Z,2394,71448,6,K2,HH_2394,4,4,u,true,primary_signal
1069.000,2026-06-24T06:17:49Z,2394,71448,6,K2,HH_2394,4,3,G,true,primary_signal
1071.000,2026-06-24T06:17:51Z,2394,67952,5,K1,HH_2394,0,4,u,true,primary_signal
1072.000,2026-06-24T06:17:52Z,2394,67952,5,K1,HH_2394,0,3,G,true,primary_signal
1079.000,2026-06-24T06:17:59Z,2394,71448,6,K2,HH_2394,4,2,y,true,primary_signal
1082.000,2026-06-24T06:18:02Z,2394,71448,6,K2,HH_2394,4,1,r,true,primary_signal
1088.000,2026-06-24T06:18:08Z,2394,71446,1,K7,HH_2394,2,4,u,true,primary_signal
1088.000,2026-06-24T06:18:08Z,2394,69184,3,K7,HH_2394,3,4,u,true,primary_signal
1089.000,2026-06-24T06:18:09Z,2394,71446,1,K7,HH_2394,2,3,G,true,primary_signal
1089.000,2026-06-24T06:18:09Z,2394,69184,3,K7,HH_2394,3,3,G,true,primary_signal
1107.000,2026-06-24T06:18:27Z,2349,81474,5,K4,HH_2349,2,2,y,true,primary_signal
1107.000,2026-06-24T06:18:27Z,2349,72961,6,K4,HH_2349,5,2,y,true,primary_signal
1108.000,2026-06-24T06:18:28Z,2349,72940,2,K1,HH_2349,0,2,y,true,primary_signal
1108.000,2026-06-24T06:18:28Z,2349,72946,3,K1,HH_2349,3,2,y,true,primary_signal
1110.000,2026-06-24T06:18:30Z,2349,81474,5,K4,HH_2349,2,1,r,true,primary_signal
1110.000,2026-06-24T06:18:30Z,2349,72961,6,K4,HH_2349,5,1,r,true,primary_signal
1111.000,2026-06-24T06:18:31Z,2349,72940,2,K1,HH_2349,0,1,r,true,primary_signal
1111.000,2026-06-24T06:18:31Z,2349,72946,3,K1,HH_2349,3,1,r,true,primary_signal
1118.000,2026-06-24T06:18:38Z,2349,72983,7,K2,HH_2349,1,4,u,true,primary_signal
1118.000,2026-06-24T06:18:38Z,2349,72971,9,K2,HH_2349,4,4,u,true,primary_signal
1119.000,2026-06-24T06:18:39Z,2349,72983,7,K2,HH_2349,1,3,G,true,primary_signal
1119.000,2026-06-24T06:18:39Z,2349,72971,9,K2,HH_2349,4,3,G,true,primary_signal
1122.000,2026-06-24T06:18:42Z,2394,71446,1,K7,HH_2394,2,2,y,true,primary_signal
1122.000,2026-06-24T06:18:42Z,2394,69184,3,K7,HH_2394,3,2,y,true,primary_signal
1123.000,2026-06-24T06:18:43Z,2394,67952,5,K1,HH_2394,0,2,y,true,primary_signal
1125.000,2026-06-24T06:18:45Z,2394,71446,1,K7,HH_2394,2,1,r,true,primary_signal
1125.000,2026-06-24T06:18:45Z,2394,69184,3,K7,HH_2394,3,1,r,true,primary_signal
1126.000,2026-06-24T06:18:46Z,2394,67952,5,K1,HH_2394,0,1,r,true,primary_signal
1129.000,2026-06-24T06:18:49Z,2394,68005,7,K4,HH_2394,1,4,u,true,primary_signal
1129.000,2026-06-24T06:18:49Z,2394,68841,9,K5,HH_2394,5,4,u,true,primary_signal
1130.000,2026-06-24T06:18:50Z,2394,68005,7,K4,HH_2394,1,3,G,true,primary_signal
1130.000,2026-06-24T06:18:50Z,2394,68841,9,K5,HH_2394,5,3,G,true,primary_signal
1139.000,2026-06-24T06:18:59Z,2349,72983,7,K2,HH_2349,1,2,y,true,primary_signal
1139.000,2026-06-24T06:18:59Z,2349,72971,9,K2,HH_2349,4,2,y,true,primary_signal
1142.000,2026-06-24T06:19:02Z,2349,72983,7,K2,HH_2349,1,1,r,true,primary_signal
1142.000,2026-06-24T06:19:02Z,2349,72971,9,K2,HH_2349,4,1,r,true,primary_signal
1144.000,2026-06-24T06:19:04Z,2349,72940,2,K1,HH_2349,0,4,u,true,primary_signal
1144.000,2026-06-24T06:19:04Z,2349,81474,5,K4,HH_2349,2,4,u,true,primary_signal
1144.000,2026-06-24T06:19:04Z,2349,72946,3,K1,HH_2349,3,4,u,true,primary_signal
1144.000,2026-06-24T06:19:04Z,2349,72961,6,K4,HH_2349,5,4,u,true,primary_signal
1145.000,2026-06-24T06:19:05Z,2349,72940,2,K1,HH_2349,0,3,G,true,primary_signal
1145.000,2026-06-24T06:19:05Z,2349,72962,4,K4,HH_2349,2,3,G,true,primary_signal
1145.000,2026-06-24T06:19:05Z,2349,72946,3,K1,HH_2349,3,3,G,true,primary_signal
1145.000,2026-06-24T06:19:05Z,2349,72961,6,K4,HH_2349,5,3,G,true,primary_signal
1150.000,2026-06-24T06:19:10Z,2394,68904,8,K4,HH_2394,1,2,y,true,primary_signal
1150.000,2026-06-24T06:19:10Z,2394,68841,9,K5,HH_2394,5,2,y,true,primary_signal
1153.000,2026-06-24T06:19:13Z,2394,68904,8,K4,HH_2394,1,1,r,true,primary_signal
1153.000,2026-06-24T06:19:13Z,2394,68841,9,K5,HH_2394,5,1,r,true,primary_signal
1155.000,2026-06-24T06:19:15Z,2394,71448,6,K2,HH_2394,4,4,u,true,primary_signal
1156.000,2026-06-24T06:19:16Z,2394,71448,6,K2,HH_2394,4,3,G,true,primary_signal
1158.000,2026-06-24T06:19:18Z,2394,67952,5,K1,HH_2394,0,4,u,true,primary_signal
1159.000,2026-06-24T06:19:19Z,2394,67952,5,K1,HH_2394,0,3,G,true,primary_signal
1166.000,2026-06-24T06:19:26Z,2394,71448,6,K2,HH_2394,4,2,y,true,primary_signal
1169.000,2026-06-24T06:19:29Z,2394,71448,6,K2,HH_2394,4,1,r,true,primary_signal
1175.000,2026-06-24T06:19:35Z,2394,71446,1,K7,HH_2394,2,4,u,true,primary_signal
1175.000,2026-06-24T06:19:35Z,2394,69184,3,K7,HH_2394,3,4,u,true,primary_signal
1176.000,2026-06-24T06:19:36Z,2394,71446,1,K7,HH_2394,2,3,G,true,primary_signal
1176.000,2026-06-24T06:19:36Z,2394,69184,3,K7,HH_2394,3,3,G,true,primary_signal
1204.000,2026-06-24T06:20:04Z,2349,72962,4,K4,HH_2349,2,2,y,true,primary_signal
1204.000,2026-06-24T06:20:04Z,2349,72961,6,K4,HH_2349,5,2,y,true,primary_signal
1205.000,2026-06-24T06:20:05Z,2349,72940,2,K1,HH_2349,0,2,y,true,primary_signal
1205.000,2026-06-24T06:20:05Z,2349,72946,3,K1,HH_2349,3,2,y,true,primary_signal
1207.000,2026-06-24T06:20:07Z,2349,81474,5,K4,HH_2349,2,1,r,true,primary_signal
1207.000,2026-06-24T06:20:07Z,2349,72961,6,K4,HH_2349,5,1,r,true,primary_signal
1208.000,2026-06-24T06:20:08Z,2349,72940,2,K1,HH_2349,0,1,r,true,primary_signal
1208.000,2026-06-24T06:20:08Z,2349,72946,3,K1,HH_2349,3,1,r,true,primary_signal
1215.000,2026-06-24T06:20:15Z,2349,72983,7,K2,HH_2349,1,4,u,true,primary_signal
1215.000,2026-06-24T06:20:15Z,2349,72971,9,K2,HH_2349,4,4,u,true,primary_signal
1215.000,2026-06-24T06:20:15Z,2394,71446,1,K7,HH_2394,2,2,y,true,primary_signal
1215.000,2026-06-24T06:20:15Z,2394,69184,3,K7,HH_2394,3,2,y,true,primary_signal
1216.000,2026-06-24T06:20:16Z,2349,72983,7,K2,HH_2349,1,3,G,true,primary_signal
1216.000,2026-06-24T06:20:16Z,2349,72971,9,K2,HH_2349,4,3,G,true,primary_signal
1216.000,2026-06-24T06:20:16Z,2394,67952,5,K1,HH_2394,0,2,y,true,primary_signal
1218.000,2026-06-24T06:20:18Z,2394,71446,1,K7,HH_2394,2,1,r,true,primary_signal
1218.000,2026-06-24T06:20:18Z,2394,69184,3,K7,HH_2394,3,1,r,true,primary_signal
1219.000,2026-06-24T06:20:19Z,2394,67952,5,K1,HH_2394,0,1,r,true,primary_signal
1222.000,2026-06-24T06:20:22Z,2394,68904,8,K4,HH_2394,1,4,u,true,primary_signal
1222.000,2026-06-24T06:20:22Z,2394,68841,9,K5,HH_2394,5,4,u,true,primary_signal
1223.000,2026-06-24T06:20:23Z,2394,68904,8,K4,HH_2394,1,3,G,true,primary_signal
1223.000,2026-06-24T06:20:23Z,2394,68841,9,K5,HH_2394,5,3,G,true,primary_signal
1235.000,2026-06-24T06:20:35Z,2349,72983,7,K2,HH_2349,1,2,y,true,primary_signal
1235.000,2026-06-24T06:20:35Z,2349,72971,9,K2,HH_2349,4,2,y,true,primary_signal
1238.000,2026-06-24T06:20:38Z,2349,72983,7,K2,HH_2349,1,1,r,true,primary_signal
1238.000,2026-06-24T06:20:38Z,2349,72971,9,K2,HH_2349,4,1,r,true,primary_signal
1240.000,2026-06-24T06:20:40Z,2349,72940,2,K1,HH_2349,0,4,u,true,primary_signal
1240.000,2026-06-24T06:20:40Z,2349,81474,5,K4,HH_2349,2,4,u,true,primary_signal
1240.000,2026-06-24T06:20:40Z,2349,72946,3,K1,HH_2349,3,4,u,true,primary_signal
1240.000,2026-06-24T06:20:40Z,2349,72961,6,K4,HH_2349,5,4,u,true,primary_signal
1241.000,2026-06-24T06:20:41Z,2349,72940,2,K1,HH_2349,0,3,G,true,primary_signal
1241.000,2026-06-24T06:20:41Z,2349,81474,5,K4,HH_2349,2,3,G,true,primary_signal
1241.000,2026-06-24T06:20:41Z,2349,72946,3,K1,HH_2349,3,3,G,true,primary_signal
1241.000,2026-06-24T06:20:41Z,2349,72961,6,K4,HH_2349,5,3,G,true,primary_signal
1243.000,2026-06-24T06:20:43Z,2394,68904,8,K4,HH_2394,1,2,y,true,primary_signal
1243.000,2026-06-24T06:20:43Z,2394,68841,9,K5,HH_2394,5,2,y,true,primary_signal
1246.000,2026-06-24T06:20:46Z,2394,68904,8,K4,HH_2394,1,1,r,true,primary_signal
1246.000,2026-06-24T06:20:46Z,2394,68841,9,K5,HH_2394,5,1,r,true,primary_signal
1248.000,2026-06-24T06:20:48Z,2394,71448,6,K2,HH_2394,4,4,u,true,primary_signal
1249.000,2026-06-24T06:20:49Z,2394,71448,6,K2,HH_2394,4,3,G,true,primary_signal
1251.000,2026-06-24T06:20:51Z,2394,67952,5,K1,HH_2394,0,4,u,true,primary_signal
1252.000,2026-06-24T06:20:52Z,2394,67952,5,K1,HH_2394,0,3,G,true,primary_signal
1259.000,2026-06-24T06:20:59Z,2394,71448,6,K2,HH_2394,4,2,y,true,primary_signal
1262.000,2026-06-24T06:21:02Z,2394,71448,6,K2,HH_2394,4,1,r,true,primary_signal
1268.000,2026-06-24T06:21:08Z,2394,71446,1,K7,HH_2394,2,4,u,true,primary_signal
1268.000,2026-06-24T06:21:08Z,2394,69184,3,K7,HH_2394,3,4,u,true,primary_signal
1269.000,2026-06-24T06:21:09Z,2394,71446,1,K7,HH_2394,2,3,G,true,primary_signal
1269.000,2026-06-24T06:21:09Z,2394,69184,3,K7,HH_2394,3,3,G,true,primary_signal
1287.000,2026-06-24T06:21:27Z,2349,81474,5,K4,HH_2349,2,2,y,true,primary_signal
1287.000,2026-06-24T06:21:27Z,2349,72961,6,K4,HH_2349,5,2,y,true,primary_signal
1288.000,2026-06-24T06:21:28Z,2349,72940,2,K1,HH_2349,0,2,y,true,primary_signal
1288.000,2026-06-24T06:21:28Z,2349,72946,3,K1,HH_2349,3,2,y,true,primary_signal
1290.000,2026-06-24T06:21:30Z,2349,72962,4,K4,HH_2349,2,1,r,true,primary_signal
1290.000,2026-06-24T06:21:30Z,2349,72961,6,K4,HH_2349,5,1,r,true,primary_signal
1291.000,2026-06-24T06:21:31Z,2349,72940,2,K1,HH_2349,0,1,r,true,primary_signal
1291.000,2026-06-24T06:21:31Z,2349,72946,3,K1,HH_2349,3,1,r,true,primary_signal
1298.000,2026-06-24T06:21:38Z,2349,72983,7,K2,HH_2349,1,4,u,true,primary_signal
1298.000,2026-06-24T06:21:38Z,2349,72971,9,K2,HH_2349,4,4,u,true,primary_signal
1299.000,2026-06-24T06:21:39Z,2349,72983,7,K2,HH_2349,1,3,G,true,primary_signal
1299.000,2026-06-24T06:21:39Z,2349,72971,9,K2,HH_2349,4,3,G,true,primary_signal
1300.000,2026-06-24T06:21:40Z,2394,71446,1,K7,HH_2394,2,2,y,true,primary_signal
1300.000,2026-06-24T06:21:40Z,2394,69184,3,K7,HH_2394,3,2,y,true,primary_signal
1303.000,2026-06-24T06:21:43Z,2394,71446,1,K7,HH_2394,2,1,r,true,primary_signal
1303.000,2026-06-24T06:21:43Z,2394,69184,3,K7,HH_2394,3,1,r,true,primary_signal
1306.000,2026-06-24T06:21:46Z,2394,71448,6,K2,HH_2394,4,3,G,true,primary_signal
1318.000,2026-06-24T06:21:58Z,2349,72983,7,K2,HH_2349,1,2,y,true,primary_signal
1318.000,2026-06-24T06:21:58Z,2349,72971,9,K2,HH_2349,4,2,y,true,primary_signal
1319.000,2026-06-24T06:21:59Z,2394,67952,5,K1,HH_2394,0,2,y,true,primary_signal
1319.000,2026-06-24T06:21:59Z,2394,71448,6,K2,HH_2394,4,2,y,true,primary_signal
1321.000,2026-06-24T06:22:01Z,2349,72983,7,K2,HH_2349,1,1,r,true,primary_signal
1321.000,2026-06-24T06:22:01Z,2349,72971,9,K2,HH_2349,4,1,r,true,primary_signal
1322.000,2026-06-24T06:22:02Z,2394,67952,5,K1,HH_2394,0,1,r,true,primary_signal
1322.000,2026-06-24T06:22:02Z,2394,71448,6,K2,HH_2394,4,1,r,true,primary_signal
1323.000,2026-06-24T06:22:03Z,2349,72940,2,K1,HH_2349,0,4,u,true,primary_signal
1323.000,2026-06-24T06:22:03Z,2349,81474,5,K4,HH_2349,2,4,u,true,primary_signal
1323.000,2026-06-24T06:22:03Z,2349,72946,3,K1,HH_2349,3,4,u,true,primary_signal
1323.000,2026-06-24T06:22:03Z,2349,72961,6,K4,HH_2349,5,4,u,true,primary_signal
1324.000,2026-06-24T06:22:04Z,2349,72940,2,K1,HH_2349,0,3,G,true,primary_signal
1324.000,2026-06-24T06:22:04Z,2349,72962,4,K4,HH_2349,2,3,G,true,primary_signal
1324.000,2026-06-24T06:22:04Z,2349,72946,3,K1,HH_2349,3,3,G,true,primary_signal
1324.000,2026-06-24T06:22:04Z,2349,72961,6,K4,HH_2349,5,3,G,true,primary_signal
1325.000,2026-06-24T06:22:05Z,2394,68904,8,K4,HH_2394,1,4,u,true,primary_signal
1325.000,2026-06-24T06:22:05Z,2394,68841,9,K5,HH_2394,5,4,u,true,primary_signal
1326.000,2026-06-24T06:22:06Z,2394,68005,7,K4,HH_2394,1,3,G,true,primary_signal
1326.000,2026-06-24T06:22:06Z,2394,68841,9,K5,HH_2394,5,3,G,true,primary_signal
1346.000,2026-06-24T06:22:26Z,2394,68904,8,K4,HH_2394,1,2,y,true,primary_signal
1346.000,2026-06-24T06:22:26Z,2394,68841,9,K5,HH_2394,5,2,y,true,primary_signal
1349.000,2026-06-24T06:22:29Z,2394,68904,8,K4,HH_2394,1,1,r,true,primary_signal
1349.000,2026-06-24T06:22:29Z,2394,68841,9,K5,HH_2394,5,1,r,true,primary_signal
1352.000,2026-06-24T06:22:32Z,2394,71446,1,K7,HH_2394,2,4,u,true,primary_signal
1352.000,2026-06-24T06:22:32Z,2394,69184,3,K7,HH_2394,3,4,u,true,primary_signal
1353.000,2026-06-24T06:22:33Z,2394,71446,1,K7,HH_2394,2,3,G,true,primary_signal
1353.000,2026-06-24T06:22:33Z,2394,69184,3,K7,HH_2394,3,3,G,true,primary_signal
1354.000,2026-06-24T06:22:34Z,2394,67952,5,K1,HH_2394,0,4,u,true,primary_signal
1355.000,2026-06-24T06:22:35Z,2394,67952,5,K1,HH_2394,0,3,G,true,primary_signal
1390.000,2026-06-24T06:23:10Z,2394,71446,1,K7,HH_2394,2,2,y,true,primary_signal
1390.000,2026-06-24T06:23:10Z,2394,69184,3,K7,HH_2394,3,2,y,true,primary_signal
1393.000,2026-06-24T06:23:13Z,2394,71446,1,K7,HH_2394,2,1,r,true,primary_signal
1393.000,2026-06-24T06:23:13Z,2394,69184,3,K7,HH_2394,3,1,r,true,primary_signal
1396.000,2026-06-24T06:23:16Z,2349,72940,2,K1,HH_2349,0,2,y,true,primary_signal
1396.000,2026-06-24T06:23:16Z,2349,81474,5,K4,HH_2349,2,2,y,true,primary_signal
1396.000,2026-06-24T06:23:16Z,2349,72946,3,K1,HH_2349,3,2,y,true,primary_signal
1396.000,2026-06-24T06:23:16Z,2349,72961,6,K4,HH_2349,5,2,y,true,primary_signal
1396.000,2026-06-24T06:23:16Z,2394,71448,6,K2,HH_2394,4,4,u,true,primary_signal
1397.000,2026-06-24T06:23:17Z,2394,71448,6,K2,HH_2394,4,3,G,true,primary_signal
1399.000,2026-06-24T06:23:19Z,2349,72940,2,K1,HH_2349,0,1,r,true,primary_signal
1399.000,2026-06-24T06:23:19Z,2349,72962,4,K4,HH_2349,2,1,r,true,primary_signal
1399.000,2026-06-24T06:23:19Z,2349,72946,3,K1,HH_2349,3,1,r,true,primary_signal
1399.000,2026-06-24T06:23:19Z,2349,72961,6,K4,HH_2349,5,1,r,true,primary_signal
1406.000,2026-06-24T06:23:26Z,2349,72983,7,K2,HH_2349,1,4,u,true,primary_signal
1406.000,2026-06-24T06:23:26Z,2349,72971,9,K2,HH_2349,4,4,u,true,primary_signal
1407.000,2026-06-24T06:23:27Z,2349,72983,7,K2,HH_2349,1,3,G,true,primary_signal
1407.000,2026-06-24T06:23:27Z,2349,72971,9,K2,HH_2349,4,3,G,true,primary_signal
1407.000,2026-06-24T06:23:27Z,2394,71448,6,K2,HH_2394,4,2,y,true,primary_signal
1410.000,2026-06-24T06:23:30Z,2394,71448,6,K2,HH_2394,4,1,r,true,primary_signal
1416.000,2026-06-24T06:23:36Z,2394,71446,1,K7,HH_2394,2,4,u,true,primary_signal
1416.000,2026-06-24T06:23:36Z,2394,69184,3,K7,HH_2394,3,4,u,true,primary_signal
1417.000,2026-06-24T06:23:37Z,2394,71446,1,K7,HH_2394,2,3,G,true,primary_signal
1417.000,2026-06-24T06:23:37Z,2394,69184,3,K7,HH_2394,3,3,G,true,primary_signal
1426.000,2026-06-24T06:23:46Z,2349,72983,7,K2,HH_2349,1,2,y,true,primary_signal
1426.000,2026-06-24T06:23:46Z,2349,72971,9,K2,HH_2349,4,2,y,true,primary_signal
1429.000,2026-06-24T06:23:49Z,2349,72983,7,K2,HH_2349,1,1,r,true,primary_signal
1429.000,2026-06-24T06:23:49Z,2349,72971,9,K2,HH_2349,4,1,r,true,primary_signal
1431.000,2026-06-24T06:23:51Z,2349,72940,2,K1,HH_2349,0,4,u,true,primary_signal
1431.000,2026-06-24T06:23:51Z,2349,72962,4,K4,HH_2349,2,4,u,true,primary_signal
1431.000,2026-06-24T06:23:51Z,2349,72946,3,K1,HH_2349,3,4,u,true,primary_signal
1431.000,2026-06-24T06:23:51Z,2349,72961,6,K4,HH_2349,5,4,u,true,primary_signal
1432.000,2026-06-24T06:23:52Z,2349,72940,2,K1,HH_2349,0,3,G,true,primary_signal
1432.000,2026-06-24T06:23:52Z,2349,81474,5,K4,HH_2349,2,3,G,true,primary_signal
1432.000,2026-06-24T06:23:52Z,2349,72946,3,K1,HH_2349,3,3,G,true,primary_signal
1432.000,2026-06-24T06:23:52Z,2349,72961,6,K4,HH_2349,5,3,G,true,primary_signal
1466.000,2026-06-24T06:24:26Z,2349,72962,4,K4,HH_2349,2,2,y,true,primary_signal
1466.000,2026-06-24T06:24:26Z,2349,72961,6,K4,HH_2349,5,2,y,true,primary_signal
1467.000,2026-06-24T06:24:27Z,2349,72940,2,K1,HH_2349,0,2,y,true,primary_signal
1467.000,2026-06-24T06:24:27Z,2349,72946,3,K1,HH_2349,3,2,y,true,primary_signal
1469.000,2026-06-24T06:24:29Z,2349,72962,4,K4,HH_2349,2,1,r,true,primary_signal
1469.000,2026-06-24T06:24:29Z,2349,72961,6,K4,HH_2349,5,1,r,true,primary_signal
1470.000,2026-06-24T06:24:30Z,2349,72940,2,K1,HH_2349,0,1,r,true,primary_signal
1470.000,2026-06-24T06:24:30Z,2349,72946,3,K1,HH_2349,3,1,r,true,primary_signal
1477.000,2026-06-24T06:24:37Z,2349,73039,8,K2,HH_2349,1,4,u,true,primary_signal
1477.000,2026-06-24T06:24:37Z,2349,72971,9,K2,HH_2349,4,4,u,true,primary_signal
1478.000,2026-06-24T06:24:38Z,2349,73039,8,K2,HH_2349,1,3,G,true,primary_signal
1478.000,2026-06-24T06:24:38Z,2349,72971,9,K2,HH_2349,4,3,G,true,primary_signal
1485.000,2026-06-24T06:24:45Z,2394,71446,1,K7,HH_2394,2,2,y,true,primary_signal
1485.000,2026-06-24T06:24:45Z,2394,69184,3,K7,HH_2394,3,2,y,true,primary_signal
1486.000,2026-06-24T06:24:46Z,2394,67952,5,K1,HH_2394,0,2,y,true,primary_signal
1488.000,2026-06-24T06:24:48Z,2394,71446,1,K7,HH_2394,2,1,r,true,primary_signal
1488.000,2026-06-24T06:24:48Z,2394,69184,3,K7,HH_2394,3,1,r,true,primary_signal
1489.000,2026-06-24T06:24:49Z,2394,67952,5,K1,HH_2394,0,1,r,true,primary_signal
1492.000,2026-06-24T06:24:52Z,2394,68904,8,K4,HH_2394,1,4,u,true,primary_signal
1492.000,2026-06-24T06:24:52Z,2394,68841,9,K5,HH_2394,5,4,u,true,primary_signal
1493.000,2026-06-24T06:24:53Z,2394,68005,7,K4,HH_2394,1,3,G,true,primary_signal
1493.000,2026-06-24T06:24:53Z,2394,68841,9,K5,HH_2394,5,3,G,true,primary_signal
1497.000,2026-06-24T06:24:57Z,2349,72983,7,K2,HH_2349,1,2,y,true,primary_signal
1497.000,2026-06-24T06:24:57Z,2349,72971,9,K2,HH_2349,4,2,y,true,primary_signal
1500.000,2026-06-24T06:25:00Z,2349,72983,7,K2,HH_2349,1,1,r,true,primary_signal
1500.000,2026-06-24T06:25:00Z,2349,72971,9,K2,HH_2349,4,1,r,true,primary_signal
1502.000,2026-06-24T06:25:02Z,2349,72940,2,K1,HH_2349,0,4,u,true,primary_signal
1502.000,2026-06-24T06:25:02Z,2349,72962,4,K4,HH_2349,2,4,u,true,primary_signal
1502.000,2026-06-24T06:25:02Z,2349,72946,3,K1,HH_2349,3,4,u,true,primary_signal
1502.000,2026-06-24T06:25:02Z,2349,72961,6,K4,HH_2349,5,4,u,true,primary_signal
1503.000,2026-06-24T06:25:03Z,2349,72940,2,K1,HH_2349,0,3,G,true,primary_signal
1503.000,2026-06-24T06:25:03Z,2349,72962,4,K4,HH_2349,2,3,G,true,primary_signal
1503.000,2026-06-24T06:25:03Z,2349,72946,3,K1,HH_2349,3,3,G,true,primary_signal
1503.000,2026-06-24T06:25:03Z,2349,72961,6,K4,HH_2349,5,3,G,true,primary_signal
1513.000,2026-06-24T06:25:13Z,2394,68904,8,K4,HH_2394,1,2,y,true,primary_signal
1513.000,2026-06-24T06:25:13Z,2394,68841,9,K5,HH_2394,5,2,y,true,primary_signal
1516.000,2026-06-24T06:25:16Z,2394,68005,7,K4,HH_2394,1,1,r,true,primary_signal
1516.000,2026-06-24T06:25:16Z,2394,68841,9,K5,HH_2394,5,1,r,true,primary_signal
1519.000,2026-06-24T06:25:19Z,2394,71446,1,K7,HH_2394,2,4,u,true,primary_signal
1519.000,2026-06-24T06:25:19Z,2394,69184,3,K7,HH_2394,3,4,u,true,primary_signal
1520.000,2026-06-24T06:25:20Z,2394,71446,1,K7,HH_2394,2,3,G,true,primary_signal
1520.000,2026-06-24T06:25:20Z,2394,68006,2,K7,HH_2394,3,3,G,true,primary_signal
1521.000,2026-06-24T06:25:21Z,2394,67952,5,K1,HH_2394,0,4,u,true,primary_signal
1522.000,2026-06-24T06:25:22Z,2394,67952,5,K1,HH_2394,0,3,G,true,primary_signal
1552.000,2026-06-24T06:25:52Z,2394,71446,1,K7,HH_2394,2,2,y,true,primary_signal
1552.000,2026-06-24T06:25:52Z,2394,69184,3,K7,HH_2394,3,2,y,true,primary_signal
1555.000,2026-06-24T06:25:55Z,2394,71446,1,K7,HH_2394,2,1,r,true,primary_signal
1555.000,2026-06-24T06:25:55Z,2394,69184,3,K7,HH_2394,3,1,r,true,primary_signal
1558.000,2026-06-24T06:25:58Z,2394,71448,6,K2,HH_2394,4,4,u,true,primary_signal
1559.000,2026-06-24T06:25:59Z,2394,71448,6,K2,HH_2394,4,3,G,true,primary_signal
1570.000,2026-06-24T06:26:10Z,2394,71448,6,K2,HH_2394,4,2,y,true,primary_signal
1573.000,2026-06-24T06:26:13Z,2394,71448,6,K2,HH_2394,4,1,r,true,primary_signal
1577.000,2026-06-24T06:26:17Z,2349,72962,4,K4,HH_2349,2,2,y,true,primary_signal
1577.000,2026-06-24T06:26:17Z,2349,72961,6,K4,HH_2349,5,2,y,true,primary_signal
1578.000,2026-06-24T06:26:18Z,2349,72940,2,K1,HH_2349,0,2,y,true,primary_signal
1578.000,2026-06-24T06:26:18Z,2349,72946,3,K1,HH_2349,3,2,y,true,primary_signal
1579.000,2026-06-24T06:26:19Z,2394,71446,1,K7,HH_2394,2,4,u,true,primary_signal
1579.000,2026-06-24T06:26:19Z,2394,69184,3,K7,HH_2394,3,4,u,true,primary_signal
1580.000,2026-06-24T06:26:20Z,2349,72962,4,K4,HH_2349,2,1,r,true,primary_signal
1580.000,2026-06-24T06:26:20Z,2349,72961,6,K4,HH_2349,5,1,r,true,primary_signal
1580.000,2026-06-24T06:26:20Z,2394,71446,1,K7,HH_2394,2,3,G,true,primary_signal
1580.000,2026-06-24T06:26:20Z,2394,69184,3,K7,HH_2394,3,3,G,true,primary_signal
1581.000,2026-06-24T06:26:21Z,2349,72940,2,K1,HH_2349,0,1,r,true,primary_signal
1581.000,2026-06-24T06:26:21Z,2349,72946,3,K1,HH_2349,3,1,r,true,primary_signal
1588.000,2026-06-24T06:26:28Z,2349,73039,8,K2,HH_2349,1,4,u,true,primary_signal
1588.000,2026-06-24T06:26:28Z,2349,72971,9,K2,HH_2349,4,4,u,true,primary_signal
1589.000,2026-06-24T06:26:29Z,2349,73039,8,K2,HH_2349,1,3,G,true,primary_signal
1589.000,2026-06-24T06:26:29Z,2349,72971,9,K2,HH_2349,4,3,G,true,primary_signal
1608.000,2026-06-24T06:26:48Z,2349,72983,7,K2,HH_2349,1,2,y,true,primary_signal
1608.000,2026-06-24T06:26:48Z,2349,72971,9,K2,HH_2349,4,2,y,true,primary_signal
1611.000,2026-06-24T06:26:51Z,2349,72983,7,K2,HH_2349,1,1,r,true,primary_signal
1611.000,2026-06-24T06:26:51Z,2349,72971,9,K2,HH_2349,4,1,r,true,primary_signal
1613.000,2026-06-24T06:26:53Z,2349,72940,2,K1,HH_2349,0,4,u,true,primary_signal
1613.000,2026-06-24T06:26:53Z,2349,81474,5,K4,HH_2349,2,4,u,true,primary_signal
1613.000,2026-06-24T06:26:53Z,2349,72946,3,K1,HH_2349,3,4,u,true,primary_signal
1613.000,2026-06-24T06:26:53Z,2349,72961,6,K4,HH_2349,5,4,u,true,primary_signal
1614.000,2026-06-24T06:26:54Z,2349,72940,2,K1,HH_2349,0,3,G,true,primary_signal
1614.000,2026-06-24T06:26:54Z,2349,81474,5,K4,HH_2349,2,3,G,true,primary_signal
1614.000,2026-06-24T06:26:54Z,2349,72946,3,K1,HH_2349,3,3,G,true,primary_signal
1614.000,2026-06-24T06:26:54Z,2349,72961,6,K4,HH_2349,5,3,G,true,primary_signal
1665.000,2026-06-24T06:27:45Z,2394,71446,1,K7,HH_2394,2,2,y,true,primary_signal
1665.000,2026-06-24T06:27:45Z,2394,68006,2,K7,HH_2394,3,2,y,true,primary_signal
1666.000,2026-06-24T06:27:46Z,2394,67952,5,K1,HH_2394,0,2,y,true,primary_signal
1668.000,2026-06-24T06:27:48Z,2394,71446,1,K7,HH_2394,2,1,r,true,primary_signal
1668.000,2026-06-24T06:27:48Z,2394,69184,3,K7,HH_2394,3,1,r,true,primary_signal
1669.000,2026-06-24T06:27:49Z,2394,67952,5,K1,HH_2394,0,1,r,true,primary_signal
1672.000,2026-06-24T06:27:52Z,2394,68904,8,K4,HH_2394,1,4,u,true,primary_signal
1672.000,2026-06-24T06:27:52Z,2394,68841,9,K5,HH_2394,5,4,u,true,primary_signal
1673.000,2026-06-24T06:27:53Z,2394,68904,8,K4,HH_2394,1,3,G,true,primary_signal
1673.000,2026-06-24T06:27:53Z,2394,68841,9,K5,HH_2394,5,3,G,true,primary_signal
1675.000,2026-06-24T06:27:55Z,2349,72940,2,K1,HH_2349,0,2,y,true,primary_signal
1675.000,2026-06-24T06:27:55Z,2349,81474,5,K4,HH_2349,2,2,y,true,primary_signal
1675.000,2026-06-24T06:27:55Z,2349,72946,3,K1,HH_2349,3,2,y,true,primary_signal
1675.000,2026-06-24T06:27:55Z,2349,72961,6,K4,HH_2349,5,2,y,true,primary_signal
1678.000,2026-06-24T06:27:58Z,2349,72940,2,K1,HH_2349,0,1,r,true,primary_signal
1678.000,2026-06-24T06:27:58Z,2349,81474,5,K4,HH_2349,2,1,r,true,primary_signal
1678.000,2026-06-24T06:27:58Z,2349,72946,3,K1,HH_2349,3,1,r,true,primary_signal
1678.000,2026-06-24T06:27:58Z,2349,72961,6,K4,HH_2349,5,1,r,true,primary_signal
1685.000,2026-06-24T06:28:05Z,2349,72983,7,K2,HH_2349,1,4,u,true,primary_signal
1685.000,2026-06-24T06:28:05Z,2349,72971,9,K2,HH_2349,4,4,u,true,primary_signal
1686.000,2026-06-24T06:28:06Z,2349,73039,8,K2,HH_2349,1,3,G,true,primary_signal
1686.000,2026-06-24T06:28:06Z,2349,72971,9,K2,HH_2349,4,3,G,true,primary_signal
1693.000,2026-06-24T06:28:13Z,2394,68904,8,K4,HH_2394,1,2,y,true,primary_signal
1693.000,2026-06-24T06:28:13Z,2394,68841,9,K5,HH_2394,5,2,y,true,primary_signal
1696.000,2026-06-24T06:28:16Z,2394,68904,8,K4,HH_2394,1,1,r,true,primary_signal
1696.000,2026-06-24T06:28:16Z,2394,68841,9,K5,HH_2394,5,1,r,true,primary_signal
1698.000,2026-06-24T06:28:18Z,2394,71448,6,K2,HH_2394,4,4,u,true,primary_signal
1699.000,2026-06-24T06:28:19Z,2394,71448,6,K2,HH_2394,4,3,G,true,primary_signal
1701.000,2026-06-24T06:28:21Z,2394,67952,5,K1,HH_2394,0,4,u,true,primary_signal
1702.000,2026-06-24T06:28:22Z,2394,67952,5,K1,HH_2394,0,3,G,true,primary_signal
1705.000,2026-06-24T06:28:25Z,2349,73039,8,K2,HH_2349,1,2,y,true,primary_signal
1705.000,2026-06-24T06:28:25Z,2349,72971,9,K2,HH_2349,4,2,y,true,primary_signal
1708.000,2026-06-24T06:28:28Z,2349,72983,7,K2,HH_2349,1,1,r,true,primary_signal
1708.000,2026-06-24T06:28:28Z,2349,72971,9,K2,HH_2349,4,1,r,true,primary_signal
1709.000,2026-06-24T06:28:29Z,2394,71448,6,K2,HH_2394,4,2,y,true,primary_signal
1710.000,2026-06-24T06:28:30Z,2349,72940,2,K1,HH_2349,0,4,u,true,primary_signal
1710.000,2026-06-24T06:28:30Z,2349,72962,4,K4,HH_2349,2,4,u,true,primary_signal
1710.000,2026-06-24T06:28:30Z,2349,72946,3,K1,HH_2349,3,4,u,true,primary_signal
1710.000,2026-06-24T06:28:30Z,2349,72961,6,K4,HH_2349,5,4,u,true,primary_signal
1711.000,2026-06-24T06:28:31Z,2349,72940,2,K1,HH_2349,0,3,G,true,primary_signal
1711.000,2026-06-24T06:28:31Z,2349,72962,4,K4,HH_2349,2,3,G,true,primary_signal
1711.000,2026-06-24T06:28:31Z,2349,72946,3,K1,HH_2349,3,3,G,true,primary_signal
1711.000,2026-06-24T06:28:31Z,2349,72961,6,K4,HH_2349,5,3,G,true,primary_signal
1712.000,2026-06-24T06:28:32Z,2394,71448,6,K2,HH_2394,4,1,r,true,primary_signal
1718.000,2026-06-24T06:28:38Z,2394,71446,1,K7,HH_2394,2,4,u,true,primary_signal
1718.000,2026-06-24T06:28:38Z,2394,69184,3,K7,HH_2394,3,4,u,true,primary_signal
1719.000,2026-06-24T06:28:39Z,2394,71446,1,K7,HH_2394,2,3,G,true,primary_signal
1719.000,2026-06-24T06:28:39Z,2394,69184,3,K7,HH_2394,3,3,G,true,primary_signal
1737.000,2026-06-24T06:28:57Z,2349,81474,5,K4,HH_2349,2,2,y,true,primary_signal
1737.000,2026-06-24T06:28:57Z,2349,72961,6,K4,HH_2349,5,2,y,true,primary_signal
1738.000,2026-06-24T06:28:58Z,2349,72940,2,K1,HH_2349,0,2,y,true,primary_signal
1738.000,2026-06-24T06:28:58Z,2349,72946,3,K1,HH_2349,3,2,y,true,primary_signal
1740.000,2026-06-24T06:29:00Z,2349,81474,5,K4,HH_2349,2,1,r,true,primary_signal
1740.000,2026-06-24T06:29:00Z,2349,72961,6,K4,HH_2349,5,1,r,true,primary_signal
1741.000,2026-06-24T06:29:01Z,2349,72940,2,K1,HH_2349,0,1,r,true,primary_signal
1741.000,2026-06-24T06:29:01Z,2349,72946,3,K1,HH_2349,3,1,r,true,primary_signal
1748.000,2026-06-24T06:29:08Z,2349,73039,8,K2,HH_2349,1,4,u,true,primary_signal
1748.000,2026-06-24T06:29:08Z,2349,72971,9,K2,HH_2349,4,4,u,true,primary_signal
1749.000,2026-06-24T06:29:09Z,2349,73039,8,K2,HH_2349,1,3,G,true,primary_signal
1749.000,2026-06-24T06:29:09Z,2349,72971,9,K2,HH_2349,4,3,G,true,primary_signal
1755.000,2026-06-24T06:29:15Z,2394,71446,1,K7,HH_2394,2,2,y,true,primary_signal
1755.000,2026-06-24T06:29:15Z,2394,68006,2,K7,HH_2394,3,2,y,true,primary_signal
1756.000,2026-06-24T06:29:16Z,2394,67952,5,K1,HH_2394,0,2,y,true,primary_signal
1758.000,2026-06-24T06:29:18Z,2394,71446,1,K7,HH_2394,2,1,r,true,primary_signal
1758.000,2026-06-24T06:29:18Z,2394,69184,3,K7,HH_2394,3,1,r,true,primary_signal
1759.000,2026-06-24T06:29:19Z,2394,67952,5,K1,HH_2394,0,1,r,true,primary_signal
1762.000,2026-06-24T06:29:22Z,2394,68904,8,K4,HH_2394,1,4,u,true,primary_signal
1762.000,2026-06-24T06:29:22Z,2394,68841,9,K5,HH_2394,5,4,u,true,primary_signal
1763.000,2026-06-24T06:29:23Z,2394,68005,7,K4,HH_2394,1,3,G,true,primary_signal
1763.000,2026-06-24T06:29:23Z,2394,68841,9,K5,HH_2394,5,3,G,true,primary_signal
1768.000,2026-06-24T06:29:28Z,2349,72983,7,K2,HH_2349,1,2,y,true,primary_signal
1768.000,2026-06-24T06:29:28Z,2349,72971,9,K2,HH_2349,4,2,y,true,primary_signal
1771.000,2026-06-24T06:29:31Z,2349,72983,7,K2,HH_2349,1,1,r,true,primary_signal
1771.000,2026-06-24T06:29:31Z,2349,72971,9,K2,HH_2349,4,1,r,true,primary_signal
1773.000,2026-06-24T06:29:33Z,2349,72940,2,K1,HH_2349,0,4,u,true,primary_signal
1773.000,2026-06-24T06:29:33Z,2349,72962,4,K4,HH_2349,2,4,u,true,primary_signal
1773.000,2026-06-24T06:29:33Z,2349,72946,3,K1,HH_2349,3,4,u,true,primary_signal
1773.000,2026-06-24T06:29:33Z,2349,72961,6,K4,HH_2349,5,4,u,true,primary_signal
1774.000,2026-06-24T06:29:34Z,2349,72940,2,K1,HH_2349,0,3,G,true,primary_signal
1774.000,2026-06-24T06:29:34Z,2349,72962,4,K4,HH_2349,2,3,G,true,primary_signal
1774.000,2026-06-24T06:29:34Z,2349,72946,3,K1,HH_2349,3,3,G,true,primary_signal
1774.000,2026-06-24T06:29:34Z,2349,72961,6,K4,HH_2349,5,3,G,true,primary_signal
1783.000,2026-06-24T06:29:43Z,2394,68005,7,K4,HH_2394,1,2,y,true,primary_signal
1783.000,2026-06-24T06:29:43Z,2394,68841,9,K5,HH_2394,5,2,y,true,primary_signal
1786.000,2026-06-24T06:29:46Z,2394,68904,8,K4,HH_2394,1,1,r,true,primary_signal
1786.000,2026-06-24T06:29:46Z,2394,68841,9,K5,HH_2394,5,1,r,true,primary_signal
1788.000,2026-06-24T06:29:48Z,2394,71448,6,K2,HH_2394,4,4,u,true,primary_signal
1789.000,2026-06-24T06:29:49Z,2394,71448,6,K2,HH_2394,4,3,G,true,primary_signal
1791.000,2026-06-24T06:29:51Z,2394,67952,5,K1,HH_2394,0,4,u,true,primary_signal
1792.000,2026-06-24T06:29:52Z,2394,67952,5,K1,HH_2394,0,3,G,true,primary_signal
1799.000,2026-06-24T06:29:59Z,2394,71448,6,K2,HH_2394,4,2,y,true,primary_signal
1802.000,2026-06-24T06:30:02Z,2394,71448,6,K2,HH_2394,4,1,r,true,primary_signal
1808.000,2026-06-24T06:30:08Z,2394,71446,1,K7,HH_2394,2,4,u,true,primary_signal
1808.000,2026-06-24T06:30:08Z,2394,69184,3,K7,HH_2394,3,4,u,true,primary_signal
1809.000,2026-06-24T06:30:09Z,2394,71446,1,K7,HH_2394,2,3,G,true,primary_signal
1809.000,2026-06-24T06:30:09Z,2394,69184,3,K7,HH_2394,3,3,G,true,primary_signal
1840.000,2026-06-24T06:30:40Z,2394,71446,1,K7,HH_2394,2,2,y,true,primary_signal
1840.000,2026-06-24T06:30:40Z,2394,68006,2,K7,HH_2394,3,2,y,true,primary_signal
1841.000,2026-06-24T06:30:41Z,2394,67952,5,K1,HH_2394,0,2,y,true,primary_signal
1843.000,2026-06-24T06:30:43Z,2394,71446,1,K7,HH_2394,2,1,r,true,primary_signal
1843.000,2026-06-24T06:30:43Z,2394,69184,3,K7,HH_2394,3,1,r,true,primary_signal
1844.000,2026-06-24T06:30:44Z,2394,67952,5,K1,HH_2394,0,1,r,true,primary_signal
1847.000,2026-06-24T06:30:47Z,2394,68005,7,K4,HH_2394,1,4,u,true,primary_signal
1847.000,2026-06-24T06:30:47Z,2394,68841,9,K5,HH_2394,5,4,u,true,primary_signal
1848.000,2026-06-24T06:30:48Z,2394,68904,8,K4,HH_2394,1,3,G,true,primary_signal
1848.000,2026-06-24T06:30:48Z,2394,68841,9,K5,HH_2394,5,3,G,true,primary_signal
1868.000,2026-06-24T06:31:08Z,2394,68904,8,K4,HH_2394,1,2,y,true,primary_signal
1868.000,2026-06-24T06:31:08Z,2394,68841,9,K5,HH_2394,5,2,y,true,primary_signal
1871.000,2026-06-24T06:31:11Z,2394,68904,8,K4,HH_2394,1,1,r,true,primary_signal
1871.000,2026-06-24T06:31:11Z,2394,68841,9,K5,HH_2394,5,1,r,true,primary_signal
1873.000,2026-06-24T06:31:13Z,2394,71448,6,K2,HH_2394,4,4,u,true,primary_signal
1874.000,2026-06-24T06:31:14Z,2394,71448,6,K2,HH_2394,4,3,G,true,primary_signal
1876.000,2026-06-24T06:31:16Z,2394,67952,5,K1,HH_2394,0,4,u,true,primary_signal
1877.000,2026-06-24T06:31:17Z,2394,67952,5,K1,HH_2394,0,3,G,true,primary_signal
1886.000,2026-06-24T06:31:26Z,2394,71448,6,K2,HH_2394,4,2,y,true,primary_signal
1889.000,2026-06-24T06:31:29Z,2394,71448,6,K2,HH_2394,4,1,r,true,primary_signal
1895.000,2026-06-24T06:31:35Z,2394,71446,1,K7,HH_2394,2,4,u,true,primary_signal
1895.000,2026-06-24T06:31:35Z,2394,69184,3,K7,HH_2394,3,4,u,true,primary_signal
1896.000,2026-06-24T06:31:36Z,2394,71446,1,K7,HH_2394,2,3,G,true,primary_signal
1896.000,2026-06-24T06:31:36Z,2394,69184,3,K7,HH_2394,3,3,G,true,primary_signal
1916.000,2026-06-24T06:31:56Z,2349,81474,5,K4,HH_2349,2,2,y,true,primary_signal
1916.000,2026-06-24T06:31:56Z,2349,72961,6,K4,HH_2349,5,2,y,true,primary_signal
1917.000,2026-06-24T06:31:57Z,2349,72940,2,K1,HH_2349,0,2,y,true,primary_signal
1917.000,2026-06-24T06:31:57Z,2349,72946,3,K1,HH_2349,3,2,y,true,primary_signal
1919.000,2026-06-24T06:31:59Z,2349,81474,5,K4,HH_2349,2,1,r,true,primary_signal
1919.000,2026-06-24T06:31:59Z,2349,72961,6,K4,HH_2349,5,1,r,true,primary_signal
1920.000,2026-06-24T06:32:00Z,2349,72940,2,K1,HH_2349,0,1,r,true,primary_signal
1920.000,2026-06-24T06:32:00Z,2349,72946,3,K1,HH_2349,3,1,r,true,primary_signal
1927.000,2026-06-24T06:32:07Z,2349,72983,7,K2,HH_2349,1,4,u,true,primary_signal
1927.000,2026-06-24T06:32:07Z,2349,72971,9,K2,HH_2349,4,4,u,true,primary_signal
1928.000,2026-06-24T06:32:08Z,2349,73039,8,K2,HH_2349,1,3,G,true,primary_signal
1928.000,2026-06-24T06:32:08Z,2349,72971,9,K2,HH_2349,4,3,G,true,primary_signal
1935.000,2026-06-24T06:32:15Z,2394,71446,1,K7,HH_2394,2,2,y,true,primary_signal
1935.000,2026-06-24T06:32:15Z,2394,68006,2,K7,HH_2394,3,2,y,true,primary_signal
1936.000,2026-06-24T06:32:16Z,2394,67952,5,K1,HH_2394,0,2,y,true,primary_signal
1938.000,2026-06-24T06:32:18Z,2394,71446,1,K7,HH_2394,2,1,r,true,primary_signal
1938.000,2026-06-24T06:32:18Z,2394,69184,3,K7,HH_2394,3,1,r,true,primary_signal
1939.000,2026-06-24T06:32:19Z,2394,67952,5,K1,HH_2394,0,1,r,true,primary_signal
1942.000,2026-06-24T06:32:22Z,2394,68904,8,K4,HH_2394,1,4,u,true,primary_signal
1942.000,2026-06-24T06:32:22Z,2394,68841,9,K5,HH_2394,5,4,u,true,primary_signal
1943.000,2026-06-24T06:32:23Z,2394,68904,8,K4,HH_2394,1,3,G,true,primary_signal
1943.000,2026-06-24T06:32:23Z,2394,68841,9,K5,HH_2394,5,3,G,true,primary_signal
1947.000,2026-06-24T06:32:27Z,2349,73039,8,K2,HH_2349,1,2,y,true,primary_signal
1947.000,2026-06-24T06:32:27Z,2349,72971,9,K2,HH_2349,4,2,y,true,primary_signal
1950.000,2026-06-24T06:32:30Z,2349,73039,8,K2,HH_2349,1,1,r,true,primary_signal
1950.000,2026-06-24T06:32:30Z,2349,72971,9,K2,HH_2349,4,1,r,true,primary_signal
1952.000,2026-06-24T06:32:32Z,2349,72940,2,K1,HH_2349,0,4,u,true,primary_signal
1952.000,2026-06-24T06:32:32Z,2349,72962,4,K4,HH_2349,2,4,u,true,primary_signal
1952.000,2026-06-24T06:32:32Z,2349,72946,3,K1,HH_2349,3,4,u,true,primary_signal
1952.000,2026-06-24T06:32:32Z,2349,72961,6,K4,HH_2349,5,4,u,true,primary_signal
1953.000,2026-06-24T06:32:33Z,2349,72940,2,K1,HH_2349,0,3,G,true,primary_signal
1953.000,2026-06-24T06:32:33Z,2349,81474,5,K4,HH_2349,2,3,G,true,primary_signal
1953.000,2026-06-24T06:32:33Z,2349,72946,3,K1,HH_2349,3,3,G,true,primary_signal
1953.000,2026-06-24T06:32:33Z,2349,72961,6,K4,HH_2349,5,3,G,true,primary_signal
1963.000,2026-06-24T06:32:43Z,2394,68904,8,K4,HH_2394,1,2,y,true,primary_signal
1963.000,2026-06-24T06:32:43Z,2394,68841,9,K5,HH_2394,5,2,y,true,primary_signal
1966.000,2026-06-24T06:32:46Z,2394,68904,8,K4,HH_2394,1,1,r,true,primary_signal
1966.000,2026-06-24T06:32:46Z,2394,68841,9,K5,HH_2394,5,1,r,true,primary_signal
1968.000,2026-06-24T06:32:48Z,2394,71448,6,K2,HH_2394,4,4,u,true,primary_signal
1969.000,2026-06-24T06:32:49Z,2394,71448,6,K2,HH_2394,4,3,G,true,primary_signal
1971.000,2026-06-24T06:32:51Z,2394,67952,5,K1,HH_2394,0,4,u,true,primary_signal
1972.000,2026-06-24T06:32:52Z,2394,67952,5,K1,HH_2394,0,3,G,true,primary_signal
1979.000,2026-06-24T06:32:59Z,2394,71448,6,K2,HH_2394,4,2,y,true,primary_signal
1983.000,2026-06-24T06:33:03Z,2394,71448,6,K2,HH_2394,4,1,r,true,primary_signal
1989.000,2026-06-24T06:33:09Z,2394,71446,1,K7,HH_2394,2,3,G,true,primary_signal
1989.000,2026-06-24T06:33:09Z,2394,69184,3,K7,HH_2394,3,3,G,true,primary_signal
2009.000,2026-06-24T06:33:29Z,2349,72962,4,K4,HH_2349,2,2,y,true,primary_signal
2009.000,2026-06-24T06:33:29Z,2349,72961,6,K4,HH_2349,5,2,y,true,primary_signal
2010.000,2026-06-24T06:33:30Z,2349,72940,2,K1,HH_2349,0,2,y,true,primary_signal
2010.000,2026-06-24T06:33:30Z,2349,72946,3,K1,HH_2349,3,2,y,true,primary_signal
2012.000,2026-06-24T06:33:32Z,2349,81474,5,K4,HH_2349,2,1,r,true,primary_signal
2012.000,2026-06-24T06:33:32Z,2349,72961,6,K4,HH_2349,5,1,r,true,primary_signal
2013.000,2026-06-24T06:33:33Z,2349,72940,2,K1,HH_2349,0,1,r,true,primary_signal
2013.000,2026-06-24T06:33:33Z,2349,72946,3,K1,HH_2349,3,1,r,true,primary_signal
2020.000,2026-06-24T06:33:40Z,2349,73039,8,K2,HH_2349,1,4,u,true,primary_signal
2020.000,2026-06-24T06:33:40Z,2349,72971,9,K2,HH_2349,4,4,u,true,primary_signal
2021.000,2026-06-24T06:33:41Z,2349,73039,8,K2,HH_2349,1,3,G,true,primary_signal
2021.000,2026-06-24T06:33:41Z,2349,72971,9,K2,HH_2349,4,3,G,true,primary_signal
2021.000,2026-06-24T06:33:41Z,2394,71446,1,K7,HH_2394,2,2,y,true,primary_signal
2021.000,2026-06-24T06:33:41Z,2394,69184,3,K7,HH_2394,3,2,y,true,primary_signal
2022.000,2026-06-24T06:33:42Z,2394,67952,5,K1,HH_2394,0,2,y,true,primary_signal
2024.000,2026-06-24T06:33:44Z,2394,71446,1,K7,HH_2394,2,1,r,true,primary_signal
2024.000,2026-06-24T06:33:44Z,2394,69184,3,K7,HH_2394,3,1,r,true,primary_signal
2025.000,2026-06-24T06:33:45Z,2394,67952,5,K1,HH_2394,0,1,r,true,primary_signal
2028.000,2026-06-24T06:33:48Z,2394,68904,8,K4,HH_2394,1,4,u,true,primary_signal
2028.000,2026-06-24T06:33:48Z,2394,68841,9,K5,HH_2394,5,4,u,true,primary_signal
2029.000,2026-06-24T06:33:49Z,2394,68904,8,K4,HH_2394,1,3,G,true,primary_signal
2029.000,2026-06-24T06:33:49Z,2394,68841,9,K5,HH_2394,5,3,G,true,primary_signal
2045.000,2026-06-24T06:34:05Z,2349,72983,7,K2,HH_2349,1,2,y,true,primary_signal
2045.000,2026-06-24T06:34:05Z,2349,72971,9,K2,HH_2349,4,2,y,true,primary_signal
2048.000,2026-06-24T06:34:08Z,2349,72983,7,K2,HH_2349,1,1,r,true,primary_signal
2048.000,2026-06-24T06:34:08Z,2349,72971,9,K2,HH_2349,4,1,r,true,primary_signal
2049.000,2026-06-24T06:34:09Z,2394,68904,8,K4,HH_2394,1,2,y,true,primary_signal
2049.000,2026-06-24T06:34:09Z,2394,68841,9,K5,HH_2394,5,2,y,true,primary_signal
2050.000,2026-06-24T06:34:10Z,2349,72940,2,K1,HH_2349,0,4,u,true,primary_signal
2050.000,2026-06-24T06:34:10Z,2349,72962,4,K4,HH_2349,2,4,u,true,primary_signal
2050.000,2026-06-24T06:34:10Z,2349,72946,3,K1,HH_2349,3,4,u,true,primary_signal
2050.000,2026-06-24T06:34:10Z,2349,72961,6,K4,HH_2349,5,4,u,true,primary_signal
2051.000,2026-06-24T06:34:11Z,2349,72940,2,K1,HH_2349,0,3,G,true,primary_signal
2051.000,2026-06-24T06:34:11Z,2349,81474,5,K4,HH_2349,2,3,G,true,primary_signal
2051.000,2026-06-24T06:34:11Z,2349,72946,3,K1,HH_2349,3,3,G,true,primary_signal
2051.000,2026-06-24T06:34:11Z,2349,72961,6,K4,HH_2349,5,3,G,true,primary_signal
2052.000,2026-06-24T06:34:12Z,2394,68904,8,K4,HH_2394,1,1,r,true,primary_signal
2052.000,2026-06-24T06:34:12Z,2394,68841,9,K5,HH_2394,5,1,r,true,primary_signal
2054.000,2026-06-24T06:34:14Z,2394,71448,6,K2,HH_2394,4,4,u,true,primary_signal
2055.000,2026-06-24T06:34:15Z,2394,71448,6,K2,HH_2394,4,3,G,true,primary_signal
2057.000,2026-06-24T06:34:17Z,2394,67952,5,K1,HH_2394,0,4,u,true,primary_signal
2058.000,2026-06-24T06:34:18Z,2394,67952,5,K1,HH_2394,0,3,G,true,primary_signal
2069.000,2026-06-24T06:34:29Z,2394,71448,6,K2,HH_2394,4,2,y,true,primary_signal
2072.000,2026-06-24T06:34:32Z,2394,71448,6,K2,HH_2394,4,1,r,true,primary_signal
2078.000,2026-06-24T06:34:38Z,2394,71446,1,K7,HH_2394,2,4,u,true,primary_signal
2078.000,2026-06-24T06:34:38Z,2394,69184,3,K7,HH_2394,3,4,u,true,primary_signal
2079.000,2026-06-24T06:34:39Z,2394,71446,1,K7,HH_2394,2,3,G,true,primary_signal
2079.000,2026-06-24T06:34:39Z,2394,69184,3,K7,HH_2394,3,3,G,true,primary_signal
2106.000,2026-06-24T06:35:06Z,2349,72962,4,K4,HH_2349,2,2,y,true,primary_signal
2106.000,2026-06-24T06:35:06Z,2349,72961,6,K4,HH_2349,5,2,y,true,primary_signal
2107.000,2026-06-24T06:35:07Z,2349,72940,2,K1,HH_2349,0,2,y,true,primary_signal
2107.000,2026-06-24T06:35:07Z,2349,72946,3,K1,HH_2349,3,2,y,true,primary_signal
2109.000,2026-06-24T06:35:09Z,2349,72962,4,K4,HH_2349,2,1,r,true,primary_signal
2109.000,2026-06-24T06:35:09Z,2349,72961,6,K4,HH_2349,5,1,r,true,primary_signal
2110.000,2026-06-24T06:35:10Z,2349,72940,2,K1,HH_2349,0,1,r,true,primary_signal
2110.000,2026-06-24T06:35:10Z,2349,72946,3,K1,HH_2349,3,1,r,true,primary_signal
2111.000,2026-06-24T06:35:11Z,2394,71446,1,K7,HH_2394,2,2,y,true,primary_signal
2111.000,2026-06-24T06:35:11Z,2394,69184,3,K7,HH_2394,3,2,y,true,primary_signal
2112.000,2026-06-24T06:35:12Z,2394,67952,5,K1,HH_2394,0,2,y,true,primary_signal
2114.000,2026-06-24T06:35:14Z,2394,71446,1,K7,HH_2394,2,1,r,true,primary_signal
2114.000,2026-06-24T06:35:14Z,2394,69184,3,K7,HH_2394,3,1,r,true,primary_signal
2115.000,2026-06-24T06:35:15Z,2394,67952,5,K1,HH_2394,0,1,r,true,primary_signal
2117.000,2026-06-24T06:35:17Z,2349,72983,7,K2,HH_2349,1,4,u,true,primary_signal
2117.000,2026-06-24T06:35:17Z,2349,72971,9,K2,HH_2349,4,4,u,true,primary_signal
2118.000,2026-06-24T06:35:18Z,2349,72983,7,K2,HH_2349,1,3,G,true,primary_signal
2118.000,2026-06-24T06:35:18Z,2349,72971,9,K2,HH_2349,4,3,G,true,primary_signal
2118.000,2026-06-24T06:35:18Z,2394,68904,8,K4,HH_2394,1,4,u,true,primary_signal
2118.000,2026-06-24T06:35:18Z,2394,68841,9,K5,HH_2394,5,4,u,true,primary_signal
2119.000,2026-06-24T06:35:19Z,2394,68005,7,K4,HH_2394,1,3,G,true,primary_signal
2119.000,2026-06-24T06:35:19Z,2394,68841,9,K5,HH_2394,5,3,G,true,primary_signal
2137.000,2026-06-24T06:35:37Z,2349,72983,7,K2,HH_2349,1,2,y,true,primary_signal
2137.000,2026-06-24T06:35:37Z,2349,72971,9,K2,HH_2349,4,2,y,true,primary_signal
2139.000,2026-06-24T06:35:39Z,2394,68904,8,K4,HH_2394,1,2,y,true,primary_signal
2139.000,2026-06-24T06:35:39Z,2394,68841,9,K5,HH_2394,5,2,y,true,primary_signal
2140.000,2026-06-24T06:35:40Z,2349,72983,7,K2,HH_2349,1,1,r,true,primary_signal
2140.000,2026-06-24T06:35:40Z,2349,72971,9,K2,HH_2349,4,1,r,true,primary_signal
2142.000,2026-06-24T06:35:42Z,2349,72940,2,K1,HH_2349,0,4,u,true,primary_signal
2142.000,2026-06-24T06:35:42Z,2349,81474,5,K4,HH_2349,2,4,u,true,primary_signal
2142.000,2026-06-24T06:35:42Z,2349,72946,3,K1,HH_2349,3,4,u,true,primary_signal
2142.000,2026-06-24T06:35:42Z,2349,72961,6,K4,HH_2349,5,4,u,true,primary_signal
2142.000,2026-06-24T06:35:42Z,2394,68904,8,K4,HH_2394,1,1,r,true,primary_signal
2142.000,2026-06-24T06:35:42Z,2394,68841,9,K5,HH_2394,5,1,r,true,primary_signal
2143.000,2026-06-24T06:35:43Z,2349,72940,2,K1,HH_2349,0,3,G,true,primary_signal
2143.000,2026-06-24T06:35:43Z,2349,72962,4,K4,HH_2349,2,3,G,true,primary_signal
2143.000,2026-06-24T06:35:43Z,2349,72946,3,K1,HH_2349,3,3,G,true,primary_signal
2143.000,2026-06-24T06:35:43Z,2349,72961,6,K4,HH_2349,5,3,G,true,primary_signal
2145.000,2026-06-24T06:35:45Z,2394,71446,1,K7,HH_2394,2,4,u,true,primary_signal
2145.000,2026-06-24T06:35:45Z,2394,68006,2,K7,HH_2394,3,4,u,true,primary_signal
2146.000,2026-06-24T06:35:46Z,2394,71446,1,K7,HH_2394,2,3,G,true,primary_signal
2146.000,2026-06-24T06:35:46Z,2394,68006,2,K7,HH_2394,3,3,G,true,primary_signal
2147.000,2026-06-24T06:35:47Z,2394,67952,5,K1,HH_2394,0,4,u,true,primary_signal
2148.000,2026-06-24T06:35:48Z,2394,67952,5,K1,HH_2394,0,3,G,true,primary_signal
2186.000,2026-06-24T06:36:26Z,2349,72962,4,K4,HH_2349,2,2,y,true,primary_signal
2186.000,2026-06-24T06:36:26Z,2349,72961,6,K4,HH_2349,5,2,y,true,primary_signal
2187.000,2026-06-24T06:36:27Z,2349,72940,2,K1,HH_2349,0,2,y,true,primary_signal
2187.000,2026-06-24T06:36:27Z,2349,72946,3,K1,HH_2349,3,2,y,true,primary_signal
2189.000,2026-06-24T06:36:29Z,2349,72962,4,K4,HH_2349,2,1,r,true,primary_signal
2189.000,2026-06-24T06:36:29Z,2349,72961,6,K4,HH_2349,5,1,r,true,primary_signal
2190.000,2026-06-24T06:36:30Z,2349,72940,2,K1,HH_2349,0,1,r,true,primary_signal
2190.000,2026-06-24T06:36:30Z,2349,72946,3,K1,HH_2349,3,1,r,true,primary_signal
2197.000,2026-06-24T06:36:37Z,2349,72983,7,K2,HH_2349,1,4,u,true,primary_signal
2197.000,2026-06-24T06:36:37Z,2349,72971,9,K2,HH_2349,4,4,u,true,primary_signal
2198.000,2026-06-24T06:36:38Z,2349,72983,7,K2,HH_2349,1,3,G,true,primary_signal
2198.000,2026-06-24T06:36:38Z,2349,72971,9,K2,HH_2349,4,3,G,true,primary_signal
2201.000,2026-06-24T06:36:41Z,2394,71446,1,K7,HH_2394,2,2,y,true,primary_signal
2201.000,2026-06-24T06:36:41Z,2394,68006,2,K7,HH_2394,3,2,y,true,primary_signal
2202.000,2026-06-24T06:36:42Z,2394,67952,5,K1,HH_2394,0,2,y,true,primary_signal
2204.000,2026-06-24T06:36:44Z,2394,71446,1,K7,HH_2394,2,1,r,true,primary_signal
2204.000,2026-06-24T06:36:44Z,2394,69184,3,K7,HH_2394,3,1,r,true,primary_signal
2205.000,2026-06-24T06:36:45Z,2394,67952,5,K1,HH_2394,0,1,r,true,primary_signal
2208.000,2026-06-24T06:36:48Z,2394,68005,7,K4,HH_2394,1,4,u,true,primary_signal
2208.000,2026-06-24T06:36:48Z,2394,68841,9,K5,HH_2394,5,4,u,true,primary_signal
2209.000,2026-06-24T06:36:49Z,2394,68904,8,K4,HH_2394,1,3,G,true,primary_signal
2209.000,2026-06-24T06:36:49Z,2394,68841,9,K5,HH_2394,5,3,G,true,primary_signal
2217.000,2026-06-24T06:36:57Z,2349,72983,7,K2,HH_2349,1,2,y,true,primary_signal
2217.000,2026-06-24T06:36:57Z,2349,72971,9,K2,HH_2349,4,2,y,true,primary_signal
2220.000,2026-06-24T06:37:00Z,2349,72983,7,K2,HH_2349,1,1,r,true,primary_signal
2220.000,2026-06-24T06:37:00Z,2349,72971,9,K2,HH_2349,4,1,r,true,primary_signal
2222.000,2026-06-24T06:37:02Z,2349,72940,2,K1,HH_2349,0,4,u,true,primary_signal
2222.000,2026-06-24T06:37:02Z,2349,72962,4,K4,HH_2349,2,4,u,true,primary_signal
2222.000,2026-06-24T06:37:02Z,2349,72946,3,K1,HH_2349,3,4,u,true,primary_signal
2222.000,2026-06-24T06:37:02Z,2349,72961,6,K4,HH_2349,5,4,u,true,primary_signal
2223.000,2026-06-24T06:37:03Z,2349,72940,2,K1,HH_2349,0,3,G,true,primary_signal
2223.000,2026-06-24T06:37:03Z,2349,72962,4,K4,HH_2349,2,3,G,true,primary_signal
2223.000,2026-06-24T06:37:03Z,2349,72946,3,K1,HH_2349,3,3,G,true,primary_signal
2223.000,2026-06-24T06:37:03Z,2349,72961,6,K4,HH_2349,5,3,G,true,primary_signal
2229.000,2026-06-24T06:37:09Z,2394,68904,8,K4,HH_2394,1,2,y,true,primary_signal
2229.000,2026-06-24T06:37:09Z,2394,68841,9,K5,HH_2394,5,2,y,true,primary_signal
2232.000,2026-06-24T06:37:12Z,2394,68904,8,K4,HH_2394,1,1,r,true,primary_signal
2232.000,2026-06-24T06:37:12Z,2394,68841,9,K5,HH_2394,5,1,r,true,primary_signal
2234.000,2026-06-24T06:37:14Z,2394,71448,6,K2,HH_2394,4,4,u,true,primary_signal
2235.000,2026-06-24T06:37:15Z,2394,71448,6,K2,HH_2394,4,3,G,true,primary_signal
2237.000,2026-06-24T06:37:17Z,2394,67952,5,K1,HH_2394,0,4,u,true,primary_signal
2238.000,2026-06-24T06:37:18Z,2394,67952,5,K1,HH_2394,0,3,G,true,primary_signal
2255.000,2026-06-24T06:37:35Z,2394,71448,6,K2,HH_2394,4,2,y,true,primary_signal
2258.000,2026-06-24T06:37:38Z,2394,71448,6,K2,HH_2394,4,1,r,true,primary_signal
2264.000,2026-06-24T06:37:44Z,2394,71446,1,K7,HH_2394,2,4,u,true,primary_signal
2264.000,2026-06-24T06:37:44Z,2394,69184,3,K7,HH_2394,3,4,u,true,primary_signal
2265.000,2026-06-24T06:37:45Z,2394,71446,1,K7,HH_2394,2,3,G,true,primary_signal
2265.000,2026-06-24T06:37:45Z,2394,69184,3,K7,HH_2394,3,3,G,true,primary_signal
2287.000,2026-06-24T06:38:07Z,2349,81474,5,K4,HH_2349,2,2,y,true,primary_signal
2287.000,2026-06-24T06:38:07Z,2349,72961,6,K4,HH_2349,5,2,y,true,primary_signal
2288.000,2026-06-24T06:38:08Z,2349,72940,2,K1,HH_2349,0,2,y,true,primary_signal
2288.000,2026-06-24T06:38:08Z,2349,72946,3,K1,HH_2349,3,2,y,true,primary_signal
2290.000,2026-06-24T06:38:10Z,2349,72962,4,K4,HH_2349,2,1,r,true,primary_signal
2290.000,2026-06-24T06:38:10Z,2349,72961,6,K4,HH_2349,5,1,r,true,primary_signal
2291.000,2026-06-24T06:38:11Z,2349,72940,2,K1,HH_2349,0,1,r,true,primary_signal
2291.000,2026-06-24T06:38:11Z,2349,72946,3,K1,HH_2349,3,1,r,true,primary_signal
2296.000,2026-06-24T06:38:16Z,2394,71446,1,K7,HH_2394,2,2,y,true,primary_signal
2296.000,2026-06-24T06:38:16Z,2394,68006,2,K7,HH_2394,3,2,y,true,primary_signal
2297.000,2026-06-24T06:38:17Z,2394,67952,5,K1,HH_2394,0,2,y,true,primary_signal
2298.000,2026-06-24T06:38:18Z,2349,72983,7,K2,HH_2349,1,4,u,true,primary_signal
2298.000,2026-06-24T06:38:18Z,2349,72971,9,K2,HH_2349,4,4,u,true,primary_signal
2299.000,2026-06-24T06:38:19Z,2349,72983,7,K2,HH_2349,1,3,G,true,primary_signal
2299.000,2026-06-24T06:38:19Z,2349,72971,9,K2,HH_2349,4,3,G,true,primary_signal
2299.000,2026-06-24T06:38:19Z,2394,71446,1,K7,HH_2394,2,1,r,true,primary_signal
2299.000,2026-06-24T06:38:19Z,2394,69184,3,K7,HH_2394,3,1,r,true,primary_signal
2300.000,2026-06-24T06:38:20Z,2394,67952,5,K1,HH_2394,0,1,r,true,primary_signal
2303.000,2026-06-24T06:38:23Z,2394,68005,7,K4,HH_2394,1,4,u,true,primary_signal
2303.000,2026-06-24T06:38:23Z,2394,68841,9,K5,HH_2394,5,4,u,true,primary_signal
2304.000,2026-06-24T06:38:24Z,2394,68904,8,K4,HH_2394,1,3,G,true,primary_signal
2304.000,2026-06-24T06:38:24Z,2394,68841,9,K5,HH_2394,5,3,G,true,primary_signal
2318.000,2026-06-24T06:38:38Z,2349,72983,7,K2,HH_2349,1,2,y,true,primary_signal
2318.000,2026-06-24T06:38:38Z,2349,72971,9,K2,HH_2349,4,2,y,true,primary_signal
2321.000,2026-06-24T06:38:41Z,2349,73039,8,K2,HH_2349,1,1,r,true,primary_signal
2321.000,2026-06-24T06:38:41Z,2349,72971,9,K2,HH_2349,4,1,r,true,primary_signal
2323.000,2026-06-24T06:38:43Z,2349,72940,2,K1,HH_2349,0,4,u,true,primary_signal
2323.000,2026-06-24T06:38:43Z,2349,81474,5,K4,HH_2349,2,4,u,true,primary_signal
2323.000,2026-06-24T06:38:43Z,2349,72946,3,K1,HH_2349,3,4,u,true,primary_signal
2323.000,2026-06-24T06:38:43Z,2349,72961,6,K4,HH_2349,5,4,u,true,primary_signal
2324.000,2026-06-24T06:38:44Z,2349,72940,2,K1,HH_2349,0,3,G,true,primary_signal
2324.000,2026-06-24T06:38:44Z,2349,72962,4,K4,HH_2349,2,3,G,true,primary_signal
2324.000,2026-06-24T06:38:44Z,2349,72946,3,K1,HH_2349,3,3,G,true,primary_signal
2324.000,2026-06-24T06:38:44Z,2349,72961,6,K4,HH_2349,5,3,G,true,primary_signal
2324.000,2026-06-24T06:38:44Z,2394,68005,7,K4,HH_2394,1,2,y,true,primary_signal
2324.000,2026-06-24T06:38:44Z,2394,68841,9,K5,HH_2394,5,2,y,true,primary_signal
2327.000,2026-06-24T06:38:47Z,2394,68904,8,K4,HH_2394,1,1,r,true,primary_signal
2327.000,2026-06-24T06:38:47Z,2394,68841,9,K5,HH_2394,5,1,r,true,primary_signal
2329.000,2026-06-24T06:38:49Z,2394,71448,6,K2,HH_2394,4,4,u,true,primary_signal
2330.000,2026-06-24T06:38:50Z,2394,71448,6,K2,HH_2394,4,3,G,true,primary_signal
2332.000,2026-06-24T06:38:52Z,2394,67952,5,K1,HH_2394,0,4,u,true,primary_signal
2333.000,2026-06-24T06:38:53Z,2394,67952,5,K1,HH_2394,0,3,G,true,primary_signal
2342.000,2026-06-24T06:39:02Z,2394,71448,6,K2,HH_2394,4,2,y,true,primary_signal
2345.000,2026-06-24T06:39:05Z,2394,71448,6,K2,HH_2394,4,1,r,true,primary_signal
2351.000,2026-06-24T06:39:11Z,2394,71446,1,K7,HH_2394,2,4,u,true,primary_signal
2351.000,2026-06-24T06:39:11Z,2394,69184,3,K7,HH_2394,3,4,u,true,primary_signal
2352.000,2026-06-24T06:39:12Z,2394,71446,1,K7,HH_2394,2,3,G,true,primary_signal
2352.000,2026-06-24T06:39:12Z,2394,69184,3,K7,HH_2394,3,3,G,true,primary_signal
2366.000,2026-06-24T06:39:26Z,2349,81474,5,K4,HH_2349,2,2,y,true,primary_signal
2366.000,2026-06-24T06:39:26Z,2349,72961,6,K4,HH_2349,5,2,y,true,primary_signal
2367.000,2026-06-24T06:39:27Z,2349,72940,2,K1,HH_2349,0,2,y,true,primary_signal
2367.000,2026-06-24T06:39:27Z,2349,72946,3,K1,HH_2349,3,2,y,true,primary_signal
2369.000,2026-06-24T06:39:29Z,2349,72962,4,K4,HH_2349,2,1,r,true,primary_signal
2369.000,2026-06-24T06:39:29Z,2349,72961,6,K4,HH_2349,5,1,r,true,primary_signal
2370.000,2026-06-24T06:39:30Z,2349,72940,2,K1,HH_2349,0,1,r,true,primary_signal
2370.000,2026-06-24T06:39:30Z,2349,72946,3,K1,HH_2349,3,1,r,true,primary_signal
2377.000,2026-06-24T06:39:37Z,2349,72983,7,K2,HH_2349,1,4,u,true,primary_signal
2377.000,2026-06-24T06:39:37Z,2349,72971,9,K2,HH_2349,4,4,u,true,primary_signal
2378.000,2026-06-24T06:39:38Z,2349,73039,8,K2,HH_2349,1,3,G,true,primary_signal
2378.000,2026-06-24T06:39:38Z,2349,72971,9,K2,HH_2349,4,3,G,true,primary_signal
2381.000,2026-06-24T06:39:41Z,2394,71446,1,K7,HH_2394,2,2,y,true,primary_signal
2381.000,2026-06-24T06:39:41Z,2394,68006,2,K7,HH_2394,3,2,y,true,primary_signal
2382.000,2026-06-24T06:39:42Z,2394,67952,5,K1,HH_2394,0,2,y,true,primary_signal
2384.000,2026-06-24T06:39:44Z,2394,71446,1,K7,HH_2394,2,1,r,true,primary_signal
2384.000,2026-06-24T06:39:44Z,2394,69184,3,K7,HH_2394,3,1,r,true,primary_signal
2385.000,2026-06-24T06:39:45Z,2394,67952,5,K1,HH_2394,0,1,r,true,primary_signal
2388.000,2026-06-24T06:39:48Z,2394,68904,8,K4,HH_2394,1,4,u,true,primary_signal
2388.000,2026-06-24T06:39:48Z,2394,68841,9,K5,HH_2394,5,4,u,true,primary_signal
2389.000,2026-06-24T06:39:49Z,2394,68005,7,K4,HH_2394,1,3,G,true,primary_signal
2389.000,2026-06-24T06:39:49Z,2394,68841,9,K5,HH_2394,5,3,G,true,primary_signal
2397.000,2026-06-24T06:39:57Z,2349,72983,7,K2,HH_2349,1,2,y,true,primary_signal
2397.000,2026-06-24T06:39:57Z,2349,72971,9,K2,HH_2349,4,2,y,true,primary_signal
2400.000,2026-06-24T06:40:00Z,2349,72983,7,K2,HH_2349,1,1,r,true,primary_signal
2400.000,2026-06-24T06:40:00Z,2349,72971,9,K2,HH_2349,4,1,r,true,primary_signal
2402.000,2026-06-24T06:40:02Z,2349,72940,2,K1,HH_2349,0,4,u,true,primary_signal
2402.000,2026-06-24T06:40:02Z,2349,72962,4,K4,HH_2349,2,4,u,true,primary_signal
2402.000,2026-06-24T06:40:02Z,2349,72946,3,K1,HH_2349,3,4,u,true,primary_signal
2402.000,2026-06-24T06:40:02Z,2349,72961,6,K4,HH_2349,5,4,u,true,primary_signal
2403.000,2026-06-24T06:40:03Z,2349,72940,2,K1,HH_2349,0,3,G,true,primary_signal
2403.000,2026-06-24T06:40:03Z,2349,81474,5,K4,HH_2349,2,3,G,true,primary_signal
2403.000,2026-06-24T06:40:03Z,2349,72946,3,K1,HH_2349,3,3,G,true,primary_signal
2403.000,2026-06-24T06:40:03Z,2349,72961,6,K4,HH_2349,5,3,G,true,primary_signal
2409.000,2026-06-24T06:40:09Z,2394,68005,7,K4,HH_2394,1,2,y,true,primary_signal
2409.000,2026-06-24T06:40:09Z,2394,68841,9,K5,HH_2394,5,2,y,true,primary_signal
2412.000,2026-06-24T06:40:12Z,2394,68904,8,K4,HH_2394,1,1,r,true,primary_signal
2412.000,2026-06-24T06:40:12Z,2394,68841,9,K5,HH_2394,5,1,r,true,primary_signal
2415.000,2026-06-24T06:40:15Z,2394,71446,1,K7,HH_2394,2,4,u,true,primary_signal
2415.000,2026-06-24T06:40:15Z,2394,68006,2,K7,HH_2394,3,4,u,true,primary_signal
2416.000,2026-06-24T06:40:16Z,2394,71446,1,K7,HH_2394,2,3,G,true,primary_signal
2416.000,2026-06-24T06:40:16Z,2394,69184,3,K7,HH_2394,3,3,G,true,primary_signal
2417.000,2026-06-24T06:40:17Z,2394,67952,5,K1,HH_2394,0,4,u,true,primary_signal
2418.000,2026-06-24T06:40:18Z,2394,67952,5,K1,HH_2394,0,3,G,true,primary_signal
2456.000,2026-06-24T06:40:56Z,2349,72962,4,K4,HH_2349,2,2,y,true,primary_signal
2456.000,2026-06-24T06:40:56Z,2349,72961,6,K4,HH_2349,5,2,y,true,primary_signal
2457.000,2026-06-24T06:40:57Z,2349,72940,2,K1,HH_2349,0,2,y,true,primary_signal
2457.000,2026-06-24T06:40:57Z,2349,72946,3,K1,HH_2349,3,2,y,true,primary_signal
2459.000,2026-06-24T06:40:59Z,2349,72962,4,K4,HH_2349,2,1,r,true,primary_signal
2459.000,2026-06-24T06:40:59Z,2349,72961,6,K4,HH_2349,5,1,r,true,primary_signal
2460.000,2026-06-24T06:41:00Z,2349,72940,2,K1,HH_2349,0,1,r,true,primary_signal
2460.000,2026-06-24T06:41:00Z,2349,72946,3,K1,HH_2349,3,1,r,true,primary_signal
2467.000,2026-06-24T06:41:07Z,2349,73039,8,K2,HH_2349,1,4,u,true,primary_signal
2467.000,2026-06-24T06:41:07Z,2349,72971,9,K2,HH_2349,4,4,u,true,primary_signal
2468.000,2026-06-24T06:41:08Z,2349,73039,8,K2,HH_2349,1,3,G,true,primary_signal
2468.000,2026-06-24T06:41:08Z,2349,72971,9,K2,HH_2349,4,3,G,true,primary_signal
2476.000,2026-06-24T06:41:16Z,2394,71446,1,K7,HH_2394,2,2,y,true,primary_signal
2476.000,2026-06-24T06:41:16Z,2394,69184,3,K7,HH_2394,3,2,y,true,primary_signal
2477.000,2026-06-24T06:41:17Z,2394,67952,5,K1,HH_2394,0,2,y,true,primary_signal
2479.000,2026-06-24T06:41:19Z,2394,71446,1,K7,HH_2394,2,1,r,true,primary_signal
2479.000,2026-06-24T06:41:19Z,2394,69184,3,K7,HH_2394,3,1,r,true,primary_signal
2480.000,2026-06-24T06:41:20Z,2394,67952,5,K1,HH_2394,0,1,r,true,primary_signal
2483.000,2026-06-24T06:41:23Z,2394,68904,8,K4,HH_2394,1,4,u,true,primary_signal
2483.000,2026-06-24T06:41:23Z,2394,68841,9,K5,HH_2394,5,4,u,true,primary_signal
2484.000,2026-06-24T06:41:24Z,2394,68005,7,K4,HH_2394,1,3,G,true,primary_signal
2484.000,2026-06-24T06:41:24Z,2394,68841,9,K5,HH_2394,5,3,G,true,primary_signal
2487.000,2026-06-24T06:41:27Z,2349,73039,8,K2,HH_2349,1,2,y,true,primary_signal
2487.000,2026-06-24T06:41:27Z,2349,72971,9,K2,HH_2349,4,2,y,true,primary_signal
2490.000,2026-06-24T06:41:30Z,2349,72983,7,K2,HH_2349,1,1,r,true,primary_signal
2490.000,2026-06-24T06:41:30Z,2349,72971,9,K2,HH_2349,4,1,r,true,primary_signal
2492.000,2026-06-24T06:41:32Z,2349,72940,2,K1,HH_2349,0,4,u,true,primary_signal
2492.000,2026-06-24T06:41:32Z,2349,81474,5,K4,HH_2349,2,4,u,true,primary_signal
2492.000,2026-06-24T06:41:32Z,2349,72946,3,K1,HH_2349,3,4,u,true,primary_signal
2492.000,2026-06-24T06:41:32Z,2349,72961,6,K4,HH_2349,5,4,u,true,primary_signal
2493.000,2026-06-24T06:41:33Z,2349,72940,2,K1,HH_2349,0,3,G,true,primary_signal
2493.000,2026-06-24T06:41:33Z,2349,72962,4,K4,HH_2349,2,3,G,true,primary_signal
2493.000,2026-06-24T06:41:33Z,2349,72946,3,K1,HH_2349,3,3,G,true,primary_signal
2493.000,2026-06-24T06:41:33Z,2349,72961,6,K4,HH_2349,5,3,G,true,primary_signal
2504.000,2026-06-24T06:41:44Z,2394,68005,7,K4,HH_2394,1,2,y,true,primary_signal
2504.000,2026-06-24T06:41:44Z,2394,68841,9,K5,HH_2394,5,2,y,true,primary_signal
2507.000,2026-06-24T06:41:47Z,2394,68904,8,K4,HH_2394,1,1,r,true,primary_signal
2507.000,2026-06-24T06:41:47Z,2394,68841,9,K5,HH_2394,5,1,r,true,primary_signal
2509.000,2026-06-24T06:41:49Z,2394,71448,6,K2,HH_2394,4,4,u,true,primary_signal
2510.000,2026-06-24T06:41:50Z,2394,71448,6,K2,HH_2394,4,3,G,true,primary_signal
2512.000,2026-06-24T06:41:52Z,2394,67952,5,K1,HH_2394,0,4,u,true,primary_signal
2513.000,2026-06-24T06:41:53Z,2394,67952,5,K1,HH_2394,0,3,G,true,primary_signal
2520.000,2026-06-24T06:42:00Z,2394,71448,6,K2,HH_2394,4,2,y,true,primary_signal
2523.000,2026-06-24T06:42:03Z,2394,71448,6,K2,HH_2394,4,1,r,true,primary_signal
2529.000,2026-06-24T06:42:09Z,2394,71446,1,K7,HH_2394,2,4,u,true,primary_signal
2529.000,2026-06-24T06:42:09Z,2394,69184,3,K7,HH_2394,3,4,u,true,primary_signal
2530.000,2026-06-24T06:42:10Z,2394,71446,1,K7,HH_2394,2,3,G,true,primary_signal
2530.000,2026-06-24T06:42:10Z,2394,69184,3,K7,HH_2394,3,3,G,true,primary_signal
2557.000,2026-06-24T06:42:37Z,2349,81474,5,K4,HH_2349,2,2,y,true,primary_signal
2557.000,2026-06-24T06:42:37Z,2349,72961,6,K4,HH_2349,5,2,y,true,primary_signal
2558.000,2026-06-24T06:42:38Z,2349,72940,2,K1,HH_2349,0,2,y,true,primary_signal
2558.000,2026-06-24T06:42:38Z,2349,72946,3,K1,HH_2349,3,2,y,true,primary_signal
2560.000,2026-06-24T06:42:40Z,2349,81474,5,K4,HH_2349,2,1,r,true,primary_signal
2560.000,2026-06-24T06:42:40Z,2349,72961,6,K4,HH_2349,5,1,r,true,primary_signal
2561.000,2026-06-24T06:42:41Z,2349,72940,2,K1,HH_2349,0,1,r,true,primary_signal
2561.000,2026-06-24T06:42:41Z,2349,72946,3,K1,HH_2349,3,1,r,true,primary_signal
2566.000,2026-06-24T06:42:46Z,2394,71446,1,K7,HH_2394,2,2,y,true,primary_signal
2566.000,2026-06-24T06:42:46Z,2394,69184,3,K7,HH_2394,3,2,y,true,primary_signal
2567.000,2026-06-24T06:42:47Z,2394,67952,5,K1,HH_2394,0,2,y,true,primary_signal
2568.000,2026-06-24T06:42:48Z,2349,73039,8,K2,HH_2349,1,4,u,true,primary_signal
2568.000,2026-06-24T06:42:48Z,2349,72971,9,K2,HH_2349,4,4,u,true,primary_signal
2569.000,2026-06-24T06:42:49Z,2349,72983,7,K2,HH_2349,1,3,G,true,primary_signal
2569.000,2026-06-24T06:42:49Z,2349,72971,9,K2,HH_2349,4,3,G,true,primary_signal
2569.000,2026-06-24T06:42:49Z,2394,71446,1,K7,HH_2394,2,1,r,true,primary_signal
2569.000,2026-06-24T06:42:49Z,2394,68006,2,K7,HH_2394,3,1,r,true,primary_signal
2570.000,2026-06-24T06:42:50Z,2394,67952,5,K1,HH_2394,0,1,r,true,primary_signal
2573.000,2026-06-24T06:42:53Z,2394,68904,8,K4,HH_2394,1,4,u,true,primary_signal
2573.000,2026-06-24T06:42:53Z,2394,68841,9,K5,HH_2394,5,4,u,true,primary_signal
2574.000,2026-06-24T06:42:54Z,2394,68904,8,K4,HH_2394,1,3,G,true,primary_signal
2574.000,2026-06-24T06:42:54Z,2394,68841,9,K5,HH_2394,5,3,G,true,primary_signal
2589.000,2026-06-24T06:43:09Z,2349,72983,7,K2,HH_2349,1,2,y,true,primary_signal
2589.000,2026-06-24T06:43:09Z,2349,72971,9,K2,HH_2349,4,2,y,true,primary_signal
2592.000,2026-06-24T06:43:12Z,2349,72983,7,K2,HH_2349,1,1,r,true,primary_signal
2592.000,2026-06-24T06:43:12Z,2349,72971,9,K2,HH_2349,4,1,r,true,primary_signal
2594.000,2026-06-24T06:43:14Z,2349,72940,2,K1,HH_2349,0,4,u,true,primary_signal
2594.000,2026-06-24T06:43:14Z,2349,72962,4,K4,HH_2349,2,4,u,true,primary_signal
2594.000,2026-06-24T06:43:14Z,2349,72946,3,K1,HH_2349,3,4,u,true,primary_signal
2594.000,2026-06-24T06:43:14Z,2349,72961,6,K4,HH_2349,5,4,u,true,primary_signal
2594.000,2026-06-24T06:43:14Z,2394,68904,8,K4,HH_2394,1,2,y,true,primary_signal
2594.000,2026-06-24T06:43:14Z,2394,68841,9,K5,HH_2394,5,2,y,true,primary_signal
2595.000,2026-06-24T06:43:15Z,2349,72940,2,K1,HH_2349,0,3,G,true,primary_signal
2595.000,2026-06-24T06:43:15Z,2349,81474,5,K4,HH_2349,2,3,G,true,primary_signal
2595.000,2026-06-24T06:43:15Z,2349,72946,3,K1,HH_2349,3,3,G,true,primary_signal
2595.000,2026-06-24T06:43:15Z,2349,72961,6,K4,HH_2349,5,3,G,true,primary_signal
2597.000,2026-06-24T06:43:17Z,2394,68904,8,K4,HH_2394,1,1,r,true,primary_signal
2597.000,2026-06-24T06:43:17Z,2394,68841,9,K5,HH_2394,5,1,r,true,primary_signal
2599.000,2026-06-24T06:43:19Z,2394,71448,6,K2,HH_2394,4,4,u,true,primary_signal
2600.000,2026-06-24T06:43:20Z,2394,71448,6,K2,HH_2394,4,3,G,true,primary_signal
2602.000,2026-06-24T06:43:22Z,2394,67952,5,K1,HH_2394,0,4,u,true,primary_signal
2603.000,2026-06-24T06:43:23Z,2394,67952,5,K1,HH_2394,0,3,G,true,primary_signal
2610.000,2026-06-24T06:43:30Z,2394,71448,6,K2,HH_2394,4,2,y,true,primary_signal
2613.000,2026-06-24T06:43:33Z,2394,71448,6,K2,HH_2394,4,1,r,true,primary_signal
2619.000,2026-06-24T06:43:39Z,2394,71446,1,K7,HH_2394,2,4,u,true,primary_signal
2619.000,2026-06-24T06:43:39Z,2394,69184,3,K7,HH_2394,3,4,u,true,primary_signal
2620.000,2026-06-24T06:43:40Z,2394,71446,1,K7,HH_2394,2,3,G,true,primary_signal
2620.000,2026-06-24T06:43:40Z,2394,69184,3,K7,HH_2394,3,3,G,true,primary_signal
2655.000,2026-06-24T06:44:15Z,2394,71446,1,K7,HH_2394,2,2,y,true,primary_signal
2655.000,2026-06-24T06:44:15Z,2394,68006,2,K7,HH_2394,3,2,y,true,primary_signal
2656.000,2026-06-24T06:44:16Z,2394,67952,5,K1,HH_2394,0,2,y,true,primary_signal
2658.000,2026-06-24T06:44:18Z,2349,72940,2,K1,HH_2349,0,2,y,true,primary_signal
2658.000,2026-06-24T06:44:18Z,2349,72962,4,K4,HH_2349,2,2,y,true,primary_signal
2658.000,2026-06-24T06:44:18Z,2349,72946,3,K1,HH_2349,3,2,y,true,primary_signal
2658.000,2026-06-24T06:44:18Z,2349,72961,6,K4,HH_2349,5,2,y,true,primary_signal
2658.000,2026-06-24T06:44:18Z,2394,67952,5,K1,HH_2394,0,1,r,true,primary_signal
2658.000,2026-06-24T06:44:18Z,2394,71446,1,K7,HH_2394,2,1,r,true,primary_signal
2658.000,2026-06-24T06:44:18Z,2394,69184,3,K7,HH_2394,3,1,r,true,primary_signal
2661.000,2026-06-24T06:44:21Z,2349,72940,2,K1,HH_2349,0,1,r,true,primary_signal
2661.000,2026-06-24T06:44:21Z,2349,72962,4,K4,HH_2349,2,1,r,true,primary_signal
2661.000,2026-06-24T06:44:21Z,2349,72946,3,K1,HH_2349,3,1,r,true,primary_signal
2661.000,2026-06-24T06:44:21Z,2349,72961,6,K4,HH_2349,5,1,r,true,primary_signal
2662.000,2026-06-24T06:44:22Z,2394,68005,7,K4,HH_2394,1,4,u,true,primary_signal
2662.000,2026-06-24T06:44:22Z,2394,68841,9,K5,HH_2394,5,4,u,true,primary_signal
2663.000,2026-06-24T06:44:23Z,2394,68904,8,K4,HH_2394,1,3,G,true,primary_signal
2663.000,2026-06-24T06:44:23Z,2394,68841,9,K5,HH_2394,5,3,G,true,primary_signal
2668.000,2026-06-24T06:44:28Z,2349,72983,7,K2,HH_2349,1,4,u,true,primary_signal
2668.000,2026-06-24T06:44:28Z,2349,72971,9,K2,HH_2349,4,4,u,true,primary_signal
2669.000,2026-06-24T06:44:29Z,2349,73039,8,K2,HH_2349,1,3,G,true,primary_signal
2669.000,2026-06-24T06:44:29Z,2349,72971,9,K2,HH_2349,4,3,G,true,primary_signal
2683.000,2026-06-24T06:44:43Z,2394,68904,8,K4,HH_2394,1,2,y,true,primary_signal
2683.000,2026-06-24T06:44:43Z,2394,68841,9,K5,HH_2394,5,2,y,true,primary_signal
2686.000,2026-06-24T06:44:46Z,2394,68904,8,K4,HH_2394,1,1,r,true,primary_signal
2686.000,2026-06-24T06:44:46Z,2394,68841,9,K5,HH_2394,5,1,r,true,primary_signal
2688.000,2026-06-24T06:44:48Z,2349,72983,7,K2,HH_2349,1,2,y,true,primary_signal
2688.000,2026-06-24T06:44:48Z,2349,72971,9,K2,HH_2349,4,2,y,true,primary_signal
2688.000,2026-06-24T06:44:48Z,2394,71448,6,K2,HH_2394,4,4,u,true,primary_signal
2689.000,2026-06-24T06:44:49Z,2394,71448,6,K2,HH_2394,4,3,G,true,primary_signal
2691.000,2026-06-24T06:44:51Z,2349,73039,8,K2,HH_2349,1,1,r,true,primary_signal
2691.000,2026-06-24T06:44:51Z,2349,72971,9,K2,HH_2349,4,1,r,true,primary_signal
2691.000,2026-06-24T06:44:51Z,2394,67952,5,K1,HH_2394,0,4,u,true,primary_signal
2692.000,2026-06-24T06:44:52Z,2394,67952,5,K1,HH_2394,0,3,G,true,primary_signal
2693.000,2026-06-24T06:44:53Z,2349,72940,2,K1,HH_2349,0,4,u,true,primary_signal
2693.000,2026-06-24T06:44:53Z,2349,72962,4,K4,HH_2349,2,4,u,true,primary_signal
2693.000,2026-06-24T06:44:53Z,2349,72946,3,K1,HH_2349,3,4,u,true,primary_signal
2693.000,2026-06-24T06:44:53Z,2349,72961,6,K4,HH_2349,5,4,u,true,primary_signal
2694.000,2026-06-24T06:44:54Z,2349,72940,2,K1,HH_2349,0,3,G,true,primary_signal
2694.000,2026-06-24T06:44:54Z,2349,72962,4,K4,HH_2349,2,3,G,true,primary_signal
2694.000,2026-06-24T06:44:54Z,2349,72946,3,K1,HH_2349,3,3,G,true,primary_signal
2694.000,2026-06-24T06:44:54Z,2349,72961,6,K4,HH_2349,5,3,G,true,primary_signal
2707.000,2026-06-24T06:45:07Z,2394,71448,6,K2,HH_2394,4,2,y,true,primary_signal
2710.000,2026-06-24T06:45:10Z,2394,71448,6,K2,HH_2394,4,1,r,true,primary_signal
2716.000,2026-06-24T06:45:16Z,2394,71446,1,K7,HH_2394,2,4,u,true,primary_signal
2716.000,2026-06-24T06:45:16Z,2394,69184,3,K7,HH_2394,3,4,u,true,primary_signal
2717.000,2026-06-24T06:45:17Z,2394,71446,1,K7,HH_2394,2,3,G,true,primary_signal
2717.000,2026-06-24T06:45:17Z,2394,68006,2,K7,HH_2394,3,3,G,true,primary_signal
2726.000,2026-06-24T06:45:26Z,2349,81474,5,K4,HH_2349,2,2,y,true,primary_signal
2726.000,2026-06-24T06:45:26Z,2349,72961,6,K4,HH_2349,5,2,y,true,primary_signal
2727.000,2026-06-24T06:45:27Z,2349,72940,2,K1,HH_2349,0,2,y,true,primary_signal
2727.000,2026-06-24T06:45:27Z,2349,72946,3,K1,HH_2349,3,2,y,true,primary_signal
2729.000,2026-06-24T06:45:29Z,2349,81474,5,K4,HH_2349,2,1,r,true,primary_signal
2729.000,2026-06-24T06:45:29Z,2349,72961,6,K4,HH_2349,5,1,r,true,primary_signal
2730.000,2026-06-24T06:45:30Z,2349,72940,2,K1,HH_2349,0,1,r,true,primary_signal
2730.000,2026-06-24T06:45:30Z,2349,72946,3,K1,HH_2349,3,1,r,true,primary_signal
2737.000,2026-06-24T06:45:37Z,2349,73039,8,K2,HH_2349,1,4,u,true,primary_signal
2737.000,2026-06-24T06:45:37Z,2349,72971,9,K2,HH_2349,4,4,u,true,primary_signal
2738.000,2026-06-24T06:45:38Z,2349,72983,7,K2,HH_2349,1,3,G,true,primary_signal
2738.000,2026-06-24T06:45:38Z,2349,72971,9,K2,HH_2349,4,3,G,true,primary_signal
2746.000,2026-06-24T06:45:46Z,2394,71446,1,K7,HH_2394,2,2,y,true,primary_signal
2746.000,2026-06-24T06:45:46Z,2394,68006,2,K7,HH_2394,3,2,y,true,primary_signal
2747.000,2026-06-24T06:45:47Z,2394,67952,5,K1,HH_2394,0,2,y,true,primary_signal
2749.000,2026-06-24T06:45:49Z,2394,71446,1,K7,HH_2394,2,1,r,true,primary_signal
2749.000,2026-06-24T06:45:49Z,2394,69184,3,K7,HH_2394,3,1,r,true,primary_signal
2750.000,2026-06-24T06:45:50Z,2394,67952,5,K1,HH_2394,0,1,r,true,primary_signal
2753.000,2026-06-24T06:45:53Z,2394,68904,8,K4,HH_2394,1,4,u,true,primary_signal
2753.000,2026-06-24T06:45:53Z,2394,68841,9,K5,HH_2394,5,4,u,true,primary_signal
2754.000,2026-06-24T06:45:54Z,2394,68005,7,K4,HH_2394,1,3,G,true,primary_signal
2754.000,2026-06-24T06:45:54Z,2394,68841,9,K5,HH_2394,5,3,G,true,primary_signal
2757.000,2026-06-24T06:45:57Z,2349,72983,7,K2,HH_2349,1,2,y,true,primary_signal
2757.000,2026-06-24T06:45:57Z,2349,72971,9,K2,HH_2349,4,2,y,true,primary_signal
2760.000,2026-06-24T06:46:00Z,2349,72983,7,K2,HH_2349,1,1,r,true,primary_signal
2760.000,2026-06-24T06:46:00Z,2349,72971,9,K2,HH_2349,4,1,r,true,primary_signal
2762.000,2026-06-24T06:46:02Z,2349,72940,2,K1,HH_2349,0,4,u,true,primary_signal
2762.000,2026-06-24T06:46:02Z,2349,81474,5,K4,HH_2349,2,4,u,true,primary_signal
2762.000,2026-06-24T06:46:02Z,2349,72946,3,K1,HH_2349,3,4,u,true,primary_signal
2762.000,2026-06-24T06:46:02Z,2349,72961,6,K4,HH_2349,5,4,u,true,primary_signal
2763.000,2026-06-24T06:46:03Z,2349,72940,2,K1,HH_2349,0,3,G,true,primary_signal
2763.000,2026-06-24T06:46:03Z,2349,72962,4,K4,HH_2349,2,3,G,true,primary_signal
2763.000,2026-06-24T06:46:03Z,2349,72946,3,K1,HH_2349,3,3,G,true,primary_signal
2763.000,2026-06-24T06:46:03Z,2349,72961,6,K4,HH_2349,5,3,G,true,primary_signal
2774.000,2026-06-24T06:46:14Z,2394,68005,7,K4,HH_2394,1,2,y,true,primary_signal
2774.000,2026-06-24T06:46:14Z,2394,68841,9,K5,HH_2394,5,2,y,true,primary_signal
2777.000,2026-06-24T06:46:17Z,2394,68904,8,K4,HH_2394,1,1,r,true,primary_signal
2777.000,2026-06-24T06:46:17Z,2394,68841,9,K5,HH_2394,5,1,r,true,primary_signal
2779.000,2026-06-24T06:46:19Z,2394,71448,6,K2,HH_2394,4,4,u,true,primary_signal
2780.000,2026-06-24T06:46:20Z,2394,71448,6,K2,HH_2394,4,3,G,true,primary_signal
2782.000,2026-06-24T06:46:22Z,2394,67952,5,K1,HH_2394,0,4,u,true,primary_signal
2783.000,2026-06-24T06:46:23Z,2394,67952,5,K1,HH_2394,0,3,G,true,primary_signal
2791.000,2026-06-24T06:46:31Z,2394,71448,6,K2,HH_2394,4,2,y,true,primary_signal
2794.000,2026-06-24T06:46:34Z,2394,71448,6,K2,HH_2394,4,1,r,true,primary_signal
2800.000,2026-06-24T06:46:40Z,2394,71446,1,K7,HH_2394,2,4,u,true,primary_signal
2800.000,2026-06-24T06:46:40Z,2394,69184,3,K7,HH_2394,3,4,u,true,primary_signal
2801.000,2026-06-24T06:46:41Z,2394,71446,1,K7,HH_2394,2,3,G,true,primary_signal
2801.000,2026-06-24T06:46:41Z,2394,69184,3,K7,HH_2394,3,3,G,true,primary_signal
2820.000,2026-06-24T06:47:00Z,2349,81474,5,K4,HH_2349,2,2,y,true,primary_signal
2820.000,2026-06-24T06:47:00Z,2349,72961,6,K4,HH_2349,5,2,y,true,primary_signal
2821.000,2026-06-24T06:47:01Z,2349,72940,2,K1,HH_2349,0,2,y,true,primary_signal
2821.000,2026-06-24T06:47:01Z,2349,72946,3,K1,HH_2349,3,2,y,true,primary_signal
2823.000,2026-06-24T06:47:03Z,2349,81474,5,K4,HH_2349,2,1,r,true,primary_signal
2823.000,2026-06-24T06:47:03Z,2349,72961,6,K4,HH_2349,5,1,r,true,primary_signal
2824.000,2026-06-24T06:47:04Z,2349,72940,2,K1,HH_2349,0,1,r,true,primary_signal
2824.000,2026-06-24T06:47:04Z,2349,72946,3,K1,HH_2349,3,1,r,true,primary_signal
2831.000,2026-06-24T06:47:11Z,2349,73039,8,K2,HH_2349,1,4,u,true,primary_signal
2831.000,2026-06-24T06:47:11Z,2349,72971,9,K2,HH_2349,4,4,u,true,primary_signal
2832.000,2026-06-24T06:47:12Z,2349,73039,8,K2,HH_2349,1,3,G,true,primary_signal
2832.000,2026-06-24T06:47:12Z,2349,72971,9,K2,HH_2349,4,3,G,true,primary_signal
2836.000,2026-06-24T06:47:16Z,2394,71446,1,K7,HH_2394,2,2,y,true,primary_signal
2836.000,2026-06-24T06:47:16Z,2394,69184,3,K7,HH_2394,3,2,y,true,primary_signal
2837.000,2026-06-24T06:47:17Z,2394,67952,5,K1,HH_2394,0,2,y,true,primary_signal
2839.000,2026-06-24T06:47:19Z,2394,71446,1,K7,HH_2394,2,1,r,true,primary_signal
2839.000,2026-06-24T06:47:19Z,2394,69184,3,K7,HH_2394,3,1,r,true,primary_signal
2840.000,2026-06-24T06:47:20Z,2394,67952,5,K1,HH_2394,0,1,r,true,primary_signal
2843.000,2026-06-24T06:47:23Z,2394,68904,8,K4,HH_2394,1,4,u,true,primary_signal
2843.000,2026-06-24T06:47:23Z,2394,68841,9,K5,HH_2394,5,4,u,true,primary_signal
2844.000,2026-06-24T06:47:24Z,2394,68904,8,K4,HH_2394,1,3,G,true,primary_signal
2844.000,2026-06-24T06:47:24Z,2394,68841,9,K5,HH_2394,5,3,G,true,primary_signal
2851.000,2026-06-24T06:47:31Z,2349,73039,8,K2,HH_2349,1,2,y,true,primary_signal
2851.000,2026-06-24T06:47:31Z,2349,72971,9,K2,HH_2349,4,2,y,true,primary_signal
2854.000,2026-06-24T06:47:34Z,2349,73039,8,K2,HH_2349,1,1,r,true,primary_signal
2854.000,2026-06-24T06:47:34Z,2349,72971,9,K2,HH_2349,4,1,r,true,primary_signal
2856.000,2026-06-24T06:47:36Z,2349,72940,2,K1,HH_2349,0,4,u,true,primary_signal
2856.000,2026-06-24T06:47:36Z,2349,72962,4,K4,HH_2349,2,4,u,true,primary_signal
2856.000,2026-06-24T06:47:36Z,2349,72946,3,K1,HH_2349,3,4,u,true,primary_signal
2856.000,2026-06-24T06:47:36Z,2349,72961,6,K4,HH_2349,5,4,u,true,primary_signal
2857.000,2026-06-24T06:47:37Z,2349,72940,2,K1,HH_2349,0,3,G,true,primary_signal
2857.000,2026-06-24T06:47:37Z,2349,72962,4,K4,HH_2349,2,3,G,true,primary_signal
2857.000,2026-06-24T06:47:37Z,2349,72946,3,K1,HH_2349,3,3,G,true,primary_signal
2857.000,2026-06-24T06:47:37Z,2349,72961,6,K4,HH_2349,5,3,G,true,primary_signal
2864.000,2026-06-24T06:47:44Z,2394,68005,7,K4,HH_2394,1,2,y,true,primary_signal
2864.000,2026-06-24T06:47:44Z,2394,68841,9,K5,HH_2394,5,2,y,true,primary_signal
2867.000,2026-06-24T06:47:47Z,2394,68005,7,K4,HH_2394,1,1,r,true,primary_signal
2867.000,2026-06-24T06:47:47Z,2394,68841,9,K5,HH_2394,5,1,r,true,primary_signal
2869.000,2026-06-24T06:47:49Z,2394,71448,6,K2,HH_2394,4,4,u,true,primary_signal
2870.000,2026-06-24T06:47:50Z,2394,71448,6,K2,HH_2394,4,3,G,true,primary_signal
2872.000,2026-06-24T06:47:52Z,2394,67952,5,K1,HH_2394,0,4,u,true,primary_signal
2873.000,2026-06-24T06:47:53Z,2394,67952,5,K1,HH_2394,0,3,G,true,primary_signal
2888.000,2026-06-24T06:48:08Z,2394,71448,6,K2,HH_2394,4,2,y,true,primary_signal
2890.000,2026-06-24T06:48:10Z,2394,71448,6,K2,HH_2394,4,1,r,true,primary_signal
2897.000,2026-06-24T06:48:17Z,2394,71446,1,K7,HH_2394,2,4,u,true,primary_signal
2897.000,2026-06-24T06:48:17Z,2394,68006,2,K7,HH_2394,3,4,u,true,primary_signal
2898.000,2026-06-24T06:48:18Z,2394,71446,1,K7,HH_2394,2,3,G,true,primary_signal
2898.000,2026-06-24T06:48:18Z,2394,69184,3,K7,HH_2394,3,3,G,true,primary_signal
2914.000,2026-06-24T06:48:34Z,2349,72962,4,K4,HH_2349,2,2,y,true,primary_signal
2914.000,2026-06-24T06:48:34Z,2349,72961,6,K4,HH_2349,5,2,y,true,primary_signal
2915.000,2026-06-24T06:48:35Z,2349,72940,2,K1,HH_2349,0,2,y,true,primary_signal
2915.000,2026-06-24T06:48:35Z,2349,72946,3,K1,HH_2349,3,2,y,true,primary_signal
2917.000,2026-06-24T06:48:37Z,2349,72962,4,K4,HH_2349,2,1,r,true,primary_signal
2917.000,2026-06-24T06:48:37Z,2349,72961,6,K4,HH_2349,5,1,r,true,primary_signal
2918.000,2026-06-24T06:48:38Z,2349,72940,2,K1,HH_2349,0,1,r,true,primary_signal
2918.000,2026-06-24T06:48:38Z,2349,72946,3,K1,HH_2349,3,1,r,true,primary_signal
2925.000,2026-06-24T06:48:45Z,2349,73039,8,K2,HH_2349,1,4,u,true,primary_signal
2925.000,2026-06-24T06:48:45Z,2349,72971,9,K2,HH_2349,4,4,u,true,primary_signal
2926.000,2026-06-24T06:48:46Z,2349,72983,7,K2,HH_2349,1,3,G,true,primary_signal
2926.000,2026-06-24T06:48:46Z,2349,72971,9,K2,HH_2349,4,3,G,true,primary_signal
2926.000,2026-06-24T06:48:46Z,2394,71446,1,K7,HH_2394,2,2,y,true,primary_signal
2926.000,2026-06-24T06:48:46Z,2394,69184,3,K7,HH_2394,3,2,y,true,primary_signal
2927.000,2026-06-24T06:48:47Z,2394,67952,5,K1,HH_2394,0,2,y,true,primary_signal
2929.000,2026-06-24T06:48:49Z,2394,71446,1,K7,HH_2394,2,1,r,true,primary_signal
2929.000,2026-06-24T06:48:49Z,2394,69184,3,K7,HH_2394,3,1,r,true,primary_signal
2930.000,2026-06-24T06:48:50Z,2394,67952,5,K1,HH_2394,0,1,r,true,primary_signal
2933.000,2026-06-24T06:48:53Z,2394,68005,7,K4,HH_2394,1,4,u,true,primary_signal
2933.000,2026-06-24T06:48:53Z,2394,68841,9,K5,HH_2394,5,4,u,true,primary_signal
2934.000,2026-06-24T06:48:54Z,2394,68005,7,K4,HH_2394,1,3,G,true,primary_signal
2934.000,2026-06-24T06:48:54Z,2394,68841,9,K5,HH_2394,5,3,G,true,primary_signal
2945.000,2026-06-24T06:49:05Z,2349,72983,7,K2,HH_2349,1,2,y,true,primary_signal
2945.000,2026-06-24T06:49:05Z,2349,72971,9,K2,HH_2349,4,2,y,true,primary_signal
2948.000,2026-06-24T06:49:08Z,2349,72983,7,K2,HH_2349,1,1,r,true,primary_signal
2948.000,2026-06-24T06:49:08Z,2349,72971,9,K2,HH_2349,4,1,r,true,primary_signal
2950.000,2026-06-24T06:49:10Z,2349,72940,2,K1,HH_2349,0,4,u,true,primary_signal
2950.000,2026-06-24T06:49:10Z,2349,72962,4,K4,HH_2349,2,4,u,true,primary_signal
2950.000,2026-06-24T06:49:10Z,2349,72946,3,K1,HH_2349,3,4,u,true,primary_signal
2950.000,2026-06-24T06:49:10Z,2349,72961,6,K4,HH_2349,5,4,u,true,primary_signal
2951.000,2026-06-24T06:49:11Z,2349,72940,2,K1,HH_2349,0,3,G,true,primary_signal
2951.000,2026-06-24T06:49:11Z,2349,72962,4,K4,HH_2349,2,3,G,true,primary_signal
2951.000,2026-06-24T06:49:11Z,2349,72946,3,K1,HH_2349,3,3,G,true,primary_signal
2951.000,2026-06-24T06:49:11Z,2349,72961,6,K4,HH_2349,5,3,G,true,primary_signal
2954.000,2026-06-24T06:49:14Z,2394,68904,8,K4,HH_2394,1,2,y,true,primary_signal
2954.000,2026-06-24T06:49:14Z,2394,68841,9,K5,HH_2394,5,2,y,true,primary_signal
2957.000,2026-06-24T06:49:17Z,2394,68005,7,K4,HH_2394,1,1,r,true,primary_signal
2957.000,2026-06-24T06:49:17Z,2394,68841,9,K5,HH_2394,5,1,r,true,primary_signal
2959.000,2026-06-24T06:49:19Z,2394,71448,6,K2,HH_2394,4,3,G,true,primary_signal
2962.000,2026-06-24T06:49:22Z,2394,67952,5,K1,HH_2394,0,4,u,true,primary_signal
2963.000,2026-06-24T06:49:23Z,2394,67952,5,K1,HH_2394,0,3,G,true,primary_signal
2976.000,2026-06-24T06:49:36Z,2394,71448,6,K2,HH_2394,4,2,y,true,primary_signal
2979.000,2026-06-24T06:49:39Z,2394,71448,6,K2,HH_2394,4,1,r,true,primary_signal
2985.000,2026-06-24T06:49:45Z,2394,71446,1,K7,HH_2394,2,4,u,true,primary_signal
2985.000,2026-06-24T06:49:45Z,2394,69184,3,K7,HH_2394,3,4,u,true,primary_signal
2986.000,2026-06-24T06:49:46Z,2394,71446,1,K7,HH_2394,2,3,G,true,primary_signal
2986.000,2026-06-24T06:49:46Z,2394,69184,3,K7,HH_2394,3,3,G,true,primary_signal
2998.000,2026-06-24T06:49:58Z,2349,72962,4,K4,HH_2349,2,2,y,true,primary_signal
2998.000,2026-06-24T06:49:58Z,2349,72961,6,K4,HH_2349,5,2,y,true,primary_signal
2999.000,2026-06-24T06:49:59Z,2349,72940,2,K1,HH_2349,0,2,y,true,primary_signal
2999.000,2026-06-24T06:49:59Z,2349,72946,3,K1,HH_2349,3,2,y,true,primary_signal
3001.000,2026-06-24T06:50:01Z,2349,81474,5,K4,HH_2349,2,1,r,true,primary_signal
3001.000,2026-06-24T06:50:01Z,2349,72961,6,K4,HH_2349,5,1,r,true,primary_signal
3002.000,2026-06-24T06:50:02Z,2349,72940,2,K1,HH_2349,0,1,r,true,primary_signal
3002.000,2026-06-24T06:50:02Z,2349,72946,3,K1,HH_2349,3,1,r,true,primary_signal
3009.000,2026-06-24T06:50:09Z,2349,72983,7,K2,HH_2349,1,4,u,true,primary_signal
3009.000,2026-06-24T06:50:09Z,2349,72971,9,K2,HH_2349,4,4,u,true,primary_signal
3010.000,2026-06-24T06:50:10Z,2349,72983,7,K2,HH_2349,1,3,G,true,primary_signal
3010.000,2026-06-24T06:50:10Z,2349,72971,9,K2,HH_2349,4,3,G,true,primary_signal
3016.000,2026-06-24T06:50:16Z,2394,71446,1,K7,HH_2394,2,2,y,true,primary_signal
3016.000,2026-06-24T06:50:16Z,2394,69184,3,K7,HH_2394,3,2,y,true,primary_signal
3017.000,2026-06-24T06:50:17Z,2394,67952,5,K1,HH_2394,0,2,y,true,primary_signal
3019.000,2026-06-24T06:50:19Z,2394,71446,1,K7,HH_2394,2,1,r,true,primary_signal
3019.000,2026-06-24T06:50:19Z,2394,69184,3,K7,HH_2394,3,1,r,true,primary_signal
3020.000,2026-06-24T06:50:20Z,2394,67952,5,K1,HH_2394,0,1,r,true,primary_signal
3023.000,2026-06-24T06:50:23Z,2394,68904,8,K4,HH_2394,1,4,u,true,primary_signal
3023.000,2026-06-24T06:50:23Z,2394,68841,9,K5,HH_2394,5,4,u,true,primary_signal
3024.000,2026-06-24T06:50:24Z,2394,68005,7,K4,HH_2394,1,3,G,true,primary_signal
3024.000,2026-06-24T06:50:24Z,2394,68841,9,K5,HH_2394,5,3,G,true,primary_signal
3030.000,2026-06-24T06:50:30Z,2349,72983,7,K2,HH_2349,1,2,y,true,primary_signal
3030.000,2026-06-24T06:50:30Z,2349,72971,9,K2,HH_2349,4,2,y,true,primary_signal
3033.000,2026-06-24T06:50:33Z,2349,72983,7,K2,HH_2349,1,1,r,true,primary_signal
3033.000,2026-06-24T06:50:33Z,2349,72971,9,K2,HH_2349,4,1,r,true,primary_signal
3035.000,2026-06-24T06:50:35Z,2349,72940,2,K1,HH_2349,0,4,u,true,primary_signal
3035.000,2026-06-24T06:50:35Z,2349,72962,4,K4,HH_2349,2,4,u,true,primary_signal
3035.000,2026-06-24T06:50:35Z,2349,72946,3,K1,HH_2349,3,4,u,true,primary_signal
3035.000,2026-06-24T06:50:35Z,2349,72961,6,K4,HH_2349,5,4,u,true,primary_signal
3036.000,2026-06-24T06:50:36Z,2349,72940,2,K1,HH_2349,0,3,G,true,primary_signal
3036.000,2026-06-24T06:50:36Z,2349,72962,4,K4,HH_2349,2,3,G,true,primary_signal
3036.000,2026-06-24T06:50:36Z,2349,72946,3,K1,HH_2349,3,3,G,true,primary_signal
3036.000,2026-06-24T06:50:36Z,2349,72961,6,K4,HH_2349,5,3,G,true,primary_signal
3044.000,2026-06-24T06:50:44Z,2394,68904,8,K4,HH_2394,1,2,y,true,primary_signal
3044.000,2026-06-24T06:50:44Z,2394,68841,9,K5,HH_2394,5,2,y,true,primary_signal
3047.000,2026-06-24T06:50:47Z,2394,68005,7,K4,HH_2394,1,1,r,true,primary_signal
3047.000,2026-06-24T06:50:47Z,2394,68841,9,K5,HH_2394,5,1,r,true,primary_signal
3049.000,2026-06-24T06:50:49Z,2394,71448,6,K2,HH_2394,4,4,u,true,primary_signal
3050.000,2026-06-24T06:50:50Z,2394,71448,6,K2,HH_2394,4,3,G,true,primary_signal
3052.000,2026-06-24T06:50:52Z,2394,67952,5,K1,HH_2394,0,4,u,true,primary_signal
3053.000,2026-06-24T06:50:53Z,2394,67952,5,K1,HH_2394,0,3,G,true,primary_signal
3060.000,2026-06-24T06:51:00Z,2394,71448,6,K2,HH_2394,4,2,y,true,primary_signal
3063.000,2026-06-24T06:51:03Z,2394,71448,6,K2,HH_2394,4,1,r,true,primary_signal
3069.000,2026-06-24T06:51:09Z,2394,71446,1,K7,HH_2394,2,4,u,true,primary_signal
3069.000,2026-06-24T06:51:09Z,2394,69184,3,K7,HH_2394,3,4,u,true,primary_signal
3070.000,2026-06-24T06:51:10Z,2394,71446,1,K7,HH_2394,2,3,G,true,primary_signal
3070.000,2026-06-24T06:51:10Z,2394,69184,3,K7,HH_2394,3,3,G,true,primary_signal
3087.000,2026-06-24T06:51:27Z,2349,81474,5,K4,HH_2349,2,2,y,true,primary_signal
3087.000,2026-06-24T06:51:27Z,2349,72961,6,K4,HH_2349,5,2,y,true,primary_signal
3090.000,2026-06-24T06:51:30Z,2349,81474,5,K4,HH_2349,2,1,r,true,primary_signal
3090.000,2026-06-24T06:51:30Z,2349,72961,6,K4,HH_2349,5,1,r,true,primary_signal
3104.000,2026-06-24T06:51:44Z,2394,71446,1,K7,HH_2394,2,2,y,true,primary_signal
3104.000,2026-06-24T06:51:44Z,2394,69184,3,K7,HH_2394,3,2,y,true,primary_signal
3105.000,2026-06-24T06:51:45Z,2394,67952,5,K1,HH_2394,0,2,y,true,primary_signal
3107.000,2026-06-24T06:51:47Z,2394,71446,1,K7,HH_2394,2,1,r,true,primary_signal
3107.000,2026-06-24T06:51:47Z,2394,69184,3,K7,HH_2394,3,1,r,true,primary_signal
3108.000,2026-06-24T06:51:48Z,2394,67952,5,K1,HH_2394,0,1,r,true,primary_signal
3111.000,2026-06-24T06:51:51Z,2394,68904,8,K4,HH_2394,1,4,u,true,primary_signal
3111.000,2026-06-24T06:51:51Z,2394,68841,9,K5,HH_2394,5,4,u,true,primary_signal
3112.000,2026-06-24T06:51:52Z,2394,68005,7,K4,HH_2394,1,3,G,true,primary_signal
3112.000,2026-06-24T06:51:52Z,2394,68841,9,K5,HH_2394,5,3,G,true,primary_signal
3118.000,2026-06-24T06:51:58Z,2349,72940,2,K1,HH_2349,0,2,y,true,primary_signal
3118.000,2026-06-24T06:51:58Z,2349,72946,3,K1,HH_2349,3,2,y,true,primary_signal
3121.000,2026-06-24T06:52:01Z,2349,72940,2,K1,HH_2349,0,1,r,true,primary_signal
3121.000,2026-06-24T06:52:01Z,2349,72946,3,K1,HH_2349,3,1,r,true,primary_signal
3128.000,2026-06-24T06:52:08Z,2349,72983,7,K2,HH_2349,1,4,u,true,primary_signal
3128.000,2026-06-24T06:52:08Z,2349,72971,9,K2,HH_2349,4,4,u,true,primary_signal
3129.000,2026-06-24T06:52:09Z,2349,72983,7,K2,HH_2349,1,3,G,true,primary_signal
3129.000,2026-06-24T06:52:09Z,2349,72971,9,K2,HH_2349,4,3,G,true,primary_signal
3132.000,2026-06-24T06:52:12Z,2394,68005,7,K4,HH_2394,1,2,y,true,primary_signal
3132.000,2026-06-24T06:52:12Z,2394,68841,9,K5,HH_2394,5,2,y,true,primary_signal
3135.000,2026-06-24T06:52:15Z,2394,68904,8,K4,HH_2394,1,1,r,true,primary_signal
3135.000,2026-06-24T06:52:15Z,2394,68841,9,K5,HH_2394,5,1,r,true,primary_signal
3137.000,2026-06-24T06:52:17Z,2394,71448,6,K2,HH_2394,4,4,u,true,primary_signal
3138.000,2026-06-24T06:52:18Z,2394,71448,6,K2,HH_2394,4,3,G,true,primary_signal
3140.000,2026-06-24T06:52:20Z,2394,67952,5,K1,HH_2394,0,4,u,true,primary_signal
3141.000,2026-06-24T06:52:21Z,2394,67952,5,K1,HH_2394,0,3,G,true,primary_signal
3148.000,2026-06-24T06:52:28Z,2349,72983,7,K2,HH_2349,1,2,y,true,primary_signal
3148.000,2026-06-24T06:52:28Z,2349,72971,9,K2,HH_2349,4,2,y,true,primary_signal
3148.000,2026-06-24T06:52:28Z,2394,71448,6,K2,HH_2394,4,2,y,true,primary_signal
3151.000,2026-06-24T06:52:31Z,2349,72983,7,K2,HH_2349,1,1,r,true,primary_signal
3151.000,2026-06-24T06:52:31Z,2349,72971,9,K2,HH_2349,4,1,r,true,primary_signal
3151.000,2026-06-24T06:52:31Z,2394,71448,6,K2,HH_2394,4,1,r,true,primary_signal
3153.000,2026-06-24T06:52:33Z,2349,72940,2,K1,HH_2349,0,4,u,true,primary_signal
3153.000,2026-06-24T06:52:33Z,2349,72962,4,K4,HH_2349,2,4,u,true,primary_signal
3153.000,2026-06-24T06:52:33Z,2349,72946,3,K1,HH_2349,3,4,u,true,primary_signal
3153.000,2026-06-24T06:52:33Z,2349,72961,6,K4,HH_2349,5,4,u,true,primary_signal
3154.000,2026-06-24T06:52:34Z,2349,72940,2,K1,HH_2349,0,3,G,true,primary_signal
3154.000,2026-06-24T06:52:34Z,2349,72962,4,K4,HH_2349,2,3,G,true,primary_signal
3154.000,2026-06-24T06:52:34Z,2349,72946,3,K1,HH_2349,3,3,G,true,primary_signal
3154.000,2026-06-24T06:52:34Z,2349,72961,6,K4,HH_2349,5,3,G,true,primary_signal
3157.000,2026-06-24T06:52:37Z,2394,71446,1,K7,HH_2394,2,4,u,true,primary_signal
3157.000,2026-06-24T06:52:37Z,2394,69184,3,K7,HH_2394,3,4,u,true,primary_signal
3158.000,2026-06-24T06:52:38Z,2394,71446,1,K7,HH_2394,2,3,G,true,primary_signal
3158.000,2026-06-24T06:52:38Z,2394,69184,3,K7,HH_2394,3,3,G,true,primary_signal
3196.000,2026-06-24T06:53:16Z,2394,71446,1,K7,HH_2394,2,2,y,true,primary_signal
3196.000,2026-06-24T06:53:16Z,2394,68006,2,K7,HH_2394,3,2,y,true,primary_signal
3197.000,2026-06-24T06:53:17Z,2394,67952,5,K1,HH_2394,0,2,y,true,primary_signal
3199.000,2026-06-24T06:53:19Z,2394,71446,1,K7,HH_2394,2,1,r,true,primary_signal
3199.000,2026-06-24T06:53:19Z,2394,69184,3,K7,HH_2394,3,1,r,true,primary_signal
3200.000,2026-06-24T06:53:20Z,2394,67952,5,K1,HH_2394,0,1,r,true,primary_signal
3203.000,2026-06-24T06:53:23Z,2394,68904,8,K4,HH_2394,1,4,u,true,primary_signal
3203.000,2026-06-24T06:53:23Z,2394,68841,9,K5,HH_2394,5,4,u,true,primary_signal
3204.000,2026-06-24T06:53:24Z,2394,68005,7,K4,HH_2394,1,3,G,true,primary_signal
3204.000,2026-06-24T06:53:24Z,2394,68841,9,K5,HH_2394,5,3,G,true,primary_signal
3211.000,2026-06-24T06:53:31Z,2349,72940,2,K1,HH_2349,0,2,y,true,primary_signal
3211.000,2026-06-24T06:53:31Z,2349,72962,4,K4,HH_2349,2,2,y,true,primary_signal
3211.000,2026-06-24T06:53:31Z,2349,72946,3,K1,HH_2349,3,2,y,true,primary_signal
3211.000,2026-06-24T06:53:31Z,2349,72961,6,K4,HH_2349,5,2,y,true,primary_signal
3214.000,2026-06-24T06:53:34Z,2349,72940,2,K1,HH_2349,0,1,r,true,primary_signal
3214.000,2026-06-24T06:53:34Z,2349,72962,4,K4,HH_2349,2,1,r,true,primary_signal
3214.000,2026-06-24T06:53:34Z,2349,72946,3,K1,HH_2349,3,1,r,true,primary_signal
3214.000,2026-06-24T06:53:34Z,2349,72961,6,K4,HH_2349,5,1,r,true,primary_signal
3221.000,2026-06-24T06:53:41Z,2349,73039,8,K2,HH_2349,1,4,u,true,primary_signal
3221.000,2026-06-24T06:53:41Z,2349,72971,9,K2,HH_2349,4,4,u,true,primary_signal
3222.000,2026-06-24T06:53:42Z,2349,72983,7,K2,HH_2349,1,3,G,true,primary_signal
3222.000,2026-06-24T06:53:42Z,2349,72971,9,K2,HH_2349,4,3,G,true,primary_signal
3224.000,2026-06-24T06:53:44Z,2394,68904,8,K4,HH_2394,1,2,y,true,primary_signal
3224.000,2026-06-24T06:53:44Z,2394,68841,9,K5,HH_2394,5,2,y,true,primary_signal
3227.000,2026-06-24T06:53:47Z,2394,68904,8,K4,HH_2394,1,1,r,true,primary_signal
3227.000,2026-06-24T06:53:47Z,2394,68841,9,K5,HH_2394,5,1,r,true,primary_signal
3229.000,2026-06-24T06:53:49Z,2394,71448,6,K2,HH_2394,4,4,u,true,primary_signal
3230.000,2026-06-24T06:53:50Z,2394,71448,6,K2,HH_2394,4,3,G,true,primary_signal
3232.000,2026-06-24T06:53:52Z,2394,67952,5,K1,HH_2394,0,4,u,true,primary_signal
3233.000,2026-06-24T06:53:53Z,2394,67952,5,K1,HH_2394,0,3,G,true,primary_signal
3240.000,2026-06-24T06:54:00Z,2394,71448,6,K2,HH_2394,4,2,y,true,primary_signal
3241.000,2026-06-24T06:54:01Z,2349,72983,7,K2,HH_2349,1,2,y,true,primary_signal
3241.000,2026-06-24T06:54:01Z,2349,72971,9,K2,HH_2349,4,2,y,true,primary_signal
3243.000,2026-06-24T06:54:03Z,2394,71448,6,K2,HH_2394,4,1,r,true,primary_signal
3244.000,2026-06-24T06:54:04Z,2349,72983,7,K2,HH_2349,1,1,r,true,primary_signal
3244.000,2026-06-24T06:54:04Z,2349,72971,9,K2,HH_2349,4,1,r,true,primary_signal
3246.000,2026-06-24T06:54:06Z,2349,72940,2,K1,HH_2349,0,4,u,true,primary_signal
3246.000,2026-06-24T06:54:06Z,2349,72962,4,K4,HH_2349,2,4,u,true,primary_signal
3246.000,2026-06-24T06:54:06Z,2349,72946,3,K1,HH_2349,3,4,u,true,primary_signal
3246.000,2026-06-24T06:54:06Z,2349,72961,6,K4,HH_2349,5,4,u,true,primary_signal
3247.000,2026-06-24T06:54:07Z,2349,72940,2,K1,HH_2349,0,3,G,true,primary_signal
3247.000,2026-06-24T06:54:07Z,2349,72962,4,K4,HH_2349,2,3,G,true,primary_signal
3247.000,2026-06-24T06:54:07Z,2349,72946,3,K1,HH_2349,3,3,G,true,primary_signal
3247.000,2026-06-24T06:54:07Z,2349,72961,6,K4,HH_2349,5,3,G,true,primary_signal
3249.000,2026-06-24T06:54:09Z,2394,71446,1,K7,HH_2394,2,4,u,true,primary_signal
3249.000,2026-06-24T06:54:09Z,2394,69184,3,K7,HH_2394,3,4,u,true,primary_signal
3250.000,2026-06-24T06:54:10Z,2394,71446,1,K7,HH_2394,2,3,G,true,primary_signal
3250.000,2026-06-24T06:54:10Z,2394,69184,3,K7,HH_2394,3,3,G,true,primary_signal
3274.000,2026-06-24T06:54:34Z,2349,72940,2,K1,HH_2349,0,2,y,true,primary_signal
3274.000,2026-06-24T06:54:34Z,2349,72962,4,K4,HH_2349,2,2,y,true,primary_signal
3274.000,2026-06-24T06:54:34Z,2349,72946,3,K1,HH_2349,3,2,y,true,primary_signal
3274.000,2026-06-24T06:54:34Z,2349,72961,6,K4,HH_2349,5,2,y,true,primary_signal
3277.000,2026-06-24T06:54:37Z,2349,72940,2,K1,HH_2349,0,1,r,true,primary_signal
3277.000,2026-06-24T06:54:37Z,2349,72962,4,K4,HH_2349,2,1,r,true,primary_signal
3277.000,2026-06-24T06:54:37Z,2349,72946,3,K1,HH_2349,3,1,r,true,primary_signal
3277.000,2026-06-24T06:54:37Z,2349,72961,6,K4,HH_2349,5,1,r,true,primary_signal
3284.000,2026-06-24T06:54:44Z,2349,72983,7,K2,HH_2349,1,4,u,true,primary_signal
3284.000,2026-06-24T06:54:44Z,2349,72971,9,K2,HH_2349,4,4,u,true,primary_signal
3285.000,2026-06-24T06:54:45Z,2349,72983,7,K2,HH_2349,1,3,G,true,primary_signal
3285.000,2026-06-24T06:54:45Z,2349,72971,9,K2,HH_2349,4,3,G,true,primary_signal
3286.000,2026-06-24T06:54:46Z,2394,71446,1,K7,HH_2394,2,2,y,true,primary_signal
3286.000,2026-06-24T06:54:46Z,2394,69184,3,K7,HH_2394,3,2,y,true,primary_signal
3287.000,2026-06-24T06:54:47Z,2394,67952,5,K1,HH_2394,0,2,y,true,primary_signal
3289.000,2026-06-24T06:54:49Z,2394,71446,1,K7,HH_2394,2,1,r,true,primary_signal
3289.000,2026-06-24T06:54:49Z,2394,69184,3,K7,HH_2394,3,1,r,true,primary_signal
3290.000,2026-06-24T06:54:50Z,2394,67952,5,K1,HH_2394,0,1,r,true,primary_signal
3293.000,2026-06-24T06:54:53Z,2394,68904,8,K4,HH_2394,1,4,u,true,primary_signal
3293.000,2026-06-24T06:54:53Z,2394,68841,9,K5,HH_2394,5,4,u,true,primary_signal
3294.000,2026-06-24T06:54:54Z,2394,68904,8,K4,HH_2394,1,3,G,true,primary_signal
3294.000,2026-06-24T06:54:54Z,2394,68841,9,K5,HH_2394,5,3,G,true,primary_signal
3304.000,2026-06-24T06:55:04Z,2349,72983,7,K2,HH_2349,1,2,y,true,primary_signal
3304.000,2026-06-24T06:55:04Z,2349,72971,9,K2,HH_2349,4,2,y,true,primary_signal
3307.000,2026-06-24T06:55:07Z,2349,72983,7,K2,HH_2349,1,1,r,true,primary_signal
3307.000,2026-06-24T06:55:07Z,2349,72971,9,K2,HH_2349,4,1,r,true,primary_signal
3309.000,2026-06-24T06:55:09Z,2349,72940,2,K1,HH_2349,0,4,u,true,primary_signal
3309.000,2026-06-24T06:55:09Z,2349,72962,4,K4,HH_2349,2,4,u,true,primary_signal
3309.000,2026-06-24T06:55:09Z,2349,72946,3,K1,HH_2349,3,4,u,true,primary_signal
3309.000,2026-06-24T06:55:09Z,2349,72961,6,K4,HH_2349,5,4,u,true,primary_signal
3310.000,2026-06-24T06:55:10Z,2349,72940,2,K1,HH_2349,0,3,G,true,primary_signal
3310.000,2026-06-24T06:55:10Z,2349,81474,5,K4,HH_2349,2,3,G,true,primary_signal
3310.000,2026-06-24T06:55:10Z,2349,72946,3,K1,HH_2349,3,3,G,true,primary_signal
3310.000,2026-06-24T06:55:10Z,2349,72961,6,K4,HH_2349,5,3,G,true,primary_signal
3314.000,2026-06-24T06:55:14Z,2394,68904,8,K4,HH_2394,1,2,y,true,primary_signal
3314.000,2026-06-24T06:55:14Z,2394,68841,9,K5,HH_2394,5,2,y,true,primary_signal
3317.000,2026-06-24T06:55:17Z,2394,68904,8,K4,HH_2394,1,1,r,true,primary_signal
3317.000,2026-06-24T06:55:17Z,2394,68841,9,K5,HH_2394,5,1,r,true,primary_signal
3319.000,2026-06-24T06:55:19Z,2394,71448,6,K2,HH_2394,4,4,u,true,primary_signal
3320.000,2026-06-24T06:55:20Z,2394,71448,6,K2,HH_2394,4,3,G,true,primary_signal
3322.000,2026-06-24T06:55:22Z,2394,67952,5,K1,HH_2394,0,4,u,true,primary_signal
3323.000,2026-06-24T06:55:23Z,2394,67952,5,K1,HH_2394,0,3,G,true,primary_signal
3333.000,2026-06-24T06:55:33Z,2394,71448,6,K2,HH_2394,4,2,y,true,primary_signal
3336.000,2026-06-24T06:55:36Z,2394,71448,6,K2,HH_2394,4,1,r,true,primary_signal
3342.000,2026-06-24T06:55:42Z,2394,71446,1,K7,HH_2394,2,4,u,true,primary_signal
3342.000,2026-06-24T06:55:42Z,2394,69184,3,K7,HH_2394,3,4,u,true,primary_signal
3343.000,2026-06-24T06:55:43Z,2394,71446,1,K7,HH_2394,2,3,G,true,primary_signal
3343.000,2026-06-24T06:55:43Z,2394,69184,3,K7,HH_2394,3,3,G,true,primary_signal
3356.000,2026-06-24T06:55:56Z,2349,81474,5,K4,HH_2349,2,2,y,true,primary_signal
3356.000,2026-06-24T06:55:56Z,2349,72961,6,K4,HH_2349,5,2,y,true,primary_signal
3357.000,2026-06-24T06:55:57Z,2349,72940,2,K1,HH_2349,0,2,y,true,primary_signal
3357.000,2026-06-24T06:55:57Z,2349,72946,3,K1,HH_2349,3,2,y,true,primary_signal
3359.000,2026-06-24T06:55:59Z,2349,72962,4,K4,HH_2349,2,1,r,true,primary_signal
3359.000,2026-06-24T06:55:59Z,2349,72961,6,K4,HH_2349,5,1,r,true,primary_signal
3360.000,2026-06-24T06:56:00Z,2349,72940,2,K1,HH_2349,0,1,r,true,primary_signal
3360.000,2026-06-24T06:56:00Z,2349,72946,3,K1,HH_2349,3,1,r,true,primary_signal
3367.000,2026-06-24T06:56:07Z,2349,72983,7,K2,HH_2349,1,4,u,true,primary_signal
3367.000,2026-06-24T06:56:07Z,2349,72971,9,K2,HH_2349,4,4,u,true,primary_signal
3368.000,2026-06-24T06:56:08Z,2349,72983,7,K2,HH_2349,1,3,G,true,primary_signal
3368.000,2026-06-24T06:56:08Z,2349,72971,9,K2,HH_2349,4,3,G,true,primary_signal
3376.000,2026-06-24T06:56:16Z,2394,71446,1,K7,HH_2394,2,2,y,true,primary_signal
3376.000,2026-06-24T06:56:16Z,2394,68006,2,K7,HH_2394,3,2,y,true,primary_signal
3377.000,2026-06-24T06:56:17Z,2394,67952,5,K1,HH_2394,0,2,y,true,primary_signal
3379.000,2026-06-24T06:56:19Z,2394,71446,1,K7,HH_2394,2,1,r,true,primary_signal
3379.000,2026-06-24T06:56:19Z,2394,69184,3,K7,HH_2394,3,1,r,true,primary_signal
3380.000,2026-06-24T06:56:20Z,2394,67952,5,K1,HH_2394,0,1,r,true,primary_signal
3383.000,2026-06-24T06:56:23Z,2394,68904,8,K4,HH_2394,1,4,u,true,primary_signal
3383.000,2026-06-24T06:56:23Z,2394,68841,9,K5,HH_2394,5,4,u,true,primary_signal
3384.000,2026-06-24T06:56:24Z,2394,68005,7,K4,HH_2394,1,3,G,true,primary_signal
3384.000,2026-06-24T06:56:24Z,2394,68841,9,K5,HH_2394,5,3,G,true,primary_signal
3387.000,2026-06-24T06:56:27Z,2349,72983,7,K2,HH_2349,1,2,y,true,primary_signal
3387.000,2026-06-24T06:56:27Z,2349,72971,9,K2,HH_2349,4,2,y,true,primary_signal
3390.000,2026-06-24T06:56:30Z,2349,72983,7,K2,HH_2349,1,1,r,true,primary_signal
3390.000,2026-06-24T06:56:30Z,2349,72971,9,K2,HH_2349,4,1,r,true,primary_signal
3392.000,2026-06-24T06:56:32Z,2349,72940,2,K1,HH_2349,0,4,u,true,primary_signal
3392.000,2026-06-24T06:56:32Z,2349,72962,4,K4,HH_2349,2,4,u,true,primary_signal
3392.000,2026-06-24T06:56:32Z,2349,72946,3,K1,HH_2349,3,4,u,true,primary_signal
3392.000,2026-06-24T06:56:32Z,2349,72961,6,K4,HH_2349,5,4,u,true,primary_signal
3393.000,2026-06-24T06:56:33Z,2349,72940,2,K1,HH_2349,0,3,G,true,primary_signal
3393.000,2026-06-24T06:56:33Z,2349,81474,5,K4,HH_2349,2,3,G,true,primary_signal
3393.000,2026-06-24T06:56:33Z,2349,72946,3,K1,HH_2349,3,3,G,true,primary_signal
3393.000,2026-06-24T06:56:33Z,2349,72961,6,K4,HH_2349,5,3,G,true,primary_signal
3404.000,2026-06-24T06:56:44Z,2394,68005,7,K4,HH_2394,1,2,y,true,primary_signal
3404.000,2026-06-24T06:56:44Z,2394,68841,9,K5,HH_2394,5,2,y,true,primary_signal
3407.000,2026-06-24T06:56:47Z,2394,68904,8,K4,HH_2394,1,1,r,true,primary_signal
3407.000,2026-06-24T06:56:47Z,2394,68841,9,K5,HH_2394,5,1,r,true,primary_signal
3410.000,2026-06-24T06:56:50Z,2394,71446,1,K7,HH_2394,2,3,G,true,primary_signal
3410.000,2026-06-24T06:56:50Z,2394,69184,3,K7,HH_2394,3,3,G,true,primary_signal
3412.000,2026-06-24T06:56:52Z,2394,67952,5,K1,HH_2394,0,4,u,true,primary_signal
3413.000,2026-06-24T06:56:53Z,2394,67952,5,K1,HH_2394,0,3,G,true,primary_signal
3433.000,2026-06-24T06:57:13Z,2394,71446,1,K7,HH_2394,2,2,y,true,primary_signal
3433.000,2026-06-24T06:57:13Z,2394,69184,3,K7,HH_2394,3,2,y,true,primary_signal
3436.000,2026-06-24T06:57:16Z,2394,71446,1,K7,HH_2394,2,1,r,true,primary_signal
3436.000,2026-06-24T06:57:16Z,2394,68006,2,K7,HH_2394,3,1,r,true,primary_signal
3439.000,2026-06-24T06:57:19Z,2394,71448,6,K2,HH_2394,4,4,u,true,primary_signal
3440.000,2026-06-24T06:57:20Z,2394,71448,6,K2,HH_2394,4,3,G,true,primary_signal
3448.000,2026-06-24T06:57:28Z,2349,72962,4,K4,HH_2349,2,2,y,true,primary_signal
3448.000,2026-06-24T06:57:28Z,2349,72961,6,K4,HH_2349,5,2,y,true,primary_signal
3449.000,2026-06-24T06:57:29Z,2349,72940,2,K1,HH_2349,0,2,y,true,primary_signal
3449.000,2026-06-24T06:57:29Z,2349,72946,3,K1,HH_2349,3,2,y,true,primary_signal
3450.000,2026-06-24T06:57:30Z,2394,67952,5,K1,HH_2394,0,2,y,true,primary_signal
3450.000,2026-06-24T06:57:30Z,2394,71448,6,K2,HH_2394,4,2,y,true,primary_signal
3451.000,2026-06-24T06:57:31Z,2349,72962,4,K4,HH_2349,2,1,r,true,primary_signal
3451.000,2026-06-24T06:57:31Z,2349,72961,6,K4,HH_2349,5,1,r,true,primary_signal
3452.000,2026-06-24T06:57:32Z,2349,72940,2,K1,HH_2349,0,1,r,true,primary_signal
3452.000,2026-06-24T06:57:32Z,2349,72946,3,K1,HH_2349,3,1,r,true,primary_signal
3453.000,2026-06-24T06:57:33Z,2394,67952,5,K1,HH_2394,0,1,r,true,primary_signal
3453.000,2026-06-24T06:57:33Z,2394,71448,6,K2,HH_2394,4,1,r,true,primary_signal
3456.000,2026-06-24T06:57:36Z,2394,68904,8,K4,HH_2394,1,4,u,true,primary_signal
3456.000,2026-06-24T06:57:36Z,2394,68841,9,K5,HH_2394,5,4,u,true,primary_signal
3457.000,2026-06-24T06:57:37Z,2394,68005,7,K4,HH_2394,1,3,G,true,primary_signal
3457.000,2026-06-24T06:57:37Z,2394,68841,9,K5,HH_2394,5,3,G,true,primary_signal
3459.000,2026-06-24T06:57:39Z,2349,73039,8,K2,HH_2349,1,4,u,true,primary_signal
3459.000,2026-06-24T06:57:39Z,2349,72971,9,K2,HH_2349,4,4,u,true,primary_signal
3460.000,2026-06-24T06:57:40Z,2349,73039,8,K2,HH_2349,1,3,G,true,primary_signal
3460.000,2026-06-24T06:57:40Z,2349,72971,9,K2,HH_2349,4,3,G,true,primary_signal
3477.000,2026-06-24T06:57:57Z,2394,68904,8,K4,HH_2394,1,2,y,true,primary_signal
3477.000,2026-06-24T06:57:57Z,2394,68841,9,K5,HH_2394,5,2,y,true,primary_signal
3479.000,2026-06-24T06:57:59Z,2349,72983,7,K2,HH_2349,1,2,y,true,primary_signal
3479.000,2026-06-24T06:57:59Z,2349,72971,9,K2,HH_2349,4,2,y,true,primary_signal
3480.000,2026-06-24T06:58:00Z,2394,68904,8,K4,HH_2394,1,1,r,true,primary_signal
3480.000,2026-06-24T06:58:00Z,2394,68841,9,K5,HH_2394,5,1,r,true,primary_signal
3482.000,2026-06-24T06:58:02Z,2349,73039,8,K2,HH_2349,1,1,r,true,primary_signal
3482.000,2026-06-24T06:58:02Z,2349,72971,9,K2,HH_2349,4,1,r,true,primary_signal
3482.000,2026-06-24T06:58:02Z,2394,71448,6,K2,HH_2394,4,4,u,true,primary_signal
3483.000,2026-06-24T06:58:03Z,2394,71448,6,K2,HH_2394,4,3,G,true,primary_signal
3484.000,2026-06-24T06:58:04Z,2349,72940,2,K1,HH_2349,0,4,u,true,primary_signal
3484.000,2026-06-24T06:58:04Z,2349,72962,4,K4,HH_2349,2,4,u,true,primary_signal
3484.000,2026-06-24T06:58:04Z,2349,72946,3,K1,HH_2349,3,4,u,true,primary_signal
3484.000,2026-06-24T06:58:04Z,2349,72961,6,K4,HH_2349,5,4,u,true,primary_signal
3485.000,2026-06-24T06:58:05Z,2349,72940,2,K1,HH_2349,0,3,G,true,primary_signal
3485.000,2026-06-24T06:58:05Z,2349,72962,4,K4,HH_2349,2,3,G,true,primary_signal
3485.000,2026-06-24T06:58:05Z,2349,72946,3,K1,HH_2349,3,3,G,true,primary_signal
3485.000,2026-06-24T06:58:05Z,2349,72961,6,K4,HH_2349,5,3,G,true,primary_signal
3485.000,2026-06-24T06:58:05Z,2394,67952,5,K1,HH_2394,0,4,u,true,primary_signal
3486.000,2026-06-24T06:58:06Z,2394,67952,5,K1,HH_2394,0,3,G,true,primary_signal
3496.000,2026-06-24T06:58:16Z,2394,71448,6,K2,HH_2394,4,2,y,true,primary_signal
3499.000,2026-06-24T06:58:19Z,2394,71448,6,K2,HH_2394,4,1,r,true,primary_signal
3505.000,2026-06-24T06:58:25Z,2394,71446,1,K7,HH_2394,2,4,u,true,primary_signal
3505.000,2026-06-24T06:58:25Z,2394,69184,3,K7,HH_2394,3,4,u,true,primary_signal
3506.000,2026-06-24T06:58:26Z,2394,71446,1,K7,HH_2394,2,3,G,true,primary_signal
3506.000,2026-06-24T06:58:26Z,2394,68006,2,K7,HH_2394,3,3,G,true,primary_signal
3536.000,2026-06-24T06:58:56Z,2349,81474,5,K4,HH_2349,2,2,y,true,primary_signal
3536.000,2026-06-24T06:58:56Z,2349,72961,6,K4,HH_2349,5,2,y,true,primary_signal
3537.000,2026-06-24T06:58:57Z,2349,72940,2,K1,HH_2349,0,2,y,true,primary_signal
3537.000,2026-06-24T06:58:57Z,2349,72946,3,K1,HH_2349,3,2,y,true,primary_signal
3539.000,2026-06-24T06:58:59Z,2349,81474,5,K4,HH_2349,2,1,r,true,primary_signal
3539.000,2026-06-24T06:58:59Z,2349,72961,6,K4,HH_2349,5,1,r,true,primary_signal
3540.000,2026-06-24T06:59:00Z,2349,72940,2,K1,HH_2349,0,1,r,true,primary_signal
3540.000,2026-06-24T06:59:00Z,2349,72946,3,K1,HH_2349,3,1,r,true,primary_signal
3547.000,2026-06-24T06:59:07Z,2349,73039,8,K2,HH_2349,1,4,u,true,primary_signal
3547.000,2026-06-24T06:59:07Z,2349,72971,9,K2,HH_2349,4,4,u,true,primary_signal
3548.000,2026-06-24T06:59:08Z,2349,72983,7,K2,HH_2349,1,3,G,true,primary_signal
3548.000,2026-06-24T06:59:08Z,2349,72971,9,K2,HH_2349,4,3,G,true,primary_signal
3555.000,2026-06-24T06:59:15Z,2394,71446,1,K7,HH_2394,2,2,y,true,primary_signal
3555.000,2026-06-24T06:59:15Z,2394,69184,3,K7,HH_2394,3,2,y,true,primary_signal
3557.000,2026-06-24T06:59:17Z,2394,67952,5,K1,HH_2394,0,2,y,true,primary_signal
3559.000,2026-06-24T06:59:19Z,2394,71446,1,K7,HH_2394,2,1,r,true,primary_signal
3559.000,2026-06-24T06:59:19Z,2394,69184,3,K7,HH_2394,3,1,r,true,primary_signal
3560.000,2026-06-24T06:59:20Z,2394,67952,5,K1,HH_2394,0,1,r,true,primary_signal
3563.000,2026-06-24T06:59:23Z,2394,68904,8,K4,HH_2394,1,4,u,true,primary_signal
3563.000,2026-06-24T06:59:23Z,2394,68841,9,K5,HH_2394,5,4,u,true,primary_signal
3564.000,2026-06-24T06:59:24Z,2394,68904,8,K4,HH_2394,1,3,G,true,primary_signal
3564.000,2026-06-24T06:59:24Z,2394,68841,9,K5,HH_2394,5,3,G,true,primary_signal
3567.000,2026-06-24T06:59:27Z,2349,72983,7,K2,HH_2349,1,2,y,true,primary_signal
3567.000,2026-06-24T06:59:27Z,2349,72971,9,K2,HH_2349,4,2,y,true,primary_signal
3570.000,2026-06-24T06:59:30Z,2349,73039,8,K2,HH_2349,1,1,r,true,primary_signal
3570.000,2026-06-24T06:59:30Z,2349,72971,9,K2,HH_2349,4,1,r,true,primary_signal
3572.000,2026-06-24T06:59:32Z,2349,72940,2,K1,HH_2349,0,4,u,true,primary_signal
3572.000,2026-06-24T06:59:32Z,2349,81474,5,K4,HH_2349,2,4,u,true,primary_signal
3572.000,2026-06-24T06:59:32Z,2349,72946,3,K1,HH_2349,3,4,u,true,primary_signal
3572.000,2026-06-24T06:59:32Z,2349,72961,6,K4,HH_2349,5,4,u,true,primary_signal
3573.000,2026-06-24T06:59:33Z,2349,72940,2,K1,HH_2349,0,3,G,true,primary_signal
3573.000,2026-06-24T06:59:33Z,2349,81474,5,K4,HH_2349,2,3,G,true,primary_signal
3573.000,2026-06-24T06:59:33Z,2349,72946,3,K1,HH_2349,3,3,G,true,primary_signal
3573.000,2026-06-24T06:59:33Z,2349,72961,6,K4,HH_2349,5,3,G,true,primary_signal
3584.000,2026-06-24T06:59:44Z,2394,68904,8,K4,HH_2394,1,2,y,true,primary_signal
3584.000,2026-06-24T06:59:44Z,2394,68841,9,K5,HH_2394,5,2,y,true,primary_signal
3587.000,2026-06-24T06:59:47Z,2394,68005,7,K4,HH_2394,1,1,r,true,primary_signal
3587.000,2026-06-24T06:59:47Z,2394,68841,9,K5,HH_2394,5,1,r,true,primary_signal
3589.000,2026-06-24T06:59:49Z,2394,71448,6,K2,HH_2394,4,4,u,true,primary_signal
3590.000,2026-06-24T06:59:50Z,2394,71448,6,K2,HH_2394,4,3,G,true,primary_signal
3592.000,2026-06-24T06:59:52Z,2394,67952,5,K1,HH_2394,0,4,u,true,primary_signal
3593.000,2026-06-24T06:59:53Z,2394,67952,5,K1,HH_2394,0,3,G,true,primary_signal
3602.000,2026-06-24T07:00:02Z,2394,71448,6,K2,HH_2394,4,2,y,true,primary_signal
3605.000,2026-06-24T07:00:05Z,2394,71448,6,K2,HH_2394,4,1,r,true,primary_signal
3611.000,2026-06-24T07:00:11Z,2394,71446,1,K7,HH_2394,2,4,u,true,primary_signal
3611.000,2026-06-24T07:00:11Z,2394,69184,3,K7,HH_2394,3,4,u,true,primary_signal
3612.000,2026-06-24T07:00:12Z,2394,71446,1,K7,HH_2394,2,3,G,true,primary_signal
3612.000,2026-06-24T07:00:12Z,2394,69184,3,K7,HH_2394,3,3,G,true,primary_signal
3643.000,2026-06-24T07:00:43Z,2394,71446,1,K7,HH_2394,2,2,y,true,primary_signal
3643.000,2026-06-24T07:00:43Z,2394,69184,3,K7,HH_2394,3,2,y,true,primary_signal
3644.000,2026-06-24T07:00:44Z,2394,67952,5,K1,HH_2394,0,2,y,true,primary_signal
3646.000,2026-06-24T07:00:46Z,2394,71446,1,K7,HH_2394,2,1,r,true,primary_signal
3646.000,2026-06-24T07:00:46Z,2394,69184,3,K7,HH_2394,3,1,r,true,primary_signal
3647.000,2026-06-24T07:00:47Z,2394,67952,5,K1,HH_2394,0,1,r,true,primary_signal
3650.000,2026-06-24T07:00:50Z,2349,81474,5,K4,HH_2349,2,2,y,true,primary_signal
3650.000,2026-06-24T07:00:50Z,2349,72961,6,K4,HH_2349,5,2,y,true,primary_signal
3650.000,2026-06-24T07:00:50Z,2394,68005,7,K4,HH_2394,1,4,u,true,primary_signal
3650.000,2026-06-24T07:00:50Z,2394,68841,9,K5,HH_2394,5,4,u,true,primary_signal
3651.000,2026-06-24T07:00:51Z,2349,72940,2,K1,HH_2349,0,2,y,true,primary_signal
3651.000,2026-06-24T07:00:51Z,2349,72946,3,K1,HH_2349,3,2,y,true,primary_signal
3651.000,2026-06-24T07:00:51Z,2394,68005,7,K4,HH_2394,1,3,G,true,primary_signal
3651.000,2026-06-24T07:00:51Z,2394,68841,9,K5,HH_2394,5,3,G,true,primary_signal
3653.000,2026-06-24T07:00:53Z,2349,81474,5,K4,HH_2349,2,1,r,true,primary_signal
3653.000,2026-06-24T07:00:53Z,2349,72961,6,K4,HH_2349,5,1,r,true,primary_signal
3654.000,2026-06-24T07:00:54Z,2349,72940,2,K1,HH_2349,0,1,r,true,primary_signal
3654.000,2026-06-24T07:00:54Z,2349,72946,3,K1,HH_2349,3,1,r,true,primary_signal
3661.000,2026-06-24T07:01:01Z,2349,72983,7,K2,HH_2349,1,4,u,true,primary_signal
3661.000,2026-06-24T07:01:01Z,2349,72971,9,K2,HH_2349,4,4,u,true,primary_signal
3662.000,2026-06-24T07:01:02Z,2349,73039,8,K2,HH_2349,1,3,G,true,primary_signal
3662.000,2026-06-24T07:01:02Z,2349,72971,9,K2,HH_2349,4,3,G,true,primary_signal
3671.000,2026-06-24T07:01:11Z,2394,68005,7,K4,HH_2394,1,2,y,true,primary_signal
3671.000,2026-06-24T07:01:11Z,2394,68841,9,K5,HH_2394,5,2,y,true,primary_signal
3674.000,2026-06-24T07:01:14Z,2394,68904,8,K4,HH_2394,1,1,r,true,primary_signal
3674.000,2026-06-24T07:01:14Z,2394,68841,9,K5,HH_2394,5,1,r,true,primary_signal
3676.000,2026-06-24T07:01:16Z,2394,71448,6,K2,HH_2394,4,4,u,true,primary_signal
3677.000,2026-06-24T07:01:17Z,2394,71448,6,K2,HH_2394,4,3,G,true,primary_signal
3679.000,2026-06-24T07:01:19Z,2394,67952,5,K1,HH_2394,0,4,u,true,primary_signal
3680.000,2026-06-24T07:01:20Z,2394,67952,5,K1,HH_2394,0,3,G,true,primary_signal
3681.000,2026-06-24T07:01:21Z,2349,72983,7,K2,HH_2349,1,2,y,true,primary_signal
3681.000,2026-06-24T07:01:21Z,2349,72971,9,K2,HH_2349,4,2,y,true,primary_signal
3684.000,2026-06-24T07:01:24Z,2349,72983,7,K2,HH_2349,1,1,r,true,primary_signal
3684.000,2026-06-24T07:01:24Z,2349,72971,9,K2,HH_2349,4,1,r,true,primary_signal
3686.000,2026-06-24T07:01:26Z,2349,72940,2,K1,HH_2349,0,4,u,true,primary_signal
3686.000,2026-06-24T07:01:26Z,2349,72962,4,K4,HH_2349,2,4,u,true,primary_signal
3686.000,2026-06-24T07:01:26Z,2349,72946,3,K1,HH_2349,3,4,u,true,primary_signal
3686.000,2026-06-24T07:01:26Z,2349,72961,6,K4,HH_2349,5,4,u,true,primary_signal
3687.000,2026-06-24T07:01:27Z,2349,72940,2,K1,HH_2349,0,3,G,true,primary_signal
3687.000,2026-06-24T07:01:27Z,2349,72962,4,K4,HH_2349,2,3,G,true,primary_signal
3687.000,2026-06-24T07:01:27Z,2349,72946,3,K1,HH_2349,3,3,G,true,primary_signal
3687.000,2026-06-24T07:01:27Z,2349,72961,6,K4,HH_2349,5,3,G,true,primary_signal
3695.000,2026-06-24T07:01:35Z,2394,71448,6,K2,HH_2394,4,2,y,true,primary_signal
3698.000,2026-06-24T07:01:38Z,2394,71448,6,K2,HH_2394,4,1,r,true,primary_signal
3704.000,2026-06-24T07:01:44Z,2394,71446,1,K7,HH_2394,2,4,u,true,primary_signal
3704.000,2026-06-24T07:01:44Z,2394,69184,3,K7,HH_2394,3,4,u,true,primary_signal
3705.000,2026-06-24T07:01:45Z,2394,71446,1,K7,HH_2394,2,3,G,true,primary_signal
3705.000,2026-06-24T07:01:45Z,2394,69184,3,K7,HH_2394,3,3,G,true,primary_signal
3716.000,2026-06-24T07:01:56Z,2349,81474,5,K4,HH_2349,2,2,y,true,primary_signal
3716.000,2026-06-24T07:01:56Z,2349,72961,6,K4,HH_2349,5,2,y,true,primary_signal
3717.000,2026-06-24T07:01:57Z,2349,72940,2,K1,HH_2349,0,2,y,true,primary_signal
3717.000,2026-06-24T07:01:57Z,2349,72946,3,K1,HH_2349,3,2,y,true,primary_signal
3719.000,2026-06-24T07:01:59Z,2349,81474,5,K4,HH_2349,2,1,r,true,primary_signal
3719.000,2026-06-24T07:01:59Z,2349,72961,6,K4,HH_2349,5,1,r,true,primary_signal
3720.000,2026-06-24T07:02:00Z,2349,72940,2,K1,HH_2349,0,1,r,true,primary_signal
3720.000,2026-06-24T07:02:00Z,2349,72946,3,K1,HH_2349,3,1,r,true,primary_signal
3727.000,2026-06-24T07:02:07Z,2349,73039,8,K2,HH_2349,1,4,u,true,primary_signal
3727.000,2026-06-24T07:02:07Z,2349,72971,9,K2,HH_2349,4,4,u,true,primary_signal
3728.000,2026-06-24T07:02:08Z,2349,73039,8,K2,HH_2349,1,3,G,true,primary_signal
3728.000,2026-06-24T07:02:08Z,2349,72971,9,K2,HH_2349,4,3,G,true,primary_signal
3736.000,2026-06-24T07:02:16Z,2394,71446,1,K7,HH_2394,2,2,y,true,primary_signal
3736.000,2026-06-24T07:02:16Z,2394,68006,2,K7,HH_2394,3,2,y,true,primary_signal
3737.000,2026-06-24T07:02:17Z,2394,67952,5,K1,HH_2394,0,2,y,true,primary_signal
3739.000,2026-06-24T07:02:19Z,2394,71446,1,K7,HH_2394,2,1,r,true,primary_signal
3739.000,2026-06-24T07:02:19Z,2394,69184,3,K7,HH_2394,3,1,r,true,primary_signal
3740.000,2026-06-24T07:02:20Z,2394,67952,5,K1,HH_2394,0,1,r,true,primary_signal
3743.000,2026-06-24T07:02:23Z,2394,68904,8,K4,HH_2394,1,4,u,true,primary_signal
3743.000,2026-06-24T07:02:23Z,2394,68841,9,K5,HH_2394,5,4,u,true,primary_signal
3744.000,2026-06-24T07:02:24Z,2394,68005,7,K4,HH_2394,1,3,G,true,primary_signal
3744.000,2026-06-24T07:02:24Z,2394,68841,9,K5,HH_2394,5,3,G,true,primary_signal
3747.000,2026-06-24T07:02:27Z,2349,72983,7,K2,HH_2349,1,2,y,true,primary_signal
3747.000,2026-06-24T07:02:27Z,2349,72971,9,K2,HH_2349,4,2,y,true,primary_signal
3750.000,2026-06-24T07:02:30Z,2349,72983,7,K2,HH_2349,1,1,r,true,primary_signal
3750.000,2026-06-24T07:02:30Z,2349,72971,9,K2,HH_2349,4,1,r,true,primary_signal
3752.000,2026-06-24T07:02:32Z,2349,72940,2,K1,HH_2349,0,4,u,true,primary_signal
3752.000,2026-06-24T07:02:32Z,2349,81474,5,K4,HH_2349,2,4,u,true,primary_signal
3752.000,2026-06-24T07:02:32Z,2349,72946,3,K1,HH_2349,3,4,u,true,primary_signal
3752.000,2026-06-24T07:02:32Z,2349,72961,6,K4,HH_2349,5,4,u,true,primary_signal
3753.000,2026-06-24T07:02:33Z,2349,72940,2,K1,HH_2349,0,3,G,true,primary_signal
3753.000,2026-06-24T07:02:33Z,2349,72962,4,K4,HH_2349,2,3,G,true,primary_signal
3753.000,2026-06-24T07:02:33Z,2349,72946,3,K1,HH_2349,3,3,G,true,primary_signal
3753.000,2026-06-24T07:02:33Z,2349,72961,6,K4,HH_2349,5,3,G,true,primary_signal
3764.000,2026-06-24T07:02:44Z,2394,68904,8,K4,HH_2394,1,2,y,true,primary_signal
3764.000,2026-06-24T07:02:44Z,2394,68841,9,K5,HH_2394,5,2,y,true,primary_signal
3767.000,2026-06-24T07:02:47Z,2394,68904,8,K4,HH_2394,1,1,r,true,primary_signal
3767.000,2026-06-24T07:02:47Z,2394,68841,9,K5,HH_2394,5,1,r,true,primary_signal
3769.000,2026-06-24T07:02:49Z,2394,71448,6,K2,HH_2394,4,4,u,true,primary_signal
3770.000,2026-06-24T07:02:50Z,2394,71448,6,K2,HH_2394,4,3,G,true,primary_signal
3772.000,2026-06-24T07:02:52Z,2394,67952,5,K1,HH_2394,0,4,u,true,primary_signal
3773.000,2026-06-24T07:02:53Z,2394,67952,5,K1,HH_2394,0,3,G,true,primary_signal
3780.000,2026-06-24T07:03:00Z,2394,71448,6,K2,HH_2394,4,2,y,true,primary_signal
3783.000,2026-06-24T07:03:03Z,2394,71448,6,K2,HH_2394,4,1,r,true,primary_signal
3789.000,2026-06-24T07:03:09Z,2394,71446,1,K7,HH_2394,2,4,u,true,primary_signal
3789.000,2026-06-24T07:03:09Z,2394,69184,3,K7,HH_2394,3,4,u,true,primary_signal
3790.000,2026-06-24T07:03:10Z,2394,71446,1,K7,HH_2394,2,3,G,true,primary_signal
3790.000,2026-06-24T07:03:10Z,2394,69184,3,K7,HH_2394,3,3,G,true,primary_signal
3826.000,2026-06-24T07:03:46Z,2394,71446,1,K7,HH_2394,2,2,y,true,primary_signal
3826.000,2026-06-24T07:03:46Z,2394,69184,3,K7,HH_2394,3,2,y,true,primary_signal
3827.000,2026-06-24T07:03:47Z,2394,67952,5,K1,HH_2394,0,2,y,true,primary_signal
3829.000,2026-06-24T07:03:49Z,2394,71446,1,K7,HH_2394,2,1,r,true,primary_signal
3829.000,2026-06-24T07:03:49Z,2394,69184,3,K7,HH_2394,3,1,r,true,primary_signal
3830.000,2026-06-24T07:03:50Z,2349,72940,2,K1,HH_2349,0,2,y,true,primary_signal
3830.000,2026-06-24T07:03:50Z,2349,72962,4,K4,HH_2349,2,2,y,true,primary_signal
3830.000,2026-06-24T07:03:50Z,2349,72946,3,K1,HH_2349,3,2,y,true,primary_signal
3830.000,2026-06-24T07:03:50Z,2349,72961,6,K4,HH_2349,5,2,y,true,primary_signal
3830.000,2026-06-24T07:03:50Z,2394,67952,5,K1,HH_2394,0,1,r,true,primary_signal
3833.000,2026-06-24T07:03:53Z,2349,72940,2,K1,HH_2349,0,1,r,true,primary_signal
3833.000,2026-06-24T07:03:53Z,2349,72962,4,K4,HH_2349,2,1,r,true,primary_signal
3833.000,2026-06-24T07:03:53Z,2349,72946,3,K1,HH_2349,3,1,r,true,primary_signal
3833.000,2026-06-24T07:03:53Z,2349,72961,6,K4,HH_2349,5,1,r,true,primary_signal
3833.000,2026-06-24T07:03:53Z,2394,68904,8,K4,HH_2394,1,4,u,true,primary_signal
3833.000,2026-06-24T07:03:53Z,2394,68841,9,K5,HH_2394,5,4,u,true,primary_signal
3834.000,2026-06-24T07:03:54Z,2394,68904,8,K4,HH_2394,1,3,G,true,primary_signal
3834.000,2026-06-24T07:03:54Z,2394,68841,9,K5,HH_2394,5,3,G,true,primary_signal
3840.000,2026-06-24T07:04:00Z,2349,72983,7,K2,HH_2349,1,4,u,true,primary_signal
3840.000,2026-06-24T07:04:00Z,2349,72971,9,K2,HH_2349,4,4,u,true,primary_signal
3841.000,2026-06-24T07:04:01Z,2349,72983,7,K2,HH_2349,1,3,G,true,primary_signal
3841.000,2026-06-24T07:04:01Z,2349,72971,9,K2,HH_2349,4,3,G,true,primary_signal
3853.000,2026-06-24T07:04:13Z,2394,68904,8,K4,HH_2394,1,2,y,true,primary_signal
3853.000,2026-06-24T07:04:13Z,2394,68841,9,K5,HH_2394,5,2,y,true,primary_signal
3857.000,2026-06-24T07:04:17Z,2394,68904,8,K4,HH_2394,1,1,r,true,primary_signal
3857.000,2026-06-24T07:04:17Z,2394,68841,9,K5,HH_2394,5,1,r,true,primary_signal
3859.000,2026-06-24T07:04:19Z,2394,71448,6,K2,HH_2394,4,4,u,true,primary_signal
3860.000,2026-06-24T07:04:20Z,2349,72983,7,K2,HH_2349,1,2,y,true,primary_signal
3860.000,2026-06-24T07:04:20Z,2349,72971,9,K2,HH_2349,4,2,y,true,primary_signal
3860.000,2026-06-24T07:04:20Z,2394,71448,6,K2,HH_2394,4,3,G,true,primary_signal
3862.000,2026-06-24T07:04:22Z,2394,67952,5,K1,HH_2394,0,4,u,true,primary_signal
3863.000,2026-06-24T07:04:23Z,2349,73039,8,K2,HH_2349,1,1,r,true,primary_signal
3863.000,2026-06-24T07:04:23Z,2349,72971,9,K2,HH_2349,4,1,r,true,primary_signal
3863.000,2026-06-24T07:04:23Z,2394,67952,5,K1,HH_2394,0,3,G,true,primary_signal
3865.000,2026-06-24T07:04:25Z,2349,72940,2,K1,HH_2349,0,4,u,true,primary_signal
3865.000,2026-06-24T07:04:25Z,2349,81474,5,K4,HH_2349,2,4,u,true,primary_signal
3865.000,2026-06-24T07:04:25Z,2349,72946,3,K1,HH_2349,3,4,u,true,primary_signal
3865.000,2026-06-24T07:04:25Z,2349,72961,6,K4,HH_2349,5,4,u,true,primary_signal
3866.000,2026-06-24T07:04:26Z,2349,72940,2,K1,HH_2349,0,3,G,true,primary_signal
3866.000,2026-06-24T07:04:26Z,2349,72962,4,K4,HH_2349,2,3,G,true,primary_signal
3866.000,2026-06-24T07:04:26Z,2349,72946,3,K1,HH_2349,3,3,G,true,primary_signal
3866.000,2026-06-24T07:04:26Z,2349,72961,6,K4,HH_2349,5,3,G,true,primary_signal
3874.000,2026-06-24T07:04:34Z,2394,71448,6,K2,HH_2394,4,2,y,true,primary_signal
3877.000,2026-06-24T07:04:37Z,2394,71448,6,K2,HH_2394,4,1,r,true,primary_signal
3883.000,2026-06-24T07:04:43Z,2394,71446,1,K7,HH_2394,2,4,u,true,primary_signal
3883.000,2026-06-24T07:04:43Z,2394,69184,3,K7,HH_2394,3,4,u,true,primary_signal
3884.000,2026-06-24T07:04:44Z,2394,71446,1,K7,HH_2394,2,3,G,true,primary_signal
3884.000,2026-06-24T07:04:44Z,2394,68006,2,K7,HH_2394,3,3,G,true,primary_signal
3901.000,2026-06-24T07:05:01Z,2349,72940,2,K1,HH_2349,0,2,y,true,primary_signal
3901.000,2026-06-24T07:05:01Z,2349,72962,4,K4,HH_2349,2,2,y,true,primary_signal
3901.000,2026-06-24T07:05:01Z,2349,72946,3,K1,HH_2349,3,2,y,true,primary_signal
3901.000,2026-06-24T07:05:01Z,2349,72961,6,K4,HH_2349,5,2,y,true,primary_signal
3904.000,2026-06-24T07:05:04Z,2349,72940,2,K1,HH_2349,0,1,r,true,primary_signal
3904.000,2026-06-24T07:05:04Z,2349,72962,4,K4,HH_2349,2,1,r,true,primary_signal
3904.000,2026-06-24T07:05:04Z,2349,72946,3,K1,HH_2349,3,1,r,true,primary_signal
3904.000,2026-06-24T07:05:04Z,2349,72961,6,K4,HH_2349,5,1,r,true,primary_signal
3911.000,2026-06-24T07:05:11Z,2349,72983,7,K2,HH_2349,1,4,u,true,primary_signal
3911.000,2026-06-24T07:05:11Z,2349,72971,9,K2,HH_2349,4,4,u,true,primary_signal
3912.000,2026-06-24T07:05:12Z,2349,72983,7,K2,HH_2349,1,3,G,true,primary_signal
3912.000,2026-06-24T07:05:12Z,2349,72971,9,K2,HH_2349,4,3,G,true,primary_signal
3916.000,2026-06-24T07:05:16Z,2394,71446,1,K7,HH_2394,2,2,y,true,primary_signal
3916.000,2026-06-24T07:05:16Z,2394,68006,2,K7,HH_2394,3,2,y,true,primary_signal
3917.000,2026-06-24T07:05:17Z,2394,67952,5,K1,HH_2394,0,2,y,true,primary_signal
3919.000,2026-06-24T07:05:19Z,2394,71446,1,K7,HH_2394,2,1,r,true,primary_signal
3919.000,2026-06-24T07:05:19Z,2394,69184,3,K7,HH_2394,3,1,r,true,primary_signal
3920.000,2026-06-24T07:05:20Z,2394,67952,5,K1,HH_2394,0,1,r,true,primary_signal
3923.000,2026-06-24T07:05:23Z,2394,68904,8,K4,HH_2394,1,4,u,true,primary_signal
3923.000,2026-06-24T07:05:23Z,2394,68841,9,K5,HH_2394,5,4,u,true,primary_signal
3924.000,2026-06-24T07:05:24Z,2394,68005,7,K4,HH_2394,1,3,G,true,primary_signal
3924.000,2026-06-24T07:05:24Z,2394,68841,9,K5,HH_2394,5,3,G,true,primary_signal
3931.000,2026-06-24T07:05:31Z,2349,72983,7,K2,HH_2349,1,2,y,true,primary_signal
3931.000,2026-06-24T07:05:31Z,2349,72971,9,K2,HH_2349,4,2,y,true,primary_signal
3934.000,2026-06-24T07:05:34Z,2349,72983,7,K2,HH_2349,1,1,r,true,primary_signal
3934.000,2026-06-24T07:05:34Z,2349,72971,9,K2,HH_2349,4,1,r,true,primary_signal
3936.000,2026-06-24T07:05:36Z,2349,72940,2,K1,HH_2349,0,4,u,true,primary_signal
3936.000,2026-06-24T07:05:36Z,2349,72962,4,K4,HH_2349,2,4,u,true,primary_signal
3936.000,2026-06-24T07:05:36Z,2349,72946,3,K1,HH_2349,3,4,u,true,primary_signal
3936.000,2026-06-24T07:05:36Z,2349,72961,6,K4,HH_2349,5,4,u,true,primary_signal
3937.000,2026-06-24T07:05:37Z,2349,72940,2,K1,HH_2349,0,3,G,true,primary_signal
3937.000,2026-06-24T07:05:37Z,2349,72962,4,K4,HH_2349,2,3,G,true,primary_signal
3937.000,2026-06-24T07:05:37Z,2349,72946,3,K1,HH_2349,3,3,G,true,primary_signal
3937.000,2026-06-24T07:05:37Z,2349,72961,6,K4,HH_2349,5,3,G,true,primary_signal
3944.000,2026-06-24T07:05:44Z,2394,68904,8,K4,HH_2394,1,2,y,true,primary_signal
3944.000,2026-06-24T07:05:44Z,2394,68841,9,K5,HH_2394,5,2,y,true,primary_signal
3947.000,2026-06-24T07:05:47Z,2394,68904,8,K4,HH_2394,1,1,r,true,primary_signal
3947.000,2026-06-24T07:05:47Z,2394,68841,9,K5,HH_2394,5,1,r,true,primary_signal
3949.000,2026-06-24T07:05:49Z,2394,71448,6,K2,HH_2394,4,4,u,true,primary_signal
3950.000,2026-06-24T07:05:50Z,2394,71448,6,K2,HH_2394,4,3,G,true,primary_signal
3952.000,2026-06-24T07:05:52Z,2394,67952,5,K1,HH_2394,0,4,u,true,primary_signal
3953.000,2026-06-24T07:05:53Z,2394,67952,5,K1,HH_2394,0,3,G,true,primary_signal
3960.000,2026-06-24T07:06:00Z,2394,71448,6,K2,HH_2394,4,2,y,true,primary_signal
3963.000,2026-06-24T07:06:03Z,2394,71448,6,K2,HH_2394,4,1,r,true,primary_signal
3969.000,2026-06-24T07:06:09Z,2394,71446,1,K7,HH_2394,2,4,u,true,primary_signal
3969.000,2026-06-24T07:06:09Z,2394,69184,3,K7,HH_2394,3,4,u,true,primary_signal
3970.000,2026-06-24T07:06:10Z,2394,71446,1,K7,HH_2394,2,3,G,true,primary_signal
3970.000,2026-06-24T07:06:10Z,2394,69184,3,K7,HH_2394,3,3,G,true,primary_signal
3986.000,2026-06-24T07:06:26Z,2349,81474,5,K4,HH_2349,2,2,y,true,primary_signal
3986.000,2026-06-24T07:06:26Z,2349,72961,6,K4,HH_2349,5,2,y,true,primary_signal
3987.000,2026-06-24T07:06:27Z,2349,72940,2,K1,HH_2349,0,2,y,true,primary_signal
3987.000,2026-06-24T07:06:27Z,2349,72946,3,K1,HH_2349,3,2,y,true,primary_signal
3989.000,2026-06-24T07:06:29Z,2349,72962,4,K4,HH_2349,2,1,r,true,primary_signal
3989.000,2026-06-24T07:06:29Z,2349,72961,6,K4,HH_2349,5,1,r,true,primary_signal
3990.000,2026-06-24T07:06:30Z,2349,72940,2,K1,HH_2349,0,1,r,true,primary_signal
3990.000,2026-06-24T07:06:30Z,2349,72946,3,K1,HH_2349,3,1,r,true,primary_signal
3997.000,2026-06-24T07:06:37Z,2349,73039,8,K2,HH_2349,1,4,u,true,primary_signal
3997.000,2026-06-24T07:06:37Z,2349,72971,9,K2,HH_2349,4,4,u,true,primary_signal
3998.000,2026-06-24T07:06:38Z,2349,72983,7,K2,HH_2349,1,3,G,true,primary_signal
3998.000,2026-06-24T07:06:38Z,2349,72971,9,K2,HH_2349,4,3,G,true,primary_signal
4006.000,2026-06-24T07:06:46Z,2394,71446,1,K7,HH_2394,2,2,y,true,primary_signal
4006.000,2026-06-24T07:06:46Z,2394,69184,3,K7,HH_2394,3,2,y,true,primary_signal
4007.000,2026-06-24T07:06:47Z,2394,67952,5,K1,HH_2394,0,2,y,true,primary_signal
4008.000,2026-06-24T07:06:48Z,2394,71446,1,K7,HH_2394,2,1,r,true,primary_signal
4008.000,2026-06-24T07:06:48Z,2394,69184,3,K7,HH_2394,3,1,r,true,primary_signal
4010.000,2026-06-24T07:06:50Z,2394,67952,5,K1,HH_2394,0,1,r,true,primary_signal
4013.000,2026-06-24T07:06:53Z,2394,68005,7,K4,HH_2394,1,4,u,true,primary_signal
4013.000,2026-06-24T07:06:53Z,2394,68841,9,K5,HH_2394,5,4,u,true,primary_signal
4014.000,2026-06-24T07:06:54Z,2394,68904,8,K4,HH_2394,1,3,G,true,primary_signal
4014.000,2026-06-24T07:06:54Z,2394,68841,9,K5,HH_2394,5,3,G,true,primary_signal
4017.000,2026-06-24T07:06:57Z,2349,73039,8,K2,HH_2349,1,2,y,true,primary_signal
4017.000,2026-06-24T07:06:57Z,2349,72971,9,K2,HH_2349,4,2,y,true,primary_signal
4020.000,2026-06-24T07:07:00Z,2349,72983,7,K2,HH_2349,1,1,r,true,primary_signal
4020.000,2026-06-24T07:07:00Z,2349,72971,9,K2,HH_2349,4,1,r,true,primary_signal
4022.000,2026-06-24T07:07:02Z,2349,72940,2,K1,HH_2349,0,4,u,true,primary_signal
4022.000,2026-06-24T07:07:02Z,2349,72962,4,K4,HH_2349,2,4,u,true,primary_signal
4022.000,2026-06-24T07:07:02Z,2349,72946,3,K1,HH_2349,3,4,u,true,primary_signal
4022.000,2026-06-24T07:07:02Z,2349,72961,6,K4,HH_2349,5,4,u,true,primary_signal
4023.000,2026-06-24T07:07:03Z,2349,72940,2,K1,HH_2349,0,3,G,true,primary_signal
4023.000,2026-06-24T07:07:03Z,2349,72962,4,K4,HH_2349,2,3,G,true,primary_signal
4023.000,2026-06-24T07:07:03Z,2349,72946,3,K1,HH_2349,3,3,G,true,primary_signal
4023.000,2026-06-24T07:07:03Z,2349,72961,6,K4,HH_2349,5,3,G,true,primary_signal
4034.000,2026-06-24T07:07:14Z,2394,68904,8,K4,HH_2394,1,2,y,true,primary_signal
4034.000,2026-06-24T07:07:14Z,2394,68841,9,K5,HH_2394,5,2,y,true,primary_signal
4037.000,2026-06-24T07:07:17Z,2394,68904,8,K4,HH_2394,1,1,r,true,primary_signal
4037.000,2026-06-24T07:07:17Z,2394,68841,9,K5,HH_2394,5,1,r,true,primary_signal
4039.000,2026-06-24T07:07:19Z,2394,71448,6,K2,HH_2394,4,4,u,true,primary_signal
4040.000,2026-06-24T07:07:20Z,2394,71448,6,K2,HH_2394,4,3,G,true,primary_signal
4042.000,2026-06-24T07:07:22Z,2394,67952,5,K1,HH_2394,0,4,u,true,primary_signal
4043.000,2026-06-24T07:07:23Z,2394,67952,5,K1,HH_2394,0,3,G,true,primary_signal
4050.000,2026-06-24T07:07:30Z,2394,71448,6,K2,HH_2394,4,2,y,true,primary_signal
4053.000,2026-06-24T07:07:33Z,2394,71448,6,K2,HH_2394,4,1,r,true,primary_signal
4059.000,2026-06-24T07:07:39Z,2394,71446,1,K7,HH_2394,2,4,u,true,primary_signal
4059.000,2026-06-24T07:07:39Z,2394,69184,3,K7,HH_2394,3,4,u,true,primary_signal
4060.000,2026-06-24T07:07:40Z,2394,71446,1,K7,HH_2394,2,3,G,true,primary_signal
4060.000,2026-06-24T07:07:40Z,2394,69184,3,K7,HH_2394,3,3,G,true,primary_signal
4086.000,2026-06-24T07:08:06Z,2349,72962,4,K4,HH_2349,2,2,y,true,primary_signal
4086.000,2026-06-24T07:08:06Z,2349,72961,6,K4,HH_2349,5,2,y,true,primary_signal
4087.000,2026-06-24T07:08:07Z,2349,72940,2,K1,HH_2349,0,2,y,true,primary_signal
4087.000,2026-06-24T07:08:07Z,2349,72946,3,K1,HH_2349,3,2,y,true,primary_signal
4089.000,2026-06-24T07:08:09Z,2349,72962,4,K4,HH_2349,2,1,r,true,primary_signal
4089.000,2026-06-24T07:08:09Z,2349,72961,6,K4,HH_2349,5,1,r,true,primary_signal
4090.000,2026-06-24T07:08:10Z,2349,72940,2,K1,HH_2349,0,1,r,true,primary_signal
4090.000,2026-06-24T07:08:10Z,2349,72946,3,K1,HH_2349,3,1,r,true,primary_signal
4090.000,2026-06-24T07:08:10Z,2394,71446,1,K7,HH_2394,2,2,y,true,primary_signal
4090.000,2026-06-24T07:08:10Z,2394,68006,2,K7,HH_2394,3,2,y,true,primary_signal
4094.000,2026-06-24T07:08:14Z,2394,71446,1,K7,HH_2394,2,1,r,true,primary_signal
4094.000,2026-06-24T07:08:14Z,2394,69184,3,K7,HH_2394,3,1,r,true,primary_signal
4097.000,2026-06-24T07:08:17Z,2349,72983,7,K2,HH_2349,1,4,u,true,primary_signal
4097.000,2026-06-24T07:08:17Z,2349,72971,9,K2,HH_2349,4,4,u,true,primary_signal
4097.000,2026-06-24T07:08:17Z,2394,71448,6,K2,HH_2394,4,4,u,true,primary_signal
4098.000,2026-06-24T07:08:18Z,2349,72983,7,K2,HH_2349,1,3,G,true,primary_signal
4098.000,2026-06-24T07:08:18Z,2349,72971,9,K2,HH_2349,4,3,G,true,primary_signal
4098.000,2026-06-24T07:08:18Z,2394,71448,6,K2,HH_2394,4,3,G,true,primary_signal
4112.000,2026-06-24T07:08:32Z,2394,71448,6,K2,HH_2394,4,2,y,true,primary_signal
4115.000,2026-06-24T07:08:35Z,2394,71448,6,K2,HH_2394,4,1,r,true,primary_signal
4117.000,2026-06-24T07:08:37Z,2349,72983,7,K2,HH_2349,1,2,y,true,primary_signal
4117.000,2026-06-24T07:08:37Z,2349,72971,9,K2,HH_2349,4,2,y,true,primary_signal
4120.000,2026-06-24T07:08:40Z,2349,72983,7,K2,HH_2349,1,1,r,true,primary_signal
4120.000,2026-06-24T07:08:40Z,2349,72971,9,K2,HH_2349,4,1,r,true,primary_signal
4121.000,2026-06-24T07:08:41Z,2394,71446,1,K7,HH_2394,2,4,u,true,primary_signal
4121.000,2026-06-24T07:08:41Z,2394,69184,3,K7,HH_2394,3,4,u,true,primary_signal
4122.000,2026-06-24T07:08:42Z,2349,72940,2,K1,HH_2349,0,4,u,true,primary_signal
4122.000,2026-06-24T07:08:42Z,2349,72962,4,K4,HH_2349,2,4,u,true,primary_signal
4122.000,2026-06-24T07:08:42Z,2349,72946,3,K1,HH_2349,3,4,u,true,primary_signal
4122.000,2026-06-24T07:08:42Z,2349,72961,6,K4,HH_2349,5,4,u,true,primary_signal
4122.000,2026-06-24T07:08:42Z,2394,71446,1,K7,HH_2394,2,3,G,true,primary_signal
4122.000,2026-06-24T07:08:42Z,2394,69184,3,K7,HH_2394,3,3,G,true,primary_signal
4123.000,2026-06-24T07:08:43Z,2349,72940,2,K1,HH_2349,0,3,G,true,primary_signal
4123.000,2026-06-24T07:08:43Z,2349,72962,4,K4,HH_2349,2,3,G,true,primary_signal
4123.000,2026-06-24T07:08:43Z,2349,72946,3,K1,HH_2349,3,3,G,true,primary_signal
4123.000,2026-06-24T07:08:43Z,2349,72961,6,K4,HH_2349,5,3,G,true,primary_signal
4176.000,2026-06-24T07:09:36Z,2349,72940,2,K1,HH_2349,0,2,y,true,primary_signal
4176.000,2026-06-24T07:09:36Z,2349,72962,4,K4,HH_2349,2,2,y,true,primary_signal
4176.000,2026-06-24T07:09:36Z,2349,72946,3,K1,HH_2349,3,2,y,true,primary_signal
4176.000,2026-06-24T07:09:36Z,2349,72961,6,K4,HH_2349,5,2,y,true,primary_signal
4179.000,2026-06-24T07:09:39Z,2349,72940,2,K1,HH_2349,0,1,r,true,primary_signal
4179.000,2026-06-24T07:09:39Z,2349,81474,5,K4,HH_2349,2,1,r,true,primary_signal
4179.000,2026-06-24T07:09:39Z,2349,72946,3,K1,HH_2349,3,1,r,true,primary_signal
4179.000,2026-06-24T07:09:39Z,2349,72961,6,K4,HH_2349,5,1,r,true,primary_signal
4181.000,2026-06-24T07:09:41Z,2394,71446,1,K7,HH_2394,2,2,y,true,primary_signal
4181.000,2026-06-24T07:09:41Z,2394,68006,2,K7,HH_2394,3,2,y,true,primary_signal
4182.000,2026-06-24T07:09:42Z,2394,67952,5,K1,HH_2394,0,2,y,true,primary_signal
4184.000,2026-06-24T07:09:44Z,2394,71446,1,K7,HH_2394,2,1,r,true,primary_signal
4184.000,2026-06-24T07:09:44Z,2394,69184,3,K7,HH_2394,3,1,r,true,primary_signal
4185.000,2026-06-24T07:09:45Z,2394,67952,5,K1,HH_2394,0,1,r,true,primary_signal
4186.000,2026-06-24T07:09:46Z,2349,72983,7,K2,HH_2349,1,4,u,true,primary_signal
4186.000,2026-06-24T07:09:46Z,2349,72971,9,K2,HH_2349,4,4,u,true,primary_signal
4187.000,2026-06-24T07:09:47Z,2349,72983,7,K2,HH_2349,1,3,G,true,primary_signal
4187.000,2026-06-24T07:09:47Z,2349,72971,9,K2,HH_2349,4,3,G,true,primary_signal
4188.000,2026-06-24T07:09:48Z,2394,68904,8,K4,HH_2394,1,4,u,true,primary_signal
4188.000,2026-06-24T07:09:48Z,2394,68841,9,K5,HH_2394,5,4,u,true,primary_signal
4189.000,2026-06-24T07:09:49Z,2394,68904,8,K4,HH_2394,1,3,G,true,primary_signal
4189.000,2026-06-24T07:09:49Z,2394,68841,9,K5,HH_2394,5,3,G,true,primary_signal
4207.000,2026-06-24T07:10:07Z,2349,72983,7,K2,HH_2349,1,2,y,true,primary_signal
4207.000,2026-06-24T07:10:07Z,2349,72971,9,K2,HH_2349,4,2,y,true,primary_signal
4209.000,2026-06-24T07:10:09Z,2394,68904,8,K4,HH_2394,1,2,y,true,primary_signal
4209.000,2026-06-24T07:10:09Z,2394,68841,9,K5,HH_2394,5,2,y,true,primary_signal
4210.000,2026-06-24T07:10:10Z,2349,72983,7,K2,HH_2349,1,1,r,true,primary_signal
4210.000,2026-06-24T07:10:10Z,2349,72971,9,K2,HH_2349,4,1,r,true,primary_signal
4212.000,2026-06-24T07:10:12Z,2349,72940,2,K1,HH_2349,0,4,u,true,primary_signal
4212.000,2026-06-24T07:10:12Z,2349,72962,4,K4,HH_2349,2,4,u,true,primary_signal
4212.000,2026-06-24T07:10:12Z,2349,72946,3,K1,HH_2349,3,4,u,true,primary_signal
4212.000,2026-06-24T07:10:12Z,2349,72961,6,K4,HH_2349,5,4,u,true,primary_signal
4212.000,2026-06-24T07:10:12Z,2394,68904,8,K4,HH_2394,1,1,r,true,primary_signal
4212.000,2026-06-24T07:10:12Z,2394,68841,9,K5,HH_2394,5,1,r,true,primary_signal
4213.000,2026-06-24T07:10:13Z,2349,72940,2,K1,HH_2349,0,3,G,true,primary_signal
4213.000,2026-06-24T07:10:13Z,2349,72962,4,K4,HH_2349,2,3,G,true,primary_signal
4213.000,2026-06-24T07:10:13Z,2349,72946,3,K1,HH_2349,3,3,G,true,primary_signal
4213.000,2026-06-24T07:10:13Z,2349,72961,6,K4,HH_2349,5,3,G,true,primary_signal
4214.000,2026-06-24T07:10:14Z,2394,71448,6,K2,HH_2394,4,4,u,true,primary_signal
4215.000,2026-06-24T07:10:15Z,2394,71448,6,K2,HH_2394,4,3,G,true,primary_signal
4217.000,2026-06-24T07:10:17Z,2394,67952,5,K1,HH_2394,0,4,u,true,primary_signal
4218.000,2026-06-24T07:10:18Z,2394,67952,5,K1,HH_2394,0,3,G,true,primary_signal
4225.000,2026-06-24T07:10:25Z,2394,71448,6,K2,HH_2394,4,2,y,true,primary_signal
4228.000,2026-06-24T07:10:28Z,2394,71448,6,K2,HH_2394,4,1,r,true,primary_signal
4233.000,2026-06-24T07:10:33Z,2394,71446,1,K7,HH_2394,2,4,u,true,primary_signal
4233.000,2026-06-24T07:10:33Z,2394,69184,3,K7,HH_2394,3,4,u,true,primary_signal
4234.000,2026-06-24T07:10:34Z,2394,71446,1,K7,HH_2394,2,3,G,true,primary_signal
4234.000,2026-06-24T07:10:34Z,2394,69184,3,K7,HH_2394,3,3,G,true,primary_signal
4256.000,2026-06-24T07:10:56Z,2349,72962,4,K4,HH_2349,2,2,y,true,primary_signal
4256.000,2026-06-24T07:10:56Z,2349,72961,6,K4,HH_2349,5,2,y,true,primary_signal
4257.000,2026-06-24T07:10:57Z,2349,72940,2,K1,HH_2349,0,2,y,true,primary_signal
4257.000,2026-06-24T07:10:57Z,2349,72946,3,K1,HH_2349,3,2,y,true,primary_signal
4259.000,2026-06-24T07:10:59Z,2349,72962,4,K4,HH_2349,2,1,r,true,primary_signal
4259.000,2026-06-24T07:10:59Z,2349,72961,6,K4,HH_2349,5,1,r,true,primary_signal
4260.000,2026-06-24T07:11:00Z,2349,72940,2,K1,HH_2349,0,1,r,true,primary_signal
4260.000,2026-06-24T07:11:00Z,2349,72946,3,K1,HH_2349,3,1,r,true,primary_signal
4267.000,2026-06-24T07:11:07Z,2349,72983,7,K2,HH_2349,1,4,u,true,primary_signal
4267.000,2026-06-24T07:11:07Z,2349,72971,9,K2,HH_2349,4,4,u,true,primary_signal
4268.000,2026-06-24T07:11:08Z,2349,73039,8,K2,HH_2349,1,3,G,true,primary_signal
4268.000,2026-06-24T07:11:08Z,2349,72971,9,K2,HH_2349,4,3,G,true,primary_signal
4276.000,2026-06-24T07:11:16Z,2394,71446,1,K7,HH_2394,2,2,y,true,primary_signal
4276.000,2026-06-24T07:11:16Z,2394,69184,3,K7,HH_2394,3,2,y,true,primary_signal
4277.000,2026-06-24T07:11:17Z,2394,67952,5,K1,HH_2394,0,2,y,true,primary_signal
4279.000,2026-06-24T07:11:19Z,2394,71446,1,K7,HH_2394,2,1,r,true,primary_signal
4279.000,2026-06-24T07:11:19Z,2394,69184,3,K7,HH_2394,3,1,r,true,primary_signal
4280.000,2026-06-24T07:11:20Z,2394,67952,5,K1,HH_2394,0,1,r,true,primary_signal
4283.000,2026-06-24T07:11:23Z,2394,68904,8,K4,HH_2394,1,4,u,true,primary_signal
4283.000,2026-06-24T07:11:23Z,2394,68841,9,K5,HH_2394,5,4,u,true,primary_signal
4284.000,2026-06-24T07:11:24Z,2394,68904,8,K4,HH_2394,1,3,G,true,primary_signal
4284.000,2026-06-24T07:11:24Z,2394,68841,9,K5,HH_2394,5,3,G,true,primary_signal
4287.000,2026-06-24T07:11:27Z,2349,72983,7,K2,HH_2349,1,2,y,true,primary_signal
4287.000,2026-06-24T07:11:27Z,2349,72971,9,K2,HH_2349,4,2,y,true,primary_signal
4290.000,2026-06-24T07:11:30Z,2349,73039,8,K2,HH_2349,1,1,r,true,primary_signal
4290.000,2026-06-24T07:11:30Z,2349,72971,9,K2,HH_2349,4,1,r,true,primary_signal
4292.000,2026-06-24T07:11:32Z,2349,72940,2,K1,HH_2349,0,4,u,true,primary_signal
4292.000,2026-06-24T07:11:32Z,2349,81474,5,K4,HH_2349,2,4,u,true,primary_signal
4292.000,2026-06-24T07:11:32Z,2349,72946,3,K1,HH_2349,3,4,u,true,primary_signal
4292.000,2026-06-24T07:11:32Z,2349,72961,6,K4,HH_2349,5,4,u,true,primary_signal
4293.000,2026-06-24T07:11:33Z,2349,72940,2,K1,HH_2349,0,3,G,true,primary_signal
4293.000,2026-06-24T07:11:33Z,2349,72962,4,K4,HH_2349,2,3,G,true,primary_signal
4293.000,2026-06-24T07:11:33Z,2349,72946,3,K1,HH_2349,3,3,G,true,primary_signal
4293.000,2026-06-24T07:11:33Z,2349,72961,6,K4,HH_2349,5,3,G,true,primary_signal
4304.000,2026-06-24T07:11:44Z,2394,68005,7,K4,HH_2394,1,2,y,true,primary_signal
4304.000,2026-06-24T07:11:44Z,2394,68841,9,K5,HH_2394,5,2,y,true,primary_signal
4306.000,2026-06-24T07:11:46Z,2394,68904,8,K4,HH_2394,1,1,r,true,primary_signal
4306.000,2026-06-24T07:11:46Z,2394,68841,9,K5,HH_2394,5,1,r,true,primary_signal
4310.000,2026-06-24T07:11:50Z,2394,71446,1,K7,HH_2394,2,4,u,true,primary_signal
4310.000,2026-06-24T07:11:50Z,2394,69184,3,K7,HH_2394,3,4,u,true,primary_signal
4311.000,2026-06-24T07:11:51Z,2394,71446,1,K7,HH_2394,2,3,G,true,primary_signal
4311.000,2026-06-24T07:11:51Z,2394,69184,3,K7,HH_2394,3,3,G,true,primary_signal
4312.000,2026-06-24T07:11:52Z,2394,67952,5,K1,HH_2394,0,4,u,true,primary_signal
4313.000,2026-06-24T07:11:53Z,2394,67952,5,K1,HH_2394,0,3,G,true,primary_signal
4352.000,2026-06-24T07:12:32Z,2349,81474,5,K4,HH_2349,2,2,y,true,primary_signal
4352.000,2026-06-24T07:12:32Z,2349,72961,6,K4,HH_2349,5,2,y,true,primary_signal
4353.000,2026-06-24T07:12:33Z,2349,72940,2,K1,HH_2349,0,2,y,true,primary_signal
4353.000,2026-06-24T07:12:33Z,2349,72946,3,K1,HH_2349,3,2,y,true,primary_signal
4355.000,2026-06-24T07:12:35Z,2349,72962,4,K4,HH_2349,2,1,r,true,primary_signal
4355.000,2026-06-24T07:12:35Z,2349,72961,6,K4,HH_2349,5,1,r,true,primary_signal
4356.000,2026-06-24T07:12:36Z,2349,72940,2,K1,HH_2349,0,1,r,true,primary_signal
4356.000,2026-06-24T07:12:36Z,2349,72946,3,K1,HH_2349,3,1,r,true,primary_signal
4363.000,2026-06-24T07:12:43Z,2349,72983,7,K2,HH_2349,1,4,u,true,primary_signal
4363.000,2026-06-24T07:12:43Z,2349,72971,9,K2,HH_2349,4,4,u,true,primary_signal
4364.000,2026-06-24T07:12:44Z,2349,73039,8,K2,HH_2349,1,3,G,true,primary_signal
4364.000,2026-06-24T07:12:44Z,2349,72971,9,K2,HH_2349,4,3,G,true,primary_signal
4366.000,2026-06-24T07:12:46Z,2394,71446,1,K7,HH_2394,2,2,y,true,primary_signal
4366.000,2026-06-24T07:12:46Z,2394,68006,2,K7,HH_2394,3,2,y,true,primary_signal
4367.000,2026-06-24T07:12:47Z,2394,67952,5,K1,HH_2394,0,2,y,true,primary_signal
4369.000,2026-06-24T07:12:49Z,2394,71446,1,K7,HH_2394,2,1,r,true,primary_signal
4369.000,2026-06-24T07:12:49Z,2394,69184,3,K7,HH_2394,3,1,r,true,primary_signal
4370.000,2026-06-24T07:12:50Z,2394,67952,5,K1,HH_2394,0,1,r,true,primary_signal
4373.000,2026-06-24T07:12:53Z,2394,68904,8,K4,HH_2394,1,4,u,true,primary_signal
4373.000,2026-06-24T07:12:53Z,2394,68841,9,K5,HH_2394,5,4,u,true,primary_signal
4374.000,2026-06-24T07:12:54Z,2394,68904,8,K4,HH_2394,1,3,G,true,primary_signal
4374.000,2026-06-24T07:12:54Z,2394,68841,9,K5,HH_2394,5,3,G,true,primary_signal
4383.000,2026-06-24T07:13:03Z,2349,72983,7,K2,HH_2349,1,2,y,true,primary_signal
4383.000,2026-06-24T07:13:03Z,2349,72971,9,K2,HH_2349,4,2,y,true,primary_signal
4386.000,2026-06-24T07:13:06Z,2349,72983,7,K2,HH_2349,1,1,r,true,primary_signal
4386.000,2026-06-24T07:13:06Z,2349,72971,9,K2,HH_2349,4,1,r,true,primary_signal
4388.000,2026-06-24T07:13:08Z,2349,72940,2,K1,HH_2349,0,4,u,true,primary_signal
4388.000,2026-06-24T07:13:08Z,2349,72962,4,K4,HH_2349,2,4,u,true,primary_signal
4388.000,2026-06-24T07:13:08Z,2349,72946,3,K1,HH_2349,3,4,u,true,primary_signal
4388.000,2026-06-24T07:13:08Z,2349,72961,6,K4,HH_2349,5,4,u,true,primary_signal
4389.000,2026-06-24T07:13:09Z,2349,72940,2,K1,HH_2349,0,3,G,true,primary_signal
4389.000,2026-06-24T07:13:09Z,2349,72962,4,K4,HH_2349,2,3,G,true,primary_signal
4389.000,2026-06-24T07:13:09Z,2349,72946,3,K1,HH_2349,3,3,G,true,primary_signal
4389.000,2026-06-24T07:13:09Z,2349,72961,6,K4,HH_2349,5,3,G,true,primary_signal
4394.000,2026-06-24T07:13:14Z,2394,68904,8,K4,HH_2394,1,2,y,true,primary_signal
4394.000,2026-06-24T07:13:14Z,2394,68841,9,K5,HH_2394,5,2,y,true,primary_signal
4397.000,2026-06-24T07:13:17Z,2394,68904,8,K4,HH_2394,1,1,r,true,primary_signal
4397.000,2026-06-24T07:13:17Z,2394,68841,9,K5,HH_2394,5,1,r,true,primary_signal
4400.000,2026-06-24T07:13:20Z,2394,71446,1,K7,HH_2394,2,4,u,true,primary_signal
4400.000,2026-06-24T07:13:20Z,2394,69184,3,K7,HH_2394,3,4,u,true,primary_signal
4401.000,2026-06-24T07:13:21Z,2394,71446,1,K7,HH_2394,2,3,G,true,primary_signal
4401.000,2026-06-24T07:13:21Z,2394,69184,3,K7,HH_2394,3,3,G,true,primary_signal
4402.000,2026-06-24T07:13:22Z,2394,67952,5,K1,HH_2394,0,4,u,true,primary_signal
4403.000,2026-06-24T07:13:23Z,2394,67952,5,K1,HH_2394,0,3,G,true,primary_signal
4430.000,2026-06-24T07:13:50Z,2394,71446,1,K7,HH_2394,2,2,y,true,primary_signal
4430.000,2026-06-24T07:13:50Z,2394,69184,3,K7,HH_2394,3,2,y,true,primary_signal
4433.000,2026-06-24T07:13:53Z,2394,71446,1,K7,HH_2394,2,1,r,true,primary_signal
4433.000,2026-06-24T07:13:53Z,2394,68006,2,K7,HH_2394,3,1,r,true,primary_signal
4436.000,2026-06-24T07:13:56Z,2394,71448,6,K2,HH_2394,4,4,u,true,primary_signal
4437.000,2026-06-24T07:13:57Z,2394,71448,6,K2,HH_2394,4,3,G,true,primary_signal
4447.000,2026-06-24T07:14:07Z,2394,67952,5,K1,HH_2394,0,2,y,true,primary_signal
4447.000,2026-06-24T07:14:07Z,2394,71448,6,K2,HH_2394,4,2,y,true,primary_signal
4450.000,2026-06-24T07:14:10Z,2394,67952,5,K1,HH_2394,0,1,r,true,primary_signal
4450.000,2026-06-24T07:14:10Z,2394,71448,6,K2,HH_2394,4,1,r,true,primary_signal
4453.000,2026-06-24T07:14:13Z,2394,68904,8,K4,HH_2394,1,4,u,true,primary_signal
4453.000,2026-06-24T07:14:13Z,2394,68841,9,K5,HH_2394,5,4,u,true,primary_signal
4454.000,2026-06-24T07:14:14Z,2394,68904,8,K4,HH_2394,1,3,G,true,primary_signal
4454.000,2026-06-24T07:14:14Z,2394,68841,9,K5,HH_2394,5,3,G,true,primary_signal
4474.000,2026-06-24T07:14:34Z,2394,68904,8,K4,HH_2394,1,2,y,true,primary_signal
4474.000,2026-06-24T07:14:34Z,2394,68841,9,K5,HH_2394,5,2,y,true,primary_signal
4475.000,2026-06-24T07:14:35Z,2349,72940,2,K1,HH_2349,0,2,y,true,primary_signal
4475.000,2026-06-24T07:14:35Z,2349,72962,4,K4,HH_2349,2,2,y,true,primary_signal
4475.000,2026-06-24T07:14:35Z,2349,72946,3,K1,HH_2349,3,2,y,true,primary_signal
4475.000,2026-06-24T07:14:35Z,2349,72961,6,K4,HH_2349,5,2,y,true,primary_signal
4477.000,2026-06-24T07:14:37Z,2394,68904,8,K4,HH_2394,1,1,r,true,primary_signal
4477.000,2026-06-24T07:14:37Z,2394,68841,9,K5,HH_2394,5,1,r,true,primary_signal
4478.000,2026-06-24T07:14:38Z,2349,72940,2,K1,HH_2349,0,1,r,true,primary_signal
4478.000,2026-06-24T07:14:38Z,2349,72962,4,K4,HH_2349,2,1,r,true,primary_signal
4478.000,2026-06-24T07:14:38Z,2349,72946,3,K1,HH_2349,3,1,r,true,primary_signal
4478.000,2026-06-24T07:14:38Z,2349,72961,6,K4,HH_2349,5,1,r,true,primary_signal
4480.000,2026-06-24T07:14:40Z,2394,71446,1,K7,HH_2394,2,4,u,true,primary_signal
4480.000,2026-06-24T07:14:40Z,2394,69184,3,K7,HH_2394,3,4,u,true,primary_signal
4481.000,2026-06-24T07:14:41Z,2394,71446,1,K7,HH_2394,2,3,G,true,primary_signal
4481.000,2026-06-24T07:14:41Z,2394,69184,3,K7,HH_2394,3,3,G,true,primary_signal
4482.000,2026-06-24T07:14:42Z,2394,67952,5,K1,HH_2394,0,4,u,true,primary_signal
4483.000,2026-06-24T07:14:43Z,2394,67952,5,K1,HH_2394,0,3,G,true,primary_signal
4485.000,2026-06-24T07:14:45Z,2349,73039,8,K2,HH_2349,1,4,u,true,primary_signal
4485.000,2026-06-24T07:14:45Z,2349,72971,9,K2,HH_2349,4,4,u,true,primary_signal
4486.000,2026-06-24T07:14:46Z,2349,73039,8,K2,HH_2349,1,3,G,true,primary_signal
4486.000,2026-06-24T07:14:46Z,2349,72971,9,K2,HH_2349,4,3,G,true,primary_signal
4505.000,2026-06-24T07:15:05Z,2349,72983,7,K2,HH_2349,1,2,y,true,primary_signal
4505.000,2026-06-24T07:15:05Z,2349,72971,9,K2,HH_2349,4,2,y,true,primary_signal
4508.000,2026-06-24T07:15:08Z,2349,72983,7,K2,HH_2349,1,1,r,true,primary_signal
4508.000,2026-06-24T07:15:08Z,2349,72971,9,K2,HH_2349,4,1,r,true,primary_signal
4510.000,2026-06-24T07:15:10Z,2349,72940,2,K1,HH_2349,0,4,u,true,primary_signal
4510.000,2026-06-24T07:15:10Z,2349,72962,4,K4,HH_2349,2,4,u,true,primary_signal
4510.000,2026-06-24T07:15:10Z,2349,72946,3,K1,HH_2349,3,4,u,true,primary_signal
4510.000,2026-06-24T07:15:10Z,2349,72961,6,K4,HH_2349,5,4,u,true,primary_signal
4511.000,2026-06-24T07:15:11Z,2349,72940,2,K1,HH_2349,0,3,G,true,primary_signal
4511.000,2026-06-24T07:15:11Z,2349,72962,4,K4,HH_2349,2,3,G,true,primary_signal
4511.000,2026-06-24T07:15:11Z,2349,72946,3,K1,HH_2349,3,3,G,true,primary_signal
4511.000,2026-06-24T07:15:11Z,2349,72961,6,K4,HH_2349,5,3,G,true,primary_signal
4513.000,2026-06-24T07:15:13Z,2394,71446,1,K7,HH_2394,2,2,y,true,primary_signal
4513.000,2026-06-24T07:15:13Z,2394,69184,3,K7,HH_2394,3,2,y,true,primary_signal
4516.000,2026-06-24T07:15:16Z,2394,71446,1,K7,HH_2394,2,1,r,true,primary_signal
4516.000,2026-06-24T07:15:16Z,2394,69184,3,K7,HH_2394,3,1,r,true,primary_signal
4519.000,2026-06-24T07:15:19Z,2394,71448,6,K2,HH_2394,4,4,u,true,primary_signal
4520.000,2026-06-24T07:15:20Z,2394,71448,6,K2,HH_2394,4,3,G,true,primary_signal
4529.000,2026-06-24T07:15:29Z,2394,67952,5,K1,HH_2394,0,2,y,true,primary_signal
4529.000,2026-06-24T07:15:29Z,2394,71448,6,K2,HH_2394,4,2,y,true,primary_signal
4533.000,2026-06-24T07:15:33Z,2394,67952,5,K1,HH_2394,0,1,r,true,primary_signal
4533.000,2026-06-24T07:15:33Z,2394,71448,6,K2,HH_2394,4,1,r,true,primary_signal
4535.000,2026-06-24T07:15:35Z,2394,68904,8,K4,HH_2394,1,4,u,true,primary_signal
4535.000,2026-06-24T07:15:35Z,2394,68841,9,K5,HH_2394,5,4,u,true,primary_signal
4536.000,2026-06-24T07:15:36Z,2349,72962,4,K4,HH_2349,2,2,y,true,primary_signal
4536.000,2026-06-24T07:15:36Z,2349,72961,6,K4,HH_2349,5,2,y,true,primary_signal
4537.000,2026-06-24T07:15:37Z,2349,72940,2,K1,HH_2349,0,2,y,true,primary_signal
4537.000,2026-06-24T07:15:37Z,2349,72946,3,K1,HH_2349,3,2,y,true,primary_signal
4537.000,2026-06-24T07:15:37Z,2394,68904,8,K4,HH_2394,1,3,G,true,primary_signal
4537.000,2026-06-24T07:15:37Z,2394,68841,9,K5,HH_2394,5,3,G,true,primary_signal
4539.000,2026-06-24T07:15:39Z,2349,81474,5,K4,HH_2349,2,1,r,true,primary_signal
4539.000,2026-06-24T07:15:39Z,2349,72961,6,K4,HH_2349,5,1,r,true,primary_signal
4540.000,2026-06-24T07:15:40Z,2349,72940,2,K1,HH_2349,0,1,r,true,primary_signal
4540.000,2026-06-24T07:15:40Z,2349,72946,3,K1,HH_2349,3,1,r,true,primary_signal
4547.000,2026-06-24T07:15:47Z,2349,72983,7,K2,HH_2349,1,4,u,true,primary_signal
4547.000,2026-06-24T07:15:47Z,2349,72971,9,K2,HH_2349,4,4,u,true,primary_signal
4548.000,2026-06-24T07:15:48Z,2349,72983,7,K2,HH_2349,1,3,G,true,primary_signal
4548.000,2026-06-24T07:15:48Z,2349,72971,9,K2,HH_2349,4,3,G,true,primary_signal
4557.000,2026-06-24T07:15:57Z,2394,68904,8,K4,HH_2394,1,2,y,true,primary_signal
4557.000,2026-06-24T07:15:57Z,2394,68841,9,K5,HH_2394,5,2,y,true,primary_signal
4560.000,2026-06-24T07:16:00Z,2394,68904,8,K4,HH_2394,1,1,r,true,primary_signal
4560.000,2026-06-24T07:16:00Z,2394,68841,9,K5,HH_2394,5,1,r,true,primary_signal
4562.000,2026-06-24T07:16:02Z,2394,71448,6,K2,HH_2394,4,4,u,true,primary_signal
4563.000,2026-06-24T07:16:03Z,2394,71448,6,K2,HH_2394,4,3,G,true,primary_signal
4565.000,2026-06-24T07:16:05Z,2394,67952,5,K1,HH_2394,0,4,u,true,primary_signal
4566.000,2026-06-24T07:16:06Z,2394,67952,5,K1,HH_2394,0,3,G,true,primary_signal
4567.000,2026-06-24T07:16:07Z,2349,72983,7,K2,HH_2349,1,2,y,true,primary_signal
4567.000,2026-06-24T07:16:07Z,2349,72971,9,K2,HH_2349,4,2,y,true,primary_signal
4570.000,2026-06-24T07:16:10Z,2349,72983,7,K2,HH_2349,1,1,r,true,primary_signal
4570.000,2026-06-24T07:16:10Z,2349,72971,9,K2,HH_2349,4,1,r,true,primary_signal
4572.000,2026-06-24T07:16:12Z,2349,72940,2,K1,HH_2349,0,4,u,true,primary_signal
4572.000,2026-06-24T07:16:12Z,2349,81474,5,K4,HH_2349,2,4,u,true,primary_signal
4572.000,2026-06-24T07:16:12Z,2349,72946,3,K1,HH_2349,3,4,u,true,primary_signal
4572.000,2026-06-24T07:16:12Z,2349,72961,6,K4,HH_2349,5,4,u,true,primary_signal
4573.000,2026-06-24T07:16:13Z,2349,72940,2,K1,HH_2349,0,3,G,true,primary_signal
4573.000,2026-06-24T07:16:13Z,2349,81474,5,K4,HH_2349,2,3,G,true,primary_signal
4573.000,2026-06-24T07:16:13Z,2349,72946,3,K1,HH_2349,3,3,G,true,primary_signal
4573.000,2026-06-24T07:16:13Z,2349,72961,6,K4,HH_2349,5,3,G,true,primary_signal
4589.000,2026-06-24T07:16:29Z,2394,71448,6,K2,HH_2394,4,2,y,true,primary_signal
4592.000,2026-06-24T07:16:32Z,2394,71448,6,K2,HH_2394,4,1,r,true,primary_signal
4598.000,2026-06-24T07:16:38Z,2394,71446,1,K7,HH_2394,2,3,G,true,primary_signal
4598.000,2026-06-24T07:16:38Z,2394,69184,3,K7,HH_2394,3,3,G,true,primary_signal
4623.000,2026-06-24T07:17:03Z,2349,72962,4,K4,HH_2349,2,2,y,true,primary_signal
4623.000,2026-06-24T07:17:03Z,2349,72961,6,K4,HH_2349,5,2,y,true,primary_signal
4624.000,2026-06-24T07:17:04Z,2349,72940,2,K1,HH_2349,0,2,y,true,primary_signal
4624.000,2026-06-24T07:17:04Z,2349,72946,3,K1,HH_2349,3,2,y,true,primary_signal
4626.000,2026-06-24T07:17:06Z,2349,72962,4,K4,HH_2349,2,1,r,true,primary_signal
4626.000,2026-06-24T07:17:06Z,2349,72961,6,K4,HH_2349,5,1,r,true,primary_signal
4627.000,2026-06-24T07:17:07Z,2349,72940,2,K1,HH_2349,0,1,r,true,primary_signal
4627.000,2026-06-24T07:17:07Z,2349,72946,3,K1,HH_2349,3,1,r,true,primary_signal
4631.000,2026-06-24T07:17:11Z,2394,71446,1,K7,HH_2394,2,2,y,true,primary_signal
4631.000,2026-06-24T07:17:11Z,2394,69184,3,K7,HH_2394,3,2,y,true,primary_signal
4632.000,2026-06-24T07:17:12Z,2394,67952,5,K1,HH_2394,0,2,y,true,primary_signal
4634.000,2026-06-24T07:17:14Z,2349,73039,8,K2,HH_2349,1,4,u,true,primary_signal
4634.000,2026-06-24T07:17:14Z,2349,72971,9,K2,HH_2349,4,4,u,true,primary_signal
4634.000,2026-06-24T07:17:14Z,2394,71446,1,K7,HH_2394,2,1,r,true,primary_signal
4634.000,2026-06-24T07:17:14Z,2394,69184,3,K7,HH_2394,3,1,r,true,primary_signal
4635.000,2026-06-24T07:17:15Z,2349,72983,7,K2,HH_2349,1,3,G,true,primary_signal
4635.000,2026-06-24T07:17:15Z,2349,72971,9,K2,HH_2349,4,3,G,true,primary_signal
4635.000,2026-06-24T07:17:15Z,2394,67952,5,K1,HH_2394,0,1,r,true,primary_signal
4638.000,2026-06-24T07:17:18Z,2394,68904,8,K4,HH_2394,1,4,u,true,primary_signal
4638.000,2026-06-24T07:17:18Z,2394,68841,9,K5,HH_2394,5,4,u,true,primary_signal
4639.000,2026-06-24T07:17:19Z,2394,68005,7,K4,HH_2394,1,3,G,true,primary_signal
4639.000,2026-06-24T07:17:19Z,2394,68841,9,K5,HH_2394,5,3,G,true,primary_signal
4654.000,2026-06-24T07:17:34Z,2349,72983,7,K2,HH_2349,1,2,y,true,primary_signal
4654.000,2026-06-24T07:17:34Z,2349,72971,9,K2,HH_2349,4,2,y,true,primary_signal
4657.000,2026-06-24T07:17:37Z,2349,72983,7,K2,HH_2349,1,1,r,true,primary_signal
4657.000,2026-06-24T07:17:37Z,2349,72971,9,K2,HH_2349,4,1,r,true,primary_signal
4659.000,2026-06-24T07:17:39Z,2349,72940,2,K1,HH_2349,0,4,u,true,primary_signal
4659.000,2026-06-24T07:17:39Z,2349,72962,4,K4,HH_2349,2,4,u,true,primary_signal
4659.000,2026-06-24T07:17:39Z,2349,72946,3,K1,HH_2349,3,4,u,true,primary_signal
4659.000,2026-06-24T07:17:39Z,2349,72961,6,K4,HH_2349,5,4,u,true,primary_signal
4659.000,2026-06-24T07:17:39Z,2394,68005,7,K4,HH_2394,1,2,y,true,primary_signal
4659.000,2026-06-24T07:17:39Z,2394,68841,9,K5,HH_2394,5,2,y,true,primary_signal
4660.000,2026-06-24T07:17:40Z,2349,72940,2,K1,HH_2349,0,3,G,true,primary_signal
4660.000,2026-06-24T07:17:40Z,2349,72962,4,K4,HH_2349,2,3,G,true,primary_signal
4660.000,2026-06-24T07:17:40Z,2349,72946,3,K1,HH_2349,3,3,G,true,primary_signal
4660.000,2026-06-24T07:17:40Z,2349,72961,6,K4,HH_2349,5,3,G,true,primary_signal
4662.000,2026-06-24T07:17:42Z,2394,68904,8,K4,HH_2394,1,1,r,true,primary_signal
4662.000,2026-06-24T07:17:42Z,2394,68841,9,K5,HH_2394,5,1,r,true,primary_signal
4664.000,2026-06-24T07:17:44Z,2394,71448,6,K2,HH_2394,4,4,u,true,primary_signal
4665.000,2026-06-24T07:17:45Z,2394,71448,6,K2,HH_2394,4,3,G,true,primary_signal
4667.000,2026-06-24T07:17:47Z,2394,67952,5,K1,HH_2394,0,4,u,true,primary_signal
4668.000,2026-06-24T07:17:48Z,2394,67952,5,K1,HH_2394,0,3,G,true,primary_signal
4674.000,2026-06-24T07:17:54Z,2394,71448,6,K2,HH_2394,4,2,y,true,primary_signal
4678.000,2026-06-24T07:17:58Z,2394,71448,6,K2,HH_2394,4,1,r,true,primary_signal
4684.000,2026-06-24T07:18:04Z,2394,71446,1,K7,HH_2394,2,4,u,true,primary_signal
4684.000,2026-06-24T07:18:04Z,2394,69184,3,K7,HH_2394,3,4,u,true,primary_signal
4685.000,2026-06-24T07:18:05Z,2394,71446,1,K7,HH_2394,2,3,G,true,primary_signal
4685.000,2026-06-24T07:18:05Z,2394,69184,3,K7,HH_2394,3,3,G,true,primary_signal
4706.000,2026-06-24T07:18:26Z,2349,72962,4,K4,HH_2349,2,2,y,true,primary_signal
4706.000,2026-06-24T07:18:26Z,2349,72961,6,K4,HH_2349,5,2,y,true,primary_signal
4707.000,2026-06-24T07:18:27Z,2349,72940,2,K1,HH_2349,0,2,y,true,primary_signal
4707.000,2026-06-24T07:18:27Z,2349,72946,3,K1,HH_2349,3,2,y,true,primary_signal
4709.000,2026-06-24T07:18:29Z,2349,81474,5,K4,HH_2349,2,1,r,true,primary_signal
4709.000,2026-06-24T07:18:29Z,2349,72961,6,K4,HH_2349,5,1,r,true,primary_signal
4710.000,2026-06-24T07:18:30Z,2349,72940,2,K1,HH_2349,0,1,r,true,primary_signal
4710.000,2026-06-24T07:18:30Z,2349,72946,3,K1,HH_2349,3,1,r,true,primary_signal
4717.000,2026-06-24T07:18:37Z,2349,72983,7,K2,HH_2349,1,4,u,true,primary_signal
4717.000,2026-06-24T07:18:37Z,2349,72971,9,K2,HH_2349,4,4,u,true,primary_signal
4718.000,2026-06-24T07:18:38Z,2349,73039,8,K2,HH_2349,1,3,G,true,primary_signal
4718.000,2026-06-24T07:18:38Z,2349,72971,9,K2,HH_2349,4,3,G,true,primary_signal
4726.000,2026-06-24T07:18:46Z,2394,71446,1,K7,HH_2394,2,2,y,true,primary_signal
4726.000,2026-06-24T07:18:46Z,2394,69184,3,K7,HH_2394,3,2,y,true,primary_signal
4727.000,2026-06-24T07:18:47Z,2394,67952,5,K1,HH_2394,0,2,y,true,primary_signal
4729.000,2026-06-24T07:18:49Z,2394,71446,1,K7,HH_2394,2,1,r,true,primary_signal
4729.000,2026-06-24T07:18:49Z,2394,68006,2,K7,HH_2394,3,1,r,true,primary_signal
4730.000,2026-06-24T07:18:50Z,2394,67952,5,K1,HH_2394,0,1,r,true,primary_signal
4733.000,2026-06-24T07:18:53Z,2394,68005,7,K4,HH_2394,1,4,u,true,primary_signal
4733.000,2026-06-24T07:18:53Z,2394,68841,9,K5,HH_2394,5,4,u,true,primary_signal
4734.000,2026-06-24T07:18:54Z,2394,68005,7,K4,HH_2394,1,3,G,true,primary_signal
4734.000,2026-06-24T07:18:54Z,2394,68841,9,K5,HH_2394,5,3,G,true,primary_signal
4737.000,2026-06-24T07:18:57Z,2349,73039,8,K2,HH_2349,1,2,y,true,primary_signal
4737.000,2026-06-24T07:18:57Z,2349,72971,9,K2,HH_2349,4,2,y,true,primary_signal
4740.000,2026-06-24T07:19:00Z,2349,72983,7,K2,HH_2349,1,1,r,true,primary_signal
4740.000,2026-06-24T07:19:00Z,2349,72971,9,K2,HH_2349,4,1,r,true,primary_signal
4742.000,2026-06-24T07:19:02Z,2349,72940,2,K1,HH_2349,0,4,u,true,primary_signal
4742.000,2026-06-24T07:19:02Z,2349,81474,5,K4,HH_2349,2,4,u,true,primary_signal
4742.000,2026-06-24T07:19:02Z,2349,72946,3,K1,HH_2349,3,4,u,true,primary_signal
4742.000,2026-06-24T07:19:02Z,2349,72961,6,K4,HH_2349,5,4,u,true,primary_signal
4743.000,2026-06-24T07:19:03Z,2349,72940,2,K1,HH_2349,0,3,G,true,primary_signal
4743.000,2026-06-24T07:19:03Z,2349,72962,4,K4,HH_2349,2,3,G,true,primary_signal
4743.000,2026-06-24T07:19:03Z,2349,72946,3,K1,HH_2349,3,3,G,true,primary_signal
4743.000,2026-06-24T07:19:03Z,2349,72961,6,K4,HH_2349,5,3,G,true,primary_signal
4753.000,2026-06-24T07:19:13Z,2394,68904,8,K4,HH_2394,1,2,y,true,primary_signal
4753.000,2026-06-24T07:19:13Z,2394,68841,9,K5,HH_2394,5,2,y,true,primary_signal
4757.000,2026-06-24T07:19:17Z,2394,68005,7,K4,HH_2394,1,1,r,true,primary_signal
4757.000,2026-06-24T07:19:17Z,2394,68841,9,K5,HH_2394,5,1,r,true,primary_signal
4759.000,2026-06-24T07:19:19Z,2394,71448,6,K2,HH_2394,4,4,u,true,primary_signal
4760.000,2026-06-24T07:19:20Z,2394,71448,6,K2,HH_2394,4,3,G,true,primary_signal
4762.000,2026-06-24T07:19:22Z,2394,67952,5,K1,HH_2394,0,4,u,true,primary_signal
4763.000,2026-06-24T07:19:23Z,2394,67952,5,K1,HH_2394,0,3,G,true,primary_signal
4770.000,2026-06-24T07:19:30Z,2394,71448,6,K2,HH_2394,4,2,y,true,primary_signal
4773.000,2026-06-24T07:19:33Z,2394,71448,6,K2,HH_2394,4,1,r,true,primary_signal
4779.000,2026-06-24T07:19:39Z,2394,71446,1,K7,HH_2394,2,4,u,true,primary_signal
4779.000,2026-06-24T07:19:39Z,2394,69184,3,K7,HH_2394,3,4,u,true,primary_signal
4780.000,2026-06-24T07:19:40Z,2394,71446,1,K7,HH_2394,2,3,G,true,primary_signal
4780.000,2026-06-24T07:19:40Z,2394,69184,3,K7,HH_2394,3,3,G,true,primary_signal
4816.000,2026-06-24T07:20:16Z,2394,71446,1,K7,HH_2394,2,2,y,true,primary_signal
4816.000,2026-06-24T07:20:16Z,2394,68006,2,K7,HH_2394,3,2,y,true,primary_signal
4817.000,2026-06-24T07:20:17Z,2349,72940,2,K1,HH_2349,0,2,y,true,primary_signal
4817.000,2026-06-24T07:20:17Z,2349,72962,4,K4,HH_2349,2,2,y,true,primary_signal
4817.000,2026-06-24T07:20:17Z,2349,72946,3,K1,HH_2349,3,2,y,true,primary_signal
4817.000,2026-06-24T07:20:17Z,2349,72961,6,K4,HH_2349,5,2,y,true,primary_signal
4817.000,2026-06-24T07:20:17Z,2394,67952,5,K1,HH_2394,0,2,y,true,primary_signal
4819.000,2026-06-24T07:20:19Z,2394,71446,1,K7,HH_2394,2,1,r,true,primary_signal
4819.000,2026-06-24T07:20:19Z,2394,69184,3,K7,HH_2394,3,1,r,true,primary_signal
4820.000,2026-06-24T07:20:20Z,2349,72940,2,K1,HH_2349,0,1,r,true,primary_signal
4820.000,2026-06-24T07:20:20Z,2349,72962,4,K4,HH_2349,2,1,r,true,primary_signal
4820.000,2026-06-24T07:20:20Z,2349,72946,3,K1,HH_2349,3,1,r,true,primary_signal
4820.000,2026-06-24T07:20:20Z,2349,72961,6,K4,HH_2349,5,1,r,true,primary_signal
4820.000,2026-06-24T07:20:20Z,2394,67952,5,K1,HH_2394,0,1,r,true,primary_signal
4822.000,2026-06-24T07:20:22Z,2394,68904,8,K4,HH_2394,1,4,u,true,primary_signal
4822.000,2026-06-24T07:20:22Z,2394,68841,9,K5,HH_2394,5,4,u,true,primary_signal
4824.000,2026-06-24T07:20:24Z,2394,68904,8,K4,HH_2394,1,3,G,true,primary_signal
4824.000,2026-06-24T07:20:24Z,2394,68841,9,K5,HH_2394,5,3,G,true,primary_signal
4827.000,2026-06-24T07:20:27Z,2349,72983,7,K2,HH_2349,1,4,u,true,primary_signal
4827.000,2026-06-24T07:20:27Z,2349,72971,9,K2,HH_2349,4,4,u,true,primary_signal
4828.000,2026-06-24T07:20:28Z,2349,73039,8,K2,HH_2349,1,3,G,true,primary_signal
4828.000,2026-06-24T07:20:28Z,2349,72971,9,K2,HH_2349,4,3,G,true,primary_signal
4844.000,2026-06-24T07:20:44Z,2394,68904,8,K4,HH_2394,1,2,y,true,primary_signal
4844.000,2026-06-24T07:20:44Z,2394,68841,9,K5,HH_2394,5,2,y,true,primary_signal
4847.000,2026-06-24T07:20:47Z,2349,73039,8,K2,HH_2349,1,2,y,true,primary_signal
4847.000,2026-06-24T07:20:47Z,2349,72971,9,K2,HH_2349,4,2,y,true,primary_signal
4847.000,2026-06-24T07:20:47Z,2394,68904,8,K4,HH_2394,1,1,r,true,primary_signal
4847.000,2026-06-24T07:20:47Z,2394,68841,9,K5,HH_2394,5,1,r,true,primary_signal
4849.000,2026-06-24T07:20:49Z,2394,71448,6,K2,HH_2394,4,4,u,true,primary_signal
4850.000,2026-06-24T07:20:50Z,2349,72983,7,K2,HH_2349,1,1,r,true,primary_signal
4850.000,2026-06-24T07:20:50Z,2349,72971,9,K2,HH_2349,4,1,r,true,primary_signal
4850.000,2026-06-24T07:20:50Z,2394,71448,6,K2,HH_2394,4,3,G,true,primary_signal
4852.000,2026-06-24T07:20:52Z,2349,72940,2,K1,HH_2349,0,4,u,true,primary_signal
4852.000,2026-06-24T07:20:52Z,2349,81474,5,K4,HH_2349,2,4,u,true,primary_signal
4852.000,2026-06-24T07:20:52Z,2349,72946,3,K1,HH_2349,3,4,u,true,primary_signal
4852.000,2026-06-24T07:20:52Z,2349,72961,6,K4,HH_2349,5,4,u,true,primary_signal
4852.000,2026-06-24T07:20:52Z,2394,67952,5,K1,HH_2394,0,4,u,true,primary_signal
4853.000,2026-06-24T07:20:53Z,2349,72940,2,K1,HH_2349,0,3,G,true,primary_signal
4853.000,2026-06-24T07:20:53Z,2349,72962,4,K4,HH_2349,2,3,G,true,primary_signal
4853.000,2026-06-24T07:20:53Z,2349,72946,3,K1,HH_2349,3,3,G,true,primary_signal
4853.000,2026-06-24T07:20:53Z,2349,72961,6,K4,HH_2349,5,3,G,true,primary_signal
4853.000,2026-06-24T07:20:53Z,2394,67952,5,K1,HH_2394,0,3,G,true,primary_signal
4863.000,2026-06-24T07:21:03Z,2394,71448,6,K2,HH_2394,4,2,y,true,primary_signal
4866.000,2026-06-24T07:21:06Z,2394,71448,6,K2,HH_2394,4,1,r,true,primary_signal
4872.000,2026-06-24T07:21:12Z,2394,71446,1,K7,HH_2394,2,4,u,true,primary_signal
4872.000,2026-06-24T07:21:12Z,2394,69184,3,K7,HH_2394,3,4,u,true,primary_signal
4873.000,2026-06-24T07:21:13Z,2394,71446,1,K7,HH_2394,2,3,G,true,primary_signal
4873.000,2026-06-24T07:21:13Z,2394,69184,3,K7,HH_2394,3,3,G,true,primary_signal
4886.000,2026-06-24T07:21:26Z,2349,81474,5,K4,HH_2349,2,2,y,true,primary_signal
4886.000,2026-06-24T07:21:26Z,2349,72961,6,K4,HH_2349,5,2,y,true,primary_signal
4887.000,2026-06-24T07:21:27Z,2349,72940,2,K1,HH_2349,0,2,y,true,primary_signal
4887.000,2026-06-24T07:21:27Z,2349,72946,3,K1,HH_2349,3,2,y,true,primary_signal
4889.000,2026-06-24T07:21:29Z,2349,81474,5,K4,HH_2349,2,1,r,true,primary_signal
4889.000,2026-06-24T07:21:29Z,2349,72961,6,K4,HH_2349,5,1,r,true,primary_signal
4890.000,2026-06-24T07:21:30Z,2349,72940,2,K1,HH_2349,0,1,r,true,primary_signal
4890.000,2026-06-24T07:21:30Z,2349,72946,3,K1,HH_2349,3,1,r,true,primary_signal
4897.000,2026-06-24T07:21:37Z,2349,73039,8,K2,HH_2349,1,4,u,true,primary_signal
4897.000,2026-06-24T07:21:37Z,2349,72971,9,K2,HH_2349,4,4,u,true,primary_signal
4898.000,2026-06-24T07:21:38Z,2349,73039,8,K2,HH_2349,1,3,G,true,primary_signal
4898.000,2026-06-24T07:21:38Z,2349,72971,9,K2,HH_2349,4,3,G,true,primary_signal
4906.000,2026-06-24T07:21:46Z,2394,71446,1,K7,HH_2394,2,2,y,true,primary_signal
4906.000,2026-06-24T07:21:46Z,2394,69184,3,K7,HH_2394,3,2,y,true,primary_signal
4909.000,2026-06-24T07:21:49Z,2394,71446,1,K7,HH_2394,2,1,r,true,primary_signal
4909.000,2026-06-24T07:21:49Z,2394,69184,3,K7,HH_2394,3,1,r,true,primary_signal
4912.000,2026-06-24T07:21:52Z,2394,71448,6,K2,HH_2394,4,4,u,true,primary_signal
4913.000,2026-06-24T07:21:53Z,2394,71448,6,K2,HH_2394,4,3,G,true,primary_signal
4917.000,2026-06-24T07:21:57Z,2349,72983,7,K2,HH_2349,1,2,y,true,primary_signal
4917.000,2026-06-24T07:21:57Z,2349,72971,9,K2,HH_2349,4,2,y,true,primary_signal
4920.000,2026-06-24T07:22:00Z,2349,72983,7,K2,HH_2349,1,1,r,true,primary_signal
4920.000,2026-06-24T07:22:00Z,2349,72971,9,K2,HH_2349,4,1,r,true,primary_signal
4922.000,2026-06-24T07:22:02Z,2349,72940,2,K1,HH_2349,0,4,u,true,primary_signal
4922.000,2026-06-24T07:22:02Z,2349,81474,5,K4,HH_2349,2,4,u,true,primary_signal
4922.000,2026-06-24T07:22:02Z,2349,72946,3,K1,HH_2349,3,4,u,true,primary_signal
4922.000,2026-06-24T07:22:02Z,2349,72961,6,K4,HH_2349,5,4,u,true,primary_signal
4923.000,2026-06-24T07:22:03Z,2349,72940,2,K1,HH_2349,0,3,G,true,primary_signal
4923.000,2026-06-24T07:22:03Z,2349,81474,5,K4,HH_2349,2,3,G,true,primary_signal
4923.000,2026-06-24T07:22:03Z,2349,72946,3,K1,HH_2349,3,3,G,true,primary_signal
4923.000,2026-06-24T07:22:03Z,2349,72961,6,K4,HH_2349,5,3,G,true,primary_signal
4931.000,2026-06-24T07:22:11Z,2394,67952,5,K1,HH_2394,0,2,y,true,primary_signal
4931.000,2026-06-24T07:22:11Z,2394,71448,6,K2,HH_2394,4,2,y,true,primary_signal
4934.000,2026-06-24T07:22:14Z,2394,67952,5,K1,HH_2394,0,1,r,true,primary_signal
4934.000,2026-06-24T07:22:14Z,2394,71448,6,K2,HH_2394,4,1,r,true,primary_signal
4937.000,2026-06-24T07:22:17Z,2394,68005,7,K4,HH_2394,1,4,u,true,primary_signal
4937.000,2026-06-24T07:22:17Z,2394,68841,9,K5,HH_2394,5,4,u,true,primary_signal
4938.000,2026-06-24T07:22:18Z,2394,68904,8,K4,HH_2394,1,3,G,true,primary_signal
4938.000,2026-06-24T07:22:18Z,2394,68841,9,K5,HH_2394,5,3,G,true,primary_signal
4958.000,2026-06-24T07:22:38Z,2394,68904,8,K4,HH_2394,1,2,y,true,primary_signal
4958.000,2026-06-24T07:22:38Z,2394,68841,9,K5,HH_2394,5,2,y,true,primary_signal
4961.000,2026-06-24T07:22:41Z,2394,68005,7,K4,HH_2394,1,1,r,true,primary_signal
4961.000,2026-06-24T07:22:41Z,2394,68841,9,K5,HH_2394,5,1,r,true,primary_signal
4964.000,2026-06-24T07:22:44Z,2394,71446,1,K7,HH_2394,2,4,u,true,primary_signal
4964.000,2026-06-24T07:22:44Z,2394,69184,3,K7,HH_2394,3,4,u,true,primary_signal
4965.000,2026-06-24T07:22:45Z,2394,71446,1,K7,HH_2394,2,3,G,true,primary_signal
4965.000,2026-06-24T07:22:45Z,2394,68006,2,K7,HH_2394,3,3,G,true,primary_signal
4966.000,2026-06-24T07:22:46Z,2394,67952,5,K1,HH_2394,0,4,u,true,primary_signal
4967.000,2026-06-24T07:22:47Z,2394,67952,5,K1,HH_2394,0,3,G,true,primary_signal
4979.000,2026-06-24T07:22:59Z,2349,72962,4,K4,HH_2349,2,2,y,true,primary_signal
4979.000,2026-06-24T07:22:59Z,2349,72961,6,K4,HH_2349,5,2,y,true,primary_signal
4980.000,2026-06-24T07:23:00Z,2349,72940,2,K1,HH_2349,0,2,y,true,primary_signal
4980.000,2026-06-24T07:23:00Z,2349,72946,3,K1,HH_2349,3,2,y,true,primary_signal
4982.000,2026-06-24T07:23:02Z,2349,81474,5,K4,HH_2349,2,1,r,true,primary_signal
4982.000,2026-06-24T07:23:02Z,2349,72961,6,K4,HH_2349,5,1,r,true,primary_signal
4983.000,2026-06-24T07:23:03Z,2349,72940,2,K1,HH_2349,0,1,r,true,primary_signal
4983.000,2026-06-24T07:23:03Z,2349,72946,3,K1,HH_2349,3,1,r,true,primary_signal
4990.000,2026-06-24T07:23:10Z,2349,72983,7,K2,HH_2349,1,4,u,true,primary_signal
4990.000,2026-06-24T07:23:10Z,2349,72971,9,K2,HH_2349,4,4,u,true,primary_signal
4991.000,2026-06-24T07:23:11Z,2349,73039,8,K2,HH_2349,1,3,G,true,primary_signal
4991.000,2026-06-24T07:23:11Z,2349,72971,9,K2,HH_2349,4,3,G,true,primary_signal
4991.000,2026-06-24T07:23:11Z,2394,71446,1,K7,HH_2394,2,2,y,true,primary_signal
4991.000,2026-06-24T07:23:11Z,2394,68006,2,K7,HH_2394,3,2,y,true,primary_signal
4994.000,2026-06-24T07:23:14Z,2394,71446,1,K7,HH_2394,2,1,r,true,primary_signal
4994.000,2026-06-24T07:23:14Z,2394,69184,3,K7,HH_2394,3,1,r,true,primary_signal
4997.000,2026-06-24T07:23:17Z,2394,71448,6,K2,HH_2394,4,4,u,true,primary_signal
4998.000,2026-06-24T07:23:18Z,2394,71448,6,K2,HH_2394,4,3,G,true,primary_signal
5010.000,2026-06-24T07:23:30Z,2349,72983,7,K2,HH_2349,1,2,y,true,primary_signal
5010.000,2026-06-24T07:23:30Z,2349,72971,9,K2,HH_2349,4,2,y,true,primary_signal
5013.000,2026-06-24T07:23:33Z,2349,72983,7,K2,HH_2349,1,1,r,true,primary_signal
5013.000,2026-06-24T07:23:33Z,2349,72971,9,K2,HH_2349,4,1,r,true,primary_signal
5015.000,2026-06-24T07:23:35Z,2349,72940,2,K1,HH_2349,0,4,u,true,primary_signal
5015.000,2026-06-24T07:23:35Z,2349,72962,4,K4,HH_2349,2,4,u,true,primary_signal
5015.000,2026-06-24T07:23:35Z,2349,72946,3,K1,HH_2349,3,4,u,true,primary_signal
5015.000,2026-06-24T07:23:35Z,2349,72961,6,K4,HH_2349,5,4,u,true,primary_signal
5016.000,2026-06-24T07:23:36Z,2349,72940,2,K1,HH_2349,0,3,G,true,primary_signal
5016.000,2026-06-24T07:23:36Z,2349,72962,4,K4,HH_2349,2,3,G,true,primary_signal
5016.000,2026-06-24T07:23:36Z,2349,72946,3,K1,HH_2349,3,3,G,true,primary_signal
5016.000,2026-06-24T07:23:36Z,2349,72961,6,K4,HH_2349,5,3,G,true,primary_signal
5023.000,2026-06-24T07:23:43Z,2394,67952,5,K1,HH_2394,0,2,y,true,primary_signal
5023.000,2026-06-24T07:23:43Z,2394,71448,6,K2,HH_2394,4,2,y,true,primary_signal
5026.000,2026-06-24T07:23:46Z,2394,67952,5,K1,HH_2394,0,1,r,true,primary_signal
5026.000,2026-06-24T07:23:46Z,2394,71448,6,K2,HH_2394,4,1,r,true,primary_signal
5029.000,2026-06-24T07:23:49Z,2394,68904,8,K4,HH_2394,1,4,u,true,primary_signal
5029.000,2026-06-24T07:23:49Z,2394,68841,9,K5,HH_2394,5,4,u,true,primary_signal
5030.000,2026-06-24T07:23:50Z,2394,68904,8,K4,HH_2394,1,3,G,true,primary_signal
5030.000,2026-06-24T07:23:50Z,2394,68841,9,K5,HH_2394,5,3,G,true,primary_signal
5050.000,2026-06-24T07:24:10Z,2394,68005,7,K4,HH_2394,1,2,y,true,primary_signal
5050.000,2026-06-24T07:24:10Z,2394,68841,9,K5,HH_2394,5,2,y,true,primary_signal
5052.000,2026-06-24T07:24:12Z,2394,68904,8,K4,HH_2394,1,1,r,true,primary_signal
5052.000,2026-06-24T07:24:12Z,2394,68841,9,K5,HH_2394,5,1,r,true,primary_signal
5056.000,2026-06-24T07:24:16Z,2394,71446,1,K7,HH_2394,2,4,u,true,primary_signal
5056.000,2026-06-24T07:24:16Z,2394,69184,3,K7,HH_2394,3,4,u,true,primary_signal
5057.000,2026-06-24T07:24:17Z,2394,71446,1,K7,HH_2394,2,3,G,true,primary_signal
5057.000,2026-06-24T07:24:17Z,2394,68006,2,K7,HH_2394,3,3,G,true,primary_signal
5058.000,2026-06-24T07:24:18Z,2394,67952,5,K1,HH_2394,0,4,u,true,primary_signal
5059.000,2026-06-24T07:24:19Z,2394,67952,5,K1,HH_2394,0,3,G,true,primary_signal
5067.000,2026-06-24T07:24:27Z,2349,81474,5,K4,HH_2349,2,2,y,true,primary_signal
5067.000,2026-06-24T07:24:27Z,2349,72961,6,K4,HH_2349,5,2,y,true,primary_signal
5068.000,2026-06-24T07:24:28Z,2349,72940,2,K1,HH_2349,0,2,y,true,primary_signal
5068.000,2026-06-24T07:24:28Z,2349,72946,3,K1,HH_2349,3,2,y,true,primary_signal
5070.000,2026-06-24T07:24:30Z,2349,72962,4,K4,HH_2349,2,1,r,true,primary_signal
5070.000,2026-06-24T07:24:30Z,2349,72961,6,K4,HH_2349,5,1,r,true,primary_signal
5071.000,2026-06-24T07:24:31Z,2349,72940,2,K1,HH_2349,0,1,r,true,primary_signal
5071.000,2026-06-24T07:24:31Z,2349,72946,3,K1,HH_2349,3,1,r,true,primary_signal
5078.000,2026-06-24T07:24:38Z,2349,73039,8,K2,HH_2349,1,4,u,true,primary_signal
5078.000,2026-06-24T07:24:38Z,2349,72971,9,K2,HH_2349,4,4,u,true,primary_signal
5079.000,2026-06-24T07:24:39Z,2349,73039,8,K2,HH_2349,1,3,G,true,primary_signal
5079.000,2026-06-24T07:24:39Z,2349,72971,9,K2,HH_2349,4,3,G,true,primary_signal
5081.000,2026-06-24T07:24:41Z,2394,71446,1,K7,HH_2394,2,2,y,true,primary_signal
5081.000,2026-06-24T07:24:41Z,2394,69184,3,K7,HH_2394,3,2,y,true,primary_signal
5084.000,2026-06-24T07:24:44Z,2394,71446,1,K7,HH_2394,2,1,r,true,primary_signal
5084.000,2026-06-24T07:24:44Z,2394,69184,3,K7,HH_2394,3,1,r,true,primary_signal
5087.000,2026-06-24T07:24:47Z,2394,71448,6,K2,HH_2394,4,4,u,true,primary_signal
5088.000,2026-06-24T07:24:48Z,2394,71448,6,K2,HH_2394,4,3,G,true,primary_signal
5098.000,2026-06-24T07:24:58Z,2349,72983,7,K2,HH_2349,1,2,y,true,primary_signal
5098.000,2026-06-24T07:24:58Z,2349,72971,9,K2,HH_2349,4,2,y,true,primary_signal
5098.000,2026-06-24T07:24:58Z,2394,71448,6,K2,HH_2394,4,2,y,true,primary_signal
5101.000,2026-06-24T07:25:01Z,2349,72983,7,K2,HH_2349,1,1,r,true,primary_signal
5101.000,2026-06-24T07:25:01Z,2349,72971,9,K2,HH_2349,4,1,r,true,primary_signal
5101.000,2026-06-24T07:25:01Z,2394,71448,6,K2,HH_2394,4,1,r,true,primary_signal
5103.000,2026-06-24T07:25:03Z,2349,72940,2,K1,HH_2349,0,4,u,true,primary_signal
5103.000,2026-06-24T07:25:03Z,2349,72962,4,K4,HH_2349,2,4,u,true,primary_signal
5103.000,2026-06-24T07:25:03Z,2349,72946,3,K1,HH_2349,3,4,u,true,primary_signal
5103.000,2026-06-24T07:25:03Z,2349,72961,6,K4,HH_2349,5,4,u,true,primary_signal
5104.000,2026-06-24T07:25:04Z,2349,72940,2,K1,HH_2349,0,3,G,true,primary_signal
5104.000,2026-06-24T07:25:04Z,2349,72962,4,K4,HH_2349,2,3,G,true,primary_signal
5104.000,2026-06-24T07:25:04Z,2349,72946,3,K1,HH_2349,3,3,G,true,primary_signal
5104.000,2026-06-24T07:25:04Z,2349,72961,6,K4,HH_2349,5,3,G,true,primary_signal
5107.000,2026-06-24T07:25:07Z,2394,71446,1,K7,HH_2394,2,4,u,true,primary_signal
5107.000,2026-06-24T07:25:07Z,2394,69184,3,K7,HH_2394,3,4,u,true,primary_signal
5108.000,2026-06-24T07:25:08Z,2394,71446,1,K7,HH_2394,2,3,G,true,primary_signal
5108.000,2026-06-24T07:25:08Z,2394,69184,3,K7,HH_2394,3,3,G,true,primary_signal
5169.000,2026-06-24T07:26:09Z,2349,72940,2,K1,HH_2349,0,2,y,true,primary_signal
5169.000,2026-06-24T07:26:09Z,2349,81474,5,K4,HH_2349,2,2,y,true,primary_signal
5169.000,2026-06-24T07:26:09Z,2349,72946,3,K1,HH_2349,3,2,y,true,primary_signal
5169.000,2026-06-24T07:26:09Z,2349,72961,6,K4,HH_2349,5,2,y,true,primary_signal
5172.000,2026-06-24T07:26:12Z,2349,72940,2,K1,HH_2349,0,1,r,true,primary_signal
5172.000,2026-06-24T07:26:12Z,2349,72962,4,K4,HH_2349,2,1,r,true,primary_signal
5172.000,2026-06-24T07:26:12Z,2349,72946,3,K1,HH_2349,3,1,r,true,primary_signal
5172.000,2026-06-24T07:26:12Z,2349,72961,6,K4,HH_2349,5,1,r,true,primary_signal
5176.000,2026-06-24T07:26:16Z,2394,71446,1,K7,HH_2394,2,2,y,true,primary_signal
5176.000,2026-06-24T07:26:16Z,2394,69184,3,K7,HH_2394,3,2,y,true,primary_signal
5177.000,2026-06-24T07:26:17Z,2394,67952,5,K1,HH_2394,0,2,y,true,primary_signal
5179.000,2026-06-24T07:26:19Z,2349,72983,7,K2,HH_2349,1,4,u,true,primary_signal
5179.000,2026-06-24T07:26:19Z,2349,72971,9,K2,HH_2349,4,4,u,true,primary_signal
5179.000,2026-06-24T07:26:19Z,2394,71446,1,K7,HH_2394,2,1,r,true,primary_signal
5179.000,2026-06-24T07:26:19Z,2394,69184,3,K7,HH_2394,3,1,r,true,primary_signal
5180.000,2026-06-24T07:26:20Z,2349,73039,8,K2,HH_2349,1,3,G,true,primary_signal
5180.000,2026-06-24T07:26:20Z,2349,72971,9,K2,HH_2349,4,3,G,true,primary_signal
5180.000,2026-06-24T07:26:20Z,2394,67952,5,K1,HH_2394,0,1,r,true,primary_signal
5183.000,2026-06-24T07:26:23Z,2394,68904,8,K4,HH_2394,1,4,u,true,primary_signal
5183.000,2026-06-24T07:26:23Z,2394,68841,9,K5,HH_2394,5,4,u,true,primary_signal
5184.000,2026-06-24T07:26:24Z,2394,68904,8,K4,HH_2394,1,3,G,true,primary_signal
5184.000,2026-06-24T07:26:24Z,2394,68841,9,K5,HH_2394,5,3,G,true,primary_signal
5199.000,2026-06-24T07:26:39Z,2349,73039,8,K2,HH_2349,1,2,y,true,primary_signal
5199.000,2026-06-24T07:26:39Z,2349,72971,9,K2,HH_2349,4,2,y,true,primary_signal
5202.000,2026-06-24T07:26:42Z,2349,72983,7,K2,HH_2349,1,1,r,true,primary_signal
5202.000,2026-06-24T07:26:42Z,2349,72971,9,K2,HH_2349,4,1,r,true,primary_signal
5203.000,2026-06-24T07:26:43Z,2394,68005,7,K4,HH_2394,1,2,y,true,primary_signal
5203.000,2026-06-24T07:26:43Z,2394,68841,9,K5,HH_2394,5,2,y,true,primary_signal
5204.000,2026-06-24T07:26:44Z,2349,72940,2,K1,HH_2349,0,4,u,true,primary_signal
5204.000,2026-06-24T07:26:44Z,2349,81474,5,K4,HH_2349,2,4,u,true,primary_signal
5204.000,2026-06-24T07:26:44Z,2349,72946,3,K1,HH_2349,3,4,u,true,primary_signal
5204.000,2026-06-24T07:26:44Z,2349,72961,6,K4,HH_2349,5,4,u,true,primary_signal
5205.000,2026-06-24T07:26:45Z,2349,72940,2,K1,HH_2349,0,3,G,true,primary_signal
5205.000,2026-06-24T07:26:45Z,2349,81474,5,K4,HH_2349,2,3,G,true,primary_signal
5205.000,2026-06-24T07:26:45Z,2349,72946,3,K1,HH_2349,3,3,G,true,primary_signal
5205.000,2026-06-24T07:26:45Z,2349,72961,6,K4,HH_2349,5,3,G,true,primary_signal
5207.000,2026-06-24T07:26:47Z,2394,68904,8,K4,HH_2394,1,1,r,true,primary_signal
5207.000,2026-06-24T07:26:47Z,2394,68841,9,K5,HH_2394,5,1,r,true,primary_signal
5209.000,2026-06-24T07:26:49Z,2394,71448,6,K2,HH_2394,4,4,u,true,primary_signal
5210.000,2026-06-24T07:26:50Z,2394,71448,6,K2,HH_2394,4,3,G,true,primary_signal
5212.000,2026-06-24T07:26:52Z,2394,67952,5,K1,HH_2394,0,4,u,true,primary_signal
5213.000,2026-06-24T07:26:53Z,2394,67952,5,K1,HH_2394,0,3,G,true,primary_signal
5223.000,2026-06-24T07:27:03Z,2394,71448,6,K2,HH_2394,4,2,y,true,primary_signal
5226.000,2026-06-24T07:27:06Z,2394,71448,6,K2,HH_2394,4,1,r,true,primary_signal
5232.000,2026-06-24T07:27:12Z,2394,71446,1,K7,HH_2394,2,4,u,true,primary_signal
5232.000,2026-06-24T07:27:12Z,2394,69184,3,K7,HH_2394,3,4,u,true,primary_signal
5233.000,2026-06-24T07:27:13Z,2394,71446,1,K7,HH_2394,2,3,G,true,primary_signal
5233.000,2026-06-24T07:27:13Z,2394,69184,3,K7,HH_2394,3,3,G,true,primary_signal
5266.000,2026-06-24T07:27:46Z,2394,71446,1,K7,HH_2394,2,2,y,true,primary_signal
5266.000,2026-06-24T07:27:46Z,2394,69184,3,K7,HH_2394,3,2,y,true,primary_signal
5267.000,2026-06-24T07:27:47Z,2394,67952,5,K1,HH_2394,0,2,y,true,primary_signal
5269.000,2026-06-24T07:27:49Z,2394,71446,1,K7,HH_2394,2,1,r,true,primary_signal
5269.000,2026-06-24T07:27:49Z,2394,69184,3,K7,HH_2394,3,1,r,true,primary_signal
5270.000,2026-06-24T07:27:50Z,2394,67952,5,K1,HH_2394,0,1,r,true,primary_signal
5272.000,2026-06-24T07:27:52Z,2394,68904,8,K4,HH_2394,1,4,u,true,primary_signal
5272.000,2026-06-24T07:27:52Z,2394,68841,9,K5,HH_2394,5,4,u,true,primary_signal
5273.000,2026-06-24T07:27:53Z,2394,68005,7,K4,HH_2394,1,3,G,true,primary_signal
5273.000,2026-06-24T07:27:53Z,2394,68841,9,K5,HH_2394,5,3,G,true,primary_signal
5283.000,2026-06-24T07:28:03Z,2349,72940,2,K1,HH_2349,0,2,y,true,primary_signal
5283.000,2026-06-24T07:28:03Z,2349,72962,4,K4,HH_2349,2,2,y,true,primary_signal
5283.000,2026-06-24T07:28:03Z,2349,72946,3,K1,HH_2349,3,2,y,true,primary_signal
5283.000,2026-06-24T07:28:03Z,2349,72961,6,K4,HH_2349,5,2,y,true,primary_signal
5286.000,2026-06-24T07:28:06Z,2349,72940,2,K1,HH_2349,0,1,r,true,primary_signal
5286.000,2026-06-24T07:28:06Z,2349,81474,5,K4,HH_2349,2,1,r,true,primary_signal
5286.000,2026-06-24T07:28:06Z,2349,72946,3,K1,HH_2349,3,1,r,true,primary_signal
5286.000,2026-06-24T07:28:06Z,2349,72961,6,K4,HH_2349,5,1,r,true,primary_signal
5293.000,2026-06-24T07:28:13Z,2349,72983,7,K2,HH_2349,1,4,u,true,primary_signal
5293.000,2026-06-24T07:28:13Z,2349,72971,9,K2,HH_2349,4,4,u,true,primary_signal
5294.000,2026-06-24T07:28:14Z,2349,72983,7,K2,HH_2349,1,3,G,true,primary_signal
5294.000,2026-06-24T07:28:14Z,2349,72971,9,K2,HH_2349,4,3,G,true,primary_signal
5294.000,2026-06-24T07:28:14Z,2394,68904,8,K4,HH_2394,1,2,y,true,primary_signal
5294.000,2026-06-24T07:28:14Z,2394,68841,9,K5,HH_2394,5,2,y,true,primary_signal
5297.000,2026-06-24T07:28:17Z,2394,68904,8,K4,HH_2394,1,1,r,true,primary_signal
5297.000,2026-06-24T07:28:17Z,2394,68841,9,K5,HH_2394,5,1,r,true,primary_signal
5299.000,2026-06-24T07:28:19Z,2394,71448,6,K2,HH_2394,4,4,u,true,primary_signal
5300.000,2026-06-24T07:28:20Z,2394,71448,6,K2,HH_2394,4,3,G,true,primary_signal
5302.000,2026-06-24T07:28:22Z,2394,67952,5,K1,HH_2394,0,4,u,true,primary_signal
5303.000,2026-06-24T07:28:23Z,2394,67952,5,K1,HH_2394,0,3,G,true,primary_signal
5310.000,2026-06-24T07:28:30Z,2394,71448,6,K2,HH_2394,4,2,y,true,primary_signal
5313.000,2026-06-24T07:28:33Z,2349,72983,7,K2,HH_2349,1,2,y,true,primary_signal
5313.000,2026-06-24T07:28:33Z,2349,72971,9,K2,HH_2349,4,2,y,true,primary_signal
5313.000,2026-06-24T07:28:33Z,2394,71448,6,K2,HH_2394,4,1,r,true,primary_signal
5316.000,2026-06-24T07:28:36Z,2349,72983,7,K2,HH_2349,1,1,r,true,primary_signal
5316.000,2026-06-24T07:28:36Z,2349,72971,9,K2,HH_2349,4,1,r,true,primary_signal
5318.000,2026-06-24T07:28:38Z,2349,72940,2,K1,HH_2349,0,4,u,true,primary_signal
5318.000,2026-06-24T07:28:38Z,2349,72962,4,K4,HH_2349,2,4,u,true,primary_signal
5318.000,2026-06-24T07:28:38Z,2349,72946,3,K1,HH_2349,3,4,u,true,primary_signal
5318.000,2026-06-24T07:28:38Z,2349,72961,6,K4,HH_2349,5,4,u,true,primary_signal
5319.000,2026-06-24T07:28:39Z,2349,72940,2,K1,HH_2349,0,3,G,true,primary_signal
5319.000,2026-06-24T07:28:39Z,2349,72962,4,K4,HH_2349,2,3,G,true,primary_signal
5319.000,2026-06-24T07:28:39Z,2349,72946,3,K1,HH_2349,3,3,G,true,primary_signal
5319.000,2026-06-24T07:28:39Z,2349,72961,6,K4,HH_2349,5,3,G,true,primary_signal
5319.000,2026-06-24T07:28:39Z,2394,71446,1,K7,HH_2394,2,4,u,true,primary_signal
5319.000,2026-06-24T07:28:39Z,2394,69184,3,K7,HH_2394,3,4,u,true,primary_signal
5320.000,2026-06-24T07:28:40Z,2394,71446,1,K7,HH_2394,2,3,G,true,primary_signal
5320.000,2026-06-24T07:28:40Z,2394,69184,3,K7,HH_2394,3,3,G,true,primary_signal
5337.000,2026-06-24T07:28:57Z,2349,81474,5,K4,HH_2349,2,2,y,true,primary_signal
5337.000,2026-06-24T07:28:57Z,2349,72961,6,K4,HH_2349,5,2,y,true,primary_signal
5338.000,2026-06-24T07:28:58Z,2349,72940,2,K1,HH_2349,0,2,y,true,primary_signal
5338.000,2026-06-24T07:28:58Z,2349,72946,3,K1,HH_2349,3,2,y,true,primary_signal
5340.000,2026-06-24T07:29:00Z,2349,81474,5,K4,HH_2349,2,1,r,true,primary_signal
5340.000,2026-06-24T07:29:00Z,2349,72961,6,K4,HH_2349,5,1,r,true,primary_signal
5341.000,2026-06-24T07:29:01Z,2349,72940,2,K1,HH_2349,0,1,r,true,primary_signal
5341.000,2026-06-24T07:29:01Z,2349,72946,3,K1,HH_2349,3,1,r,true,primary_signal
5348.000,2026-06-24T07:29:08Z,2349,72983,7,K2,HH_2349,1,4,u,true,primary_signal
5348.000,2026-06-24T07:29:08Z,2349,72971,9,K2,HH_2349,4,4,u,true,primary_signal
5349.000,2026-06-24T07:29:09Z,2349,73039,8,K2,HH_2349,1,3,G,true,primary_signal
5349.000,2026-06-24T07:29:09Z,2349,72971,9,K2,HH_2349,4,3,G,true,primary_signal
5356.000,2026-06-24T07:29:16Z,2394,71446,1,K7,HH_2394,2,2,y,true,primary_signal
5356.000,2026-06-24T07:29:16Z,2394,68006,2,K7,HH_2394,3,2,y,true,primary_signal
5359.000,2026-06-24T07:29:19Z,2394,71446,1,K7,HH_2394,2,1,r,true,primary_signal
5359.000,2026-06-24T07:29:19Z,2394,69184,3,K7,HH_2394,3,1,r,true,primary_signal
5362.000,2026-06-24T07:29:22Z,2394,71448,6,K2,HH_2394,4,4,u,true,primary_signal
5363.000,2026-06-24T07:29:23Z,2394,71448,6,K2,HH_2394,4,3,G,true,primary_signal
5368.000,2026-06-24T07:29:28Z,2349,72983,7,K2,HH_2349,1,2,y,true,primary_signal
5368.000,2026-06-24T07:29:28Z,2349,72971,9,K2,HH_2349,4,2,y,true,primary_signal
5371.000,2026-06-24T07:29:31Z,2349,72983,7,K2,HH_2349,1,1,r,true,primary_signal
5371.000,2026-06-24T07:29:31Z,2349,72971,9,K2,HH_2349,4,1,r,true,primary_signal
5373.000,2026-06-24T07:29:33Z,2349,72940,2,K1,HH_2349,0,4,u,true,primary_signal
5373.000,2026-06-24T07:29:33Z,2349,72962,4,K4,HH_2349,2,4,u,true,primary_signal
5373.000,2026-06-24T07:29:33Z,2349,72946,3,K1,HH_2349,3,4,u,true,primary_signal
5373.000,2026-06-24T07:29:33Z,2349,72961,6,K4,HH_2349,5,4,u,true,primary_signal
5373.000,2026-06-24T07:29:33Z,2394,71448,6,K2,HH_2394,4,2,y,true,primary_signal
5374.000,2026-06-24T07:29:34Z,2349,72940,2,K1,HH_2349,0,3,G,true,primary_signal
5374.000,2026-06-24T07:29:34Z,2349,72962,4,K4,HH_2349,2,3,G,true,primary_signal
5374.000,2026-06-24T07:29:34Z,2349,72946,3,K1,HH_2349,3,3,G,true,primary_signal
5374.000,2026-06-24T07:29:34Z,2349,72961,6,K4,HH_2349,5,3,G,true,primary_signal
5376.000,2026-06-24T07:29:36Z,2394,71448,6,K2,HH_2394,4,1,r,true,primary_signal
5382.000,2026-06-24T07:29:42Z,2394,71446,1,K7,HH_2394,2,4,u,true,primary_signal
5382.000,2026-06-24T07:29:42Z,2394,69184,3,K7,HH_2394,3,4,u,true,primary_signal
5383.000,2026-06-24T07:29:43Z,2394,71446,1,K7,HH_2394,2,3,G,true,primary_signal
5383.000,2026-06-24T07:29:43Z,2394,69184,3,K7,HH_2394,3,3,G,true,primary_signal
5426.000,2026-06-24T07:30:26Z,2349,81474,5,K4,HH_2349,2,2,y,true,primary_signal
5426.000,2026-06-24T07:30:26Z,2349,72961,6,K4,HH_2349,5,2,y,true,primary_signal
5427.000,2026-06-24T07:30:27Z,2349,72940,2,K1,HH_2349,0,2,y,true,primary_signal
5427.000,2026-06-24T07:30:27Z,2349,72946,3,K1,HH_2349,3,2,y,true,primary_signal
5429.000,2026-06-24T07:30:29Z,2349,81474,5,K4,HH_2349,2,1,r,true,primary_signal
5429.000,2026-06-24T07:30:29Z,2349,72961,6,K4,HH_2349,5,1,r,true,primary_signal
5430.000,2026-06-24T07:30:30Z,2349,72940,2,K1,HH_2349,0,1,r,true,primary_signal
5430.000,2026-06-24T07:30:30Z,2349,72946,3,K1,HH_2349,3,1,r,true,primary_signal
5437.000,2026-06-24T07:30:37Z,2349,73039,8,K2,HH_2349,1,4,u,true,primary_signal
5437.000,2026-06-24T07:30:37Z,2349,72971,9,K2,HH_2349,4,4,u,true,primary_signal
5438.000,2026-06-24T07:30:38Z,2349,73039,8,K2,HH_2349,1,3,G,true,primary_signal
5438.000,2026-06-24T07:30:38Z,2349,72971,9,K2,HH_2349,4,3,G,true,primary_signal
5441.000,2026-06-24T07:30:41Z,2394,71446,1,K7,HH_2394,2,2,y,true,primary_signal
5441.000,2026-06-24T07:30:41Z,2394,69184,3,K7,HH_2394,3,2,y,true,primary_signal
5442.000,2026-06-24T07:30:42Z,2394,67952,5,K1,HH_2394,0,2,y,true,primary_signal
5444.000,2026-06-24T07:30:44Z,2394,71446,1,K7,HH_2394,2,1,r,true,primary_signal
5444.000,2026-06-24T07:30:44Z,2394,69184,3,K7,HH_2394,3,1,r,true,primary_signal
5445.000,2026-06-24T07:30:45Z,2394,67952,5,K1,HH_2394,0,1,r,true,primary_signal
5448.000,2026-06-24T07:30:48Z,2394,68005,7,K4,HH_2394,1,4,u,true,primary_signal
5448.000,2026-06-24T07:30:48Z,2394,68841,9,K5,HH_2394,5,4,u,true,primary_signal
5449.000,2026-06-24T07:30:49Z,2394,68904,8,K4,HH_2394,1,3,G,true,primary_signal
5449.000,2026-06-24T07:30:49Z,2394,68841,9,K5,HH_2394,5,3,G,true,primary_signal
5457.000,2026-06-24T07:30:57Z,2349,73039,8,K2,HH_2349,1,2,y,true,primary_signal
5457.000,2026-06-24T07:30:57Z,2349,72971,9,K2,HH_2349,4,2,y,true,primary_signal
5460.000,2026-06-24T07:31:00Z,2349,72983,7,K2,HH_2349,1,1,r,true,primary_signal
5460.000,2026-06-24T07:31:00Z,2349,72971,9,K2,HH_2349,4,1,r,true,primary_signal
5462.000,2026-06-24T07:31:02Z,2349,72940,2,K1,HH_2349,0,4,u,true,primary_signal
5462.000,2026-06-24T07:31:02Z,2349,72962,4,K4,HH_2349,2,4,u,true,primary_signal
5462.000,2026-06-24T07:31:02Z,2349,72946,3,K1,HH_2349,3,4,u,true,primary_signal
5462.000,2026-06-24T07:31:02Z,2349,72961,6,K4,HH_2349,5,4,u,true,primary_signal
5463.000,2026-06-24T07:31:03Z,2349,72940,2,K1,HH_2349,0,3,G,true,primary_signal
5463.000,2026-06-24T07:31:03Z,2349,72962,4,K4,HH_2349,2,3,G,true,primary_signal
5463.000,2026-06-24T07:31:03Z,2349,72946,3,K1,HH_2349,3,3,G,true,primary_signal
5463.000,2026-06-24T07:31:03Z,2349,72961,6,K4,HH_2349,5,3,G,true,primary_signal
5469.000,2026-06-24T07:31:09Z,2394,68904,8,K4,HH_2394,1,2,y,true,primary_signal
5469.000,2026-06-24T07:31:09Z,2394,68841,9,K5,HH_2394,5,2,y,true,primary_signal
5472.000,2026-06-24T07:31:12Z,2394,68904,8,K4,HH_2394,1,1,r,true,primary_signal
5472.000,2026-06-24T07:31:12Z,2394,68841,9,K5,HH_2394,5,1,r,true,primary_signal
5474.000,2026-06-24T07:31:14Z,2394,71448,6,K2,HH_2394,4,4,u,true,primary_signal
5475.000,2026-06-24T07:31:15Z,2394,71448,6,K2,HH_2394,4,3,G,true,primary_signal
5477.000,2026-06-24T07:31:17Z,2394,67952,5,K1,HH_2394,0,4,u,true,primary_signal
5478.000,2026-06-24T07:31:18Z,2394,67952,5,K1,HH_2394,0,3,G,true,primary_signal
5485.000,2026-06-24T07:31:25Z,2394,71448,6,K2,HH_2394,4,2,y,true,primary_signal
5488.000,2026-06-24T07:31:28Z,2394,71448,6,K2,HH_2394,4,1,r,true,primary_signal
5493.000,2026-06-24T07:31:33Z,2394,71446,1,K7,HH_2394,2,4,u,true,primary_signal
5493.000,2026-06-24T07:31:33Z,2394,69184,3,K7,HH_2394,3,4,u,true,primary_signal
5494.000,2026-06-24T07:31:34Z,2394,71446,1,K7,HH_2394,2,3,G,true,primary_signal
5494.000,2026-06-24T07:31:34Z,2394,69184,3,K7,HH_2394,3,3,G,true,primary_signal
5516.000,2026-06-24T07:31:56Z,2349,72962,4,K4,HH_2349,2,2,y,true,primary_signal
5516.000,2026-06-24T07:31:56Z,2349,72961,6,K4,HH_2349,5,2,y,true,primary_signal
5517.000,2026-06-24T07:31:57Z,2349,72940,2,K1,HH_2349,0,2,y,true,primary_signal
5517.000,2026-06-24T07:31:57Z,2349,72946,3,K1,HH_2349,3,2,y,true,primary_signal
5519.000,2026-06-24T07:31:59Z,2349,72962,4,K4,HH_2349,2,1,r,true,primary_signal
5519.000,2026-06-24T07:31:59Z,2349,72961,6,K4,HH_2349,5,1,r,true,primary_signal
5520.000,2026-06-24T07:32:00Z,2349,72940,2,K1,HH_2349,0,1,r,true,primary_signal
5520.000,2026-06-24T07:32:00Z,2349,72946,3,K1,HH_2349,3,1,r,true,primary_signal
5527.000,2026-06-24T07:32:07Z,2349,72983,7,K2,HH_2349,1,4,u,true,primary_signal
5527.000,2026-06-24T07:32:07Z,2349,72971,9,K2,HH_2349,4,4,u,true,primary_signal
5528.000,2026-06-24T07:32:08Z,2349,73039,8,K2,HH_2349,1,3,G,true,primary_signal
5528.000,2026-06-24T07:32:08Z,2349,72971,9,K2,HH_2349,4,3,G,true,primary_signal
5536.000,2026-06-24T07:32:16Z,2394,71446,1,K7,HH_2394,2,2,y,true,primary_signal
5536.000,2026-06-24T07:32:16Z,2394,68006,2,K7,HH_2394,3,2,y,true,primary_signal
5537.000,2026-06-24T07:32:17Z,2394,67952,5,K1,HH_2394,0,2,y,true,primary_signal
5539.000,2026-06-24T07:32:19Z,2394,71446,1,K7,HH_2394,2,1,r,true,primary_signal
5539.000,2026-06-24T07:32:19Z,2394,69184,3,K7,HH_2394,3,1,r,true,primary_signal
5540.000,2026-06-24T07:32:20Z,2394,67952,5,K1,HH_2394,0,1,r,true,primary_signal
5543.000,2026-06-24T07:32:23Z,2394,68904,8,K4,HH_2394,1,4,u,true,primary_signal
5543.000,2026-06-24T07:32:23Z,2394,68841,9,K5,HH_2394,5,4,u,true,primary_signal
5544.000,2026-06-24T07:32:24Z,2394,68005,7,K4,HH_2394,1,3,G,true,primary_signal
5544.000,2026-06-24T07:32:24Z,2394,68841,9,K5,HH_2394,5,3,G,true,primary_signal
5547.000,2026-06-24T07:32:27Z,2349,72983,7,K2,HH_2349,1,2,y,true,primary_signal
5547.000,2026-06-24T07:32:27Z,2349,72971,9,K2,HH_2349,4,2,y,true,primary_signal
5550.000,2026-06-24T07:32:30Z,2349,73039,8,K2,HH_2349,1,1,r,true,primary_signal
5550.000,2026-06-24T07:32:30Z,2349,72971,9,K2,HH_2349,4,1,r,true,primary_signal
5552.000,2026-06-24T07:32:32Z,2349,72940,2,K1,HH_2349,0,4,u,true,primary_signal
5552.000,2026-06-24T07:32:32Z,2349,81474,5,K4,HH_2349,2,4,u,true,primary_signal
5552.000,2026-06-24T07:32:32Z,2349,72946,3,K1,HH_2349,3,4,u,true,primary_signal
5552.000,2026-06-24T07:32:32Z,2349,72961,6,K4,HH_2349,5,4,u,true,primary_signal
5553.000,2026-06-24T07:32:33Z,2349,72940,2,K1,HH_2349,0,3,G,true,primary_signal
5553.000,2026-06-24T07:32:33Z,2349,81474,5,K4,HH_2349,2,3,G,true,primary_signal
5553.000,2026-06-24T07:32:33Z,2349,72946,3,K1,HH_2349,3,3,G,true,primary_signal
5553.000,2026-06-24T07:32:33Z,2349,72961,6,K4,HH_2349,5,3,G,true,primary_signal
5564.000,2026-06-24T07:32:44Z,2394,68005,7,K4,HH_2394,1,2,y,true,primary_signal
5564.000,2026-06-24T07:32:44Z,2394,68841,9,K5,HH_2394,5,2,y,true,primary_signal
5567.000,2026-06-24T07:32:47Z,2394,68904,8,K4,HH_2394,1,1,r,true,primary_signal
5567.000,2026-06-24T07:32:47Z,2394,68841,9,K5,HH_2394,5,1,r,true,primary_signal
5568.000,2026-06-24T07:32:48Z,2394,71448,6,K2,HH_2394,4,4,u,true,primary_signal
5569.000,2026-06-24T07:32:49Z,2394,71448,6,K2,HH_2394,4,3,G,true,primary_signal
5571.000,2026-06-24T07:32:51Z,2394,67952,5,K1,HH_2394,0,4,u,true,primary_signal
5573.000,2026-06-24T07:32:53Z,2394,67952,5,K1,HH_2394,0,3,G,true,primary_signal
5580.000,2026-06-24T07:33:00Z,2394,71448,6,K2,HH_2394,4,2,y,true,primary_signal
5582.000,2026-06-24T07:33:02Z,2394,71448,6,K2,HH_2394,4,1,r,true,primary_signal
5589.000,2026-06-24T07:33:09Z,2394,71446,1,K7,HH_2394,2,4,u,true,primary_signal
5589.000,2026-06-24T07:33:09Z,2394,69184,3,K7,HH_2394,3,4,u,true,primary_signal
5590.000,2026-06-24T07:33:10Z,2394,71446,1,K7,HH_2394,2,3,G,true,primary_signal
5590.000,2026-06-24T07:33:10Z,2394,69184,3,K7,HH_2394,3,3,G,true,primary_signal
5606.000,2026-06-24T07:33:26Z,2349,81474,5,K4,HH_2349,2,2,y,true,primary_signal
5606.000,2026-06-24T07:33:26Z,2349,72961,6,K4,HH_2349,5,2,y,true,primary_signal
5607.000,2026-06-24T07:33:27Z,2349,72940,2,K1,HH_2349,0,2,y,true,primary_signal
5607.000,2026-06-24T07:33:27Z,2349,72946,3,K1,HH_2349,3,2,y,true,primary_signal
5609.000,2026-06-24T07:33:29Z,2349,81474,5,K4,HH_2349,2,1,r,true,primary_signal
5609.000,2026-06-24T07:33:29Z,2349,72961,6,K4,HH_2349,5,1,r,true,primary_signal
5610.000,2026-06-24T07:33:30Z,2349,72940,2,K1,HH_2349,0,1,r,true,primary_signal
5610.000,2026-06-24T07:33:30Z,2349,72946,3,K1,HH_2349,3,1,r,true,primary_signal
5617.000,2026-06-24T07:33:37Z,2349,73039,8,K2,HH_2349,1,4,u,true,primary_signal
5617.000,2026-06-24T07:33:37Z,2349,72971,9,K2,HH_2349,4,4,u,true,primary_signal
5618.000,2026-06-24T07:33:38Z,2349,73039,8,K2,HH_2349,1,3,G,true,primary_signal
5618.000,2026-06-24T07:33:38Z,2349,72971,9,K2,HH_2349,4,3,G,true,primary_signal
5626.000,2026-06-24T07:33:46Z,2394,71446,1,K7,HH_2394,2,2,y,true,primary_signal
5626.000,2026-06-24T07:33:46Z,2394,69184,3,K7,HH_2394,3,2,y,true,primary_signal
5627.000,2026-06-24T07:33:47Z,2394,67952,5,K1,HH_2394,0,2,y,true,primary_signal
5629.000,2026-06-24T07:33:49Z,2394,71446,1,K7,HH_2394,2,1,r,true,primary_signal
5629.000,2026-06-24T07:33:49Z,2394,69184,3,K7,HH_2394,3,1,r,true,primary_signal
5630.000,2026-06-24T07:33:50Z,2394,67952,5,K1,HH_2394,0,1,r,true,primary_signal
5633.000,2026-06-24T07:33:53Z,2394,68904,8,K4,HH_2394,1,4,u,true,primary_signal
5633.000,2026-06-24T07:33:53Z,2394,68841,9,K5,HH_2394,5,4,u,true,primary_signal
5634.000,2026-06-24T07:33:54Z,2394,68005,7,K4,HH_2394,1,3,G,true,primary_signal
5634.000,2026-06-24T07:33:54Z,2394,68841,9,K5,HH_2394,5,3,G,true,primary_signal
5637.000,2026-06-24T07:33:57Z,2349,72983,7,K2,HH_2349,1,2,y,true,primary_signal
5637.000,2026-06-24T07:33:57Z,2349,72971,9,K2,HH_2349,4,2,y,true,primary_signal
5640.000,2026-06-24T07:34:00Z,2349,72983,7,K2,HH_2349,1,1,r,true,primary_signal
5640.000,2026-06-24T07:34:00Z,2349,72971,9,K2,HH_2349,4,1,r,true,primary_signal
5642.000,2026-06-24T07:34:02Z,2349,72940,2,K1,HH_2349,0,4,u,true,primary_signal
5642.000,2026-06-24T07:34:02Z,2349,72962,4,K4,HH_2349,2,4,u,true,primary_signal
5642.000,2026-06-24T07:34:02Z,2349,72946,3,K1,HH_2349,3,4,u,true,primary_signal
5642.000,2026-06-24T07:34:02Z,2349,72961,6,K4,HH_2349,5,4,u,true,primary_signal
5643.000,2026-06-24T07:34:03Z,2349,72940,2,K1,HH_2349,0,3,G,true,primary_signal
5643.000,2026-06-24T07:34:03Z,2349,72962,4,K4,HH_2349,2,3,G,true,primary_signal
5643.000,2026-06-24T07:34:03Z,2349,72946,3,K1,HH_2349,3,3,G,true,primary_signal
5643.000,2026-06-24T07:34:03Z,2349,72961,6,K4,HH_2349,5,3,G,true,primary_signal
5653.000,2026-06-24T07:34:13Z,2394,68005,7,K4,HH_2394,1,2,y,true,primary_signal
5653.000,2026-06-24T07:34:13Z,2394,68841,9,K5,HH_2394,5,2,y,true,primary_signal
5656.000,2026-06-24T07:34:16Z,2394,68904,8,K4,HH_2394,1,1,r,true,primary_signal
5656.000,2026-06-24T07:34:16Z,2394,68841,9,K5,HH_2394,5,1,r,true,primary_signal
5659.000,2026-06-24T07:34:19Z,2394,71448,6,K2,HH_2394,4,4,u,true,primary_signal
5660.000,2026-06-24T07:34:20Z,2394,71448,6,K2,HH_2394,4,3,G,true,primary_signal
5661.000,2026-06-24T07:34:21Z,2394,67952,5,K1,HH_2394,0,4,u,true,primary_signal
5663.000,2026-06-24T07:34:23Z,2394,67952,5,K1,HH_2394,0,3,G,true,primary_signal
5670.000,2026-06-24T07:34:30Z,2394,71448,6,K2,HH_2394,4,2,y,true,primary_signal
5673.000,2026-06-24T07:34:33Z,2394,71448,6,K2,HH_2394,4,1,r,true,primary_signal
5679.000,2026-06-24T07:34:39Z,2394,71446,1,K7,HH_2394,2,4,u,true,primary_signal
5679.000,2026-06-24T07:34:39Z,2394,69184,3,K7,HH_2394,3,4,u,true,primary_signal
5680.000,2026-06-24T07:34:40Z,2394,71446,1,K7,HH_2394,2,3,G,true,primary_signal
5680.000,2026-06-24T07:34:40Z,2394,69184,3,K7,HH_2394,3,3,G,true,primary_signal
5696.000,2026-06-24T07:34:56Z,2349,72962,4,K4,HH_2349,2,2,y,true,primary_signal
5696.000,2026-06-24T07:34:56Z,2349,72961,6,K4,HH_2349,5,2,y,true,primary_signal
5697.000,2026-06-24T07:34:57Z,2349,72940,2,K1,HH_2349,0,2,y,true,primary_signal
5697.000,2026-06-24T07:34:57Z,2349,72946,3,K1,HH_2349,3,2,y,true,primary_signal
5699.000,2026-06-24T07:34:59Z,2349,72962,4,K4,HH_2349,2,1,r,true,primary_signal
5699.000,2026-06-24T07:34:59Z,2349,72961,6,K4,HH_2349,5,1,r,true,primary_signal
5700.000,2026-06-24T07:35:00Z,2349,72940,2,K1,HH_2349,0,1,r,true,primary_signal
5700.000,2026-06-24T07:35:00Z,2349,72946,3,K1,HH_2349,3,1,r,true,primary_signal
5707.000,2026-06-24T07:35:07Z,2349,73039,8,K2,HH_2349,1,4,u,true,primary_signal
5707.000,2026-06-24T07:35:07Z,2349,72971,9,K2,HH_2349,4,4,u,true,primary_signal
5708.000,2026-06-24T07:35:08Z,2349,73039,8,K2,HH_2349,1,3,G,true,primary_signal
5708.000,2026-06-24T07:35:08Z,2349,72971,9,K2,HH_2349,4,3,G,true,primary_signal
5711.000,2026-06-24T07:35:11Z,2394,71446,1,K7,HH_2394,2,2,y,true,primary_signal
5711.000,2026-06-24T07:35:11Z,2394,69184,3,K7,HH_2394,3,2,y,true,primary_signal
5712.000,2026-06-24T07:35:12Z,2394,67952,5,K1,HH_2394,0,2,y,true,primary_signal
5714.000,2026-06-24T07:35:14Z,2394,71446,1,K7,HH_2394,2,1,r,true,primary_signal
5714.000,2026-06-24T07:35:14Z,2394,68006,2,K7,HH_2394,3,1,r,true,primary_signal
5715.000,2026-06-24T07:35:15Z,2394,67952,5,K1,HH_2394,0,1,r,true,primary_signal
5717.000,2026-06-24T07:35:17Z,2394,68904,8,K4,HH_2394,1,4,u,true,primary_signal
5717.000,2026-06-24T07:35:17Z,2394,68841,9,K5,HH_2394,5,4,u,true,primary_signal
5719.000,2026-06-24T07:35:19Z,2394,68904,8,K4,HH_2394,1,3,G,true,primary_signal
5719.000,2026-06-24T07:35:19Z,2394,68841,9,K5,HH_2394,5,3,G,true,primary_signal
5727.000,2026-06-24T07:35:27Z,2349,73039,8,K2,HH_2349,1,2,y,true,primary_signal
5727.000,2026-06-24T07:35:27Z,2349,72971,9,K2,HH_2349,4,2,y,true,primary_signal
5730.000,2026-06-24T07:35:30Z,2349,73039,8,K2,HH_2349,1,1,r,true,primary_signal
5730.000,2026-06-24T07:35:30Z,2349,72971,9,K2,HH_2349,4,1,r,true,primary_signal
5732.000,2026-06-24T07:35:32Z,2349,72940,2,K1,HH_2349,0,4,u,true,primary_signal
5732.000,2026-06-24T07:35:32Z,2349,72962,4,K4,HH_2349,2,4,u,true,primary_signal
5732.000,2026-06-24T07:35:32Z,2349,72946,3,K1,HH_2349,3,4,u,true,primary_signal
5732.000,2026-06-24T07:35:32Z,2349,72961,6,K4,HH_2349,5,4,u,true,primary_signal
5733.000,2026-06-24T07:35:33Z,2349,72940,2,K1,HH_2349,0,3,G,true,primary_signal
5733.000,2026-06-24T07:35:33Z,2349,72962,4,K4,HH_2349,2,3,G,true,primary_signal
5733.000,2026-06-24T07:35:33Z,2349,72946,3,K1,HH_2349,3,3,G,true,primary_signal
5733.000,2026-06-24T07:35:33Z,2349,72961,6,K4,HH_2349,5,3,G,true,primary_signal
5739.000,2026-06-24T07:35:39Z,2394,68904,8,K4,HH_2394,1,2,y,true,primary_signal
5739.000,2026-06-24T07:35:39Z,2394,68841,9,K5,HH_2394,5,2,y,true,primary_signal
5742.000,2026-06-24T07:35:42Z,2394,68904,8,K4,HH_2394,1,1,r,true,primary_signal
5742.000,2026-06-24T07:35:42Z,2394,68841,9,K5,HH_2394,5,1,r,true,primary_signal
5745.000,2026-06-24T07:35:45Z,2394,71446,1,K7,HH_2394,2,4,u,true,primary_signal
5745.000,2026-06-24T07:35:45Z,2394,69184,3,K7,HH_2394,3,4,u,true,primary_signal
5746.000,2026-06-24T07:35:46Z,2394,71446,1,K7,HH_2394,2,3,G,true,primary_signal
5746.000,2026-06-24T07:35:46Z,2394,69184,3,K7,HH_2394,3,3,G,true,primary_signal
5747.000,2026-06-24T07:35:47Z,2394,67952,5,K1,HH_2394,0,4,u,true,primary_signal
5748.000,2026-06-24T07:35:48Z,2394,67952,5,K1,HH_2394,0,3,G,true,primary_signal
5783.000,2026-06-24T07:36:23Z,2394,71446,1,K7,HH_2394,2,2,y,true,primary_signal
5783.000,2026-06-24T07:36:23Z,2394,68006,2,K7,HH_2394,3,2,y,true,primary_signal
5786.000,2026-06-24T07:36:26Z,2349,81474,5,K4,HH_2349,2,2,y,true,primary_signal
5786.000,2026-06-24T07:36:26Z,2349,72961,6,K4,HH_2349,5,2,y,true,primary_signal
5786.000,2026-06-24T07:36:26Z,2394,71446,1,K7,HH_2394,2,1,r,true,primary_signal
5786.000,2026-06-24T07:36:26Z,2394,68006,2,K7,HH_2394,3,1,r,true,primary_signal
5787.000,2026-06-24T07:36:27Z,2349,72940,2,K1,HH_2349,0,2,y,true,primary_signal
5787.000,2026-06-24T07:36:27Z,2349,72946,3,K1,HH_2349,3,2,y,true,primary_signal
5789.000,2026-06-24T07:36:29Z,2349,81474,5,K4,HH_2349,2,1,r,true,primary_signal
5789.000,2026-06-24T07:36:29Z,2349,72961,6,K4,HH_2349,5,1,r,true,primary_signal
5789.000,2026-06-24T07:36:29Z,2394,71448,6,K2,HH_2394,4,4,u,true,primary_signal
5790.000,2026-06-24T07:36:30Z,2349,72940,2,K1,HH_2349,0,1,r,true,primary_signal
5790.000,2026-06-24T07:36:30Z,2349,72946,3,K1,HH_2349,3,1,r,true,primary_signal
5790.000,2026-06-24T07:36:30Z,2394,71448,6,K2,HH_2394,4,3,G,true,primary_signal
5797.000,2026-06-24T07:36:37Z,2349,72983,7,K2,HH_2349,1,4,u,true,primary_signal
5797.000,2026-06-24T07:36:37Z,2349,72971,9,K2,HH_2349,4,4,u,true,primary_signal
5798.000,2026-06-24T07:36:38Z,2349,72983,7,K2,HH_2349,1,3,G,true,primary_signal
5798.000,2026-06-24T07:36:38Z,2349,72971,9,K2,HH_2349,4,3,G,true,primary_signal
5799.000,2026-06-24T07:36:39Z,2394,71448,6,K2,HH_2394,4,2,y,true,primary_signal
5802.000,2026-06-24T07:36:42Z,2394,71448,6,K2,HH_2394,4,1,r,true,primary_signal
5809.000,2026-06-24T07:36:49Z,2394,71446,1,K7,HH_2394,2,4,u,true,primary_signal
5809.000,2026-06-24T07:36:49Z,2394,69184,3,K7,HH_2394,3,4,u,true,primary_signal
5810.000,2026-06-24T07:36:50Z,2394,71446,1,K7,HH_2394,2,3,G,true,primary_signal
5810.000,2026-06-24T07:36:50Z,2394,69184,3,K7,HH_2394,3,3,G,true,primary_signal
5817.000,2026-06-24T07:36:57Z,2349,72983,7,K2,HH_2349,1,2,y,true,primary_signal
5817.000,2026-06-24T07:36:57Z,2349,72971,9,K2,HH_2349,4,2,y,true,primary_signal
5820.000,2026-06-24T07:37:00Z,2349,72983,7,K2,HH_2349,1,1,r,true,primary_signal
5820.000,2026-06-24T07:37:00Z,2349,72971,9,K2,HH_2349,4,1,r,true,primary_signal
5822.000,2026-06-24T07:37:02Z,2349,72940,2,K1,HH_2349,0,4,u,true,primary_signal
5822.000,2026-06-24T07:37:02Z,2349,72962,4,K4,HH_2349,2,4,u,true,primary_signal
5822.000,2026-06-24T07:37:02Z,2349,72946,3,K1,HH_2349,3,4,u,true,primary_signal
5822.000,2026-06-24T07:37:02Z,2349,72961,6,K4,HH_2349,5,4,u,true,primary_signal
5823.000,2026-06-24T07:37:03Z,2349,72940,2,K1,HH_2349,0,3,G,true,primary_signal
5823.000,2026-06-24T07:37:03Z,2349,72962,4,K4,HH_2349,2,3,G,true,primary_signal
5823.000,2026-06-24T07:37:03Z,2349,72946,3,K1,HH_2349,3,3,G,true,primary_signal
5823.000,2026-06-24T07:37:03Z,2349,72961,6,K4,HH_2349,5,3,G,true,primary_signal
5876.000,2026-06-24T07:37:56Z,2349,72962,4,K4,HH_2349,2,2,y,true,primary_signal
5876.000,2026-06-24T07:37:56Z,2349,72961,6,K4,HH_2349,5,2,y,true,primary_signal
5877.000,2026-06-24T07:37:57Z,2349,72940,2,K1,HH_2349,0,2,y,true,primary_signal
5877.000,2026-06-24T07:37:57Z,2349,72946,3,K1,HH_2349,3,2,y,true,primary_signal
5879.000,2026-06-24T07:37:59Z,2349,72962,4,K4,HH_2349,2,1,r,true,primary_signal
5879.000,2026-06-24T07:37:59Z,2349,72961,6,K4,HH_2349,5,1,r,true,primary_signal
5880.000,2026-06-24T07:38:00Z,2349,72940,2,K1,HH_2349,0,1,r,true,primary_signal
5880.000,2026-06-24T07:38:00Z,2349,72946,3,K1,HH_2349,3,1,r,true,primary_signal
5887.000,2026-06-24T07:38:07Z,2349,72983,7,K2,HH_2349,1,4,u,true,primary_signal
5887.000,2026-06-24T07:38:07Z,2349,72971,9,K2,HH_2349,4,4,u,true,primary_signal
5888.000,2026-06-24T07:38:08Z,2349,73039,8,K2,HH_2349,1,3,G,true,primary_signal
5888.000,2026-06-24T07:38:08Z,2349,72971,9,K2,HH_2349,4,3,G,true,primary_signal
5896.000,2026-06-24T07:38:16Z,2394,71446,1,K7,HH_2394,2,2,y,true,primary_signal
5896.000,2026-06-24T07:38:16Z,2394,69184,3,K7,HH_2394,3,2,y,true,primary_signal
5897.000,2026-06-24T07:38:17Z,2394,67952,5,K1,HH_2394,0,2,y,true,primary_signal
5899.000,2026-06-24T07:38:19Z,2394,71446,1,K7,HH_2394,2,1,r,true,primary_signal
5899.000,2026-06-24T07:38:19Z,2394,69184,3,K7,HH_2394,3,1,r,true,primary_signal
5900.000,2026-06-24T07:38:20Z,2394,67952,5,K1,HH_2394,0,1,r,true,primary_signal
5903.000,2026-06-24T07:38:23Z,2394,68904,8,K4,HH_2394,1,4,u,true,primary_signal
5903.000,2026-06-24T07:38:23Z,2394,68841,9,K5,HH_2394,5,4,u,true,primary_signal
5904.000,2026-06-24T07:38:24Z,2394,68005,7,K4,HH_2394,1,3,G,true,primary_signal
5904.000,2026-06-24T07:38:24Z,2394,68841,9,K5,HH_2394,5,3,G,true,primary_signal
5907.000,2026-06-24T07:38:27Z,2349,72983,7,K2,HH_2349,1,2,y,true,primary_signal
5907.000,2026-06-24T07:38:27Z,2349,72971,9,K2,HH_2349,4,2,y,true,primary_signal
5910.000,2026-06-24T07:38:30Z,2349,72983,7,K2,HH_2349,1,1,r,true,primary_signal
5910.000,2026-06-24T07:38:30Z,2349,72971,9,K2,HH_2349,4,1,r,true,primary_signal
5912.000,2026-06-24T07:38:32Z,2349,72940,2,K1,HH_2349,0,4,u,true,primary_signal
5912.000,2026-06-24T07:38:32Z,2349,72962,4,K4,HH_2349,2,4,u,true,primary_signal
5912.000,2026-06-24T07:38:32Z,2349,72946,3,K1,HH_2349,3,4,u,true,primary_signal
5912.000,2026-06-24T07:38:32Z,2349,72961,6,K4,HH_2349,5,4,u,true,primary_signal
5913.000,2026-06-24T07:38:33Z,2349,72940,2,K1,HH_2349,0,3,G,true,primary_signal
5913.000,2026-06-24T07:38:33Z,2349,72962,4,K4,HH_2349,2,3,G,true,primary_signal
5913.000,2026-06-24T07:38:33Z,2349,72946,3,K1,HH_2349,3,3,G,true,primary_signal
5913.000,2026-06-24T07:38:33Z,2349,72961,6,K4,HH_2349,5,3,G,true,primary_signal
5924.000,2026-06-24T07:38:44Z,2394,68005,7,K4,HH_2394,1,2,y,true,primary_signal
5924.000,2026-06-24T07:38:44Z,2394,68841,9,K5,HH_2394,5,2,y,true,primary_signal
5927.000,2026-06-24T07:38:47Z,2394,68904,8,K4,HH_2394,1,1,r,true,primary_signal
5927.000,2026-06-24T07:38:47Z,2394,68841,9,K5,HH_2394,5,1,r,true,primary_signal
5929.000,2026-06-24T07:38:49Z,2394,71448,6,K2,HH_2394,4,4,u,true,primary_signal
5930.000,2026-06-24T07:38:50Z,2394,71448,6,K2,HH_2394,4,3,G,true,primary_signal
5932.000,2026-06-24T07:38:52Z,2394,67952,5,K1,HH_2394,0,4,u,true,primary_signal
5933.000,2026-06-24T07:38:53Z,2394,67952,5,K1,HH_2394,0,3,G,true,primary_signal
5940.000,2026-06-24T07:39:00Z,2394,71448,6,K2,HH_2394,4,2,y,true,primary_signal
5943.000,2026-06-24T07:39:03Z,2394,71448,6,K2,HH_2394,4,1,r,true,primary_signal
5948.000,2026-06-24T07:39:08Z,2394,71446,1,K7,HH_2394,2,4,u,true,primary_signal
5948.000,2026-06-24T07:39:08Z,2394,69184,3,K7,HH_2394,3,4,u,true,primary_signal
5949.000,2026-06-24T07:39:09Z,2394,71446,1,K7,HH_2394,2,3,G,true,primary_signal
5949.000,2026-06-24T07:39:09Z,2394,69184,3,K7,HH_2394,3,3,G,true,primary_signal
5966.000,2026-06-24T07:39:26Z,2349,72962,4,K4,HH_2349,2,2,y,true,primary_signal
5966.000,2026-06-24T07:39:26Z,2349,72961,6,K4,HH_2349,5,2,y,true,primary_signal
5967.000,2026-06-24T07:39:27Z,2349,72940,2,K1,HH_2349,0,2,y,true,primary_signal
5967.000,2026-06-24T07:39:27Z,2349,72946,3,K1,HH_2349,3,2,y,true,primary_signal
5969.000,2026-06-24T07:39:29Z,2349,81474,5,K4,HH_2349,2,1,r,true,primary_signal
5969.000,2026-06-24T07:39:29Z,2349,72961,6,K4,HH_2349,5,1,r,true,primary_signal
5970.000,2026-06-24T07:39:30Z,2349,72940,2,K1,HH_2349,0,1,r,true,primary_signal
5970.000,2026-06-24T07:39:30Z,2349,72946,3,K1,HH_2349,3,1,r,true,primary_signal
5977.000,2026-06-24T07:39:37Z,2349,73039,8,K2,HH_2349,1,4,u,true,primary_signal
5977.000,2026-06-24T07:39:37Z,2349,72971,9,K2,HH_2349,4,4,u,true,primary_signal
5978.000,2026-06-24T07:39:38Z,2349,72983,7,K2,HH_2349,1,3,G,true,primary_signal
5978.000,2026-06-24T07:39:38Z,2349,72971,9,K2,HH_2349,4,3,G,true,primary_signal
5981.000,2026-06-24T07:39:41Z,2394,71446,1,K7,HH_2394,2,2,y,true,primary_signal
5981.000,2026-06-24T07:39:41Z,2394,68006,2,K7,HH_2394,3,2,y,true,primary_signal
5982.000,2026-06-24T07:39:42Z,2394,67952,5,K1,HH_2394,0,2,y,true,primary_signal
5984.000,2026-06-24T07:39:44Z,2394,71446,1,K7,HH_2394,2,1,r,true,primary_signal
5984.000,2026-06-24T07:39:44Z,2394,69184,3,K7,HH_2394,3,1,r,true,primary_signal
5985.000,2026-06-24T07:39:45Z,2394,67952,5,K1,HH_2394,0,1,r,true,primary_signal
5988.000,2026-06-24T07:39:48Z,2394,68005,7,K4,HH_2394,1,4,u,true,primary_signal
5988.000,2026-06-24T07:39:48Z,2394,68841,9,K5,HH_2394,5,4,u,true,primary_signal
5989.000,2026-06-24T07:39:49Z,2394,68904,8,K4,HH_2394,1,3,G,true,primary_signal
5989.000,2026-06-24T07:39:49Z,2394,68841,9,K5,HH_2394,5,3,G,true,primary_signal
5997.000,2026-06-24T07:39:57Z,2349,72983,7,K2,HH_2349,1,2,y,true,primary_signal
5997.000,2026-06-24T07:39:57Z,2349,72971,9,K2,HH_2349,4,2,y,true,primary_signal
6000.000,2026-06-24T07:40:00Z,2349,72983,7,K2,HH_2349,1,1,r,true,primary_signal
6000.000,2026-06-24T07:40:00Z,2349,72971,9,K2,HH_2349,4,1,r,true,primary_signal
6002.000,2026-06-24T07:40:02Z,2349,72940,2,K1,HH_2349,0,4,u,true,primary_signal
6002.000,2026-06-24T07:40:02Z,2349,72962,4,K4,HH_2349,2,4,u,true,primary_signal
6002.000,2026-06-24T07:40:02Z,2349,72946,3,K1,HH_2349,3,4,u,true,primary_signal
6002.000,2026-06-24T07:40:02Z,2349,72961,6,K4,HH_2349,5,4,u,true,primary_signal
6003.000,2026-06-24T07:40:03Z,2349,72940,2,K1,HH_2349,0,3,G,true,primary_signal
6003.000,2026-06-24T07:40:03Z,2349,72962,4,K4,HH_2349,2,3,G,true,primary_signal
6003.000,2026-06-24T07:40:03Z,2349,72946,3,K1,HH_2349,3,3,G,true,primary_signal
6003.000,2026-06-24T07:40:03Z,2349,72961,6,K4,HH_2349,5,3,G,true,primary_signal
6009.000,2026-06-24T07:40:09Z,2394,68904,8,K4,HH_2394,1,2,y,true,primary_signal
6009.000,2026-06-24T07:40:09Z,2394,68841,9,K5,HH_2394,5,2,y,true,primary_signal
6012.000,2026-06-24T07:40:12Z,2394,68005,7,K4,HH_2394,1,1,r,true,primary_signal
6012.000,2026-06-24T07:40:12Z,2394,68841,9,K5,HH_2394,5,1,r,true,primary_signal
6014.000,2026-06-24T07:40:14Z,2394,71448,6,K2,HH_2394,4,4,u,true,primary_signal
6015.000,2026-06-24T07:40:15Z,2394,71448,6,K2,HH_2394,4,3,G,true,primary_signal
6017.000,2026-06-24T07:40:17Z,2394,67952,5,K1,HH_2394,0,4,u,true,primary_signal
6018.000,2026-06-24T07:40:18Z,2394,67952,5,K1,HH_2394,0,3,G,true,primary_signal
6034.000,2026-06-24T07:40:34Z,2394,71448,6,K2,HH_2394,4,2,y,true,primary_signal
6037.000,2026-06-24T07:40:37Z,2394,71448,6,K2,HH_2394,4,1,r,true,primary_signal
6043.000,2026-06-24T07:40:43Z,2394,71446,1,K7,HH_2394,2,4,u,true,primary_signal
6043.000,2026-06-24T07:40:43Z,2394,69184,3,K7,HH_2394,3,4,u,true,primary_signal
6044.000,2026-06-24T07:40:44Z,2394,71446,1,K7,HH_2394,2,3,G,true,primary_signal
6044.000,2026-06-24T07:40:44Z,2394,69184,3,K7,HH_2394,3,3,G,true,primary_signal
6069.000,2026-06-24T07:41:09Z,2349,81474,5,K4,HH_2349,2,2,y,true,primary_signal
6069.000,2026-06-24T07:41:09Z,2349,72961,6,K4,HH_2349,5,2,y,true,primary_signal
6070.000,2026-06-24T07:41:10Z,2349,72940,2,K1,HH_2349,0,2,y,true,primary_signal
6070.000,2026-06-24T07:41:10Z,2349,72946,3,K1,HH_2349,3,2,y,true,primary_signal
6072.000,2026-06-24T07:41:12Z,2349,72962,4,K4,HH_2349,2,1,r,true,primary_signal
6072.000,2026-06-24T07:41:12Z,2349,72961,6,K4,HH_2349,5,1,r,true,primary_signal
6073.000,2026-06-24T07:41:13Z,2349,72940,2,K1,HH_2349,0,1,r,true,primary_signal
6073.000,2026-06-24T07:41:13Z,2349,72946,3,K1,HH_2349,3,1,r,true,primary_signal
6076.000,2026-06-24T07:41:16Z,2394,71446,1,K7,HH_2394,2,2,y,true,primary_signal
6076.000,2026-06-24T07:41:16Z,2394,68006,2,K7,HH_2394,3,2,y,true,primary_signal
6077.000,2026-06-24T07:41:17Z,2394,67952,5,K1,HH_2394,0,2,y,true,primary_signal
6079.000,2026-06-24T07:41:19Z,2394,71446,1,K7,HH_2394,2,1,r,true,primary_signal
6079.000,2026-06-24T07:41:19Z,2394,69184,3,K7,HH_2394,3,1,r,true,primary_signal
6080.000,2026-06-24T07:41:20Z,2349,72983,7,K2,HH_2349,1,4,u,true,primary_signal
6080.000,2026-06-24T07:41:20Z,2349,72971,9,K2,HH_2349,4,4,u,true,primary_signal
6080.000,2026-06-24T07:41:20Z,2394,67952,5,K1,HH_2394,0,1,r,true,primary_signal
6081.000,2026-06-24T07:41:21Z,2349,72983,7,K2,HH_2349,1,3,G,true,primary_signal
6081.000,2026-06-24T07:41:21Z,2349,72971,9,K2,HH_2349,4,3,G,true,primary_signal
6083.000,2026-06-24T07:41:23Z,2394,68005,7,K4,HH_2394,1,4,u,true,primary_signal
6083.000,2026-06-24T07:41:23Z,2394,68841,9,K5,HH_2394,5,4,u,true,primary_signal
6084.000,2026-06-24T07:41:24Z,2394,68005,7,K4,HH_2394,1,3,G,true,primary_signal
6084.000,2026-06-24T07:41:24Z,2394,68841,9,K5,HH_2394,5,3,G,true,primary_signal
6100.000,2026-06-24T07:41:40Z,2349,73039,8,K2,HH_2349,1,2,y,true,primary_signal
6100.000,2026-06-24T07:41:40Z,2349,72971,9,K2,HH_2349,4,2,y,true,primary_signal
6103.000,2026-06-24T07:41:43Z,2349,72983,7,K2,HH_2349,1,1,r,true,primary_signal
6103.000,2026-06-24T07:41:43Z,2349,72971,9,K2,HH_2349,4,1,r,true,primary_signal
6104.000,2026-06-24T07:41:44Z,2394,68005,7,K4,HH_2394,1,2,y,true,primary_signal
6104.000,2026-06-24T07:41:44Z,2394,68841,9,K5,HH_2394,5,2,y,true,primary_signal
6105.000,2026-06-24T07:41:45Z,2349,72940,2,K1,HH_2349,0,4,u,true,primary_signal
6105.000,2026-06-24T07:41:45Z,2349,81474,5,K4,HH_2349,2,4,u,true,primary_signal
6105.000,2026-06-24T07:41:45Z,2349,72946,3,K1,HH_2349,3,4,u,true,primary_signal
6105.000,2026-06-24T07:41:45Z,2349,72961,6,K4,HH_2349,5,4,u,true,primary_signal
6106.000,2026-06-24T07:41:46Z,2349,72940,2,K1,HH_2349,0,3,G,true,primary_signal
6106.000,2026-06-24T07:41:46Z,2349,72962,4,K4,HH_2349,2,3,G,true,primary_signal
6106.000,2026-06-24T07:41:46Z,2349,72946,3,K1,HH_2349,3,3,G,true,primary_signal
6106.000,2026-06-24T07:41:46Z,2349,72961,6,K4,HH_2349,5,3,G,true,primary_signal
6106.000,2026-06-24T07:41:46Z,2394,68904,8,K4,HH_2394,1,1,r,true,primary_signal
6106.000,2026-06-24T07:41:46Z,2394,68841,9,K5,HH_2394,5,1,r,true,primary_signal
6110.000,2026-06-24T07:41:50Z,2394,71446,1,K7,HH_2394,2,4,u,true,primary_signal
6110.000,2026-06-24T07:41:50Z,2394,69184,3,K7,HH_2394,3,4,u,true,primary_signal
6111.000,2026-06-24T07:41:51Z,2394,71446,1,K7,HH_2394,2,3,G,true,primary_signal
6111.000,2026-06-24T07:41:51Z,2394,68006,2,K7,HH_2394,3,3,G,true,primary_signal
6112.000,2026-06-24T07:41:52Z,2394,67952,5,K1,HH_2394,0,4,u,true,primary_signal
6113.000,2026-06-24T07:41:53Z,2394,67952,5,K1,HH_2394,0,3,G,true,primary_signal
6161.000,2026-06-24T07:42:41Z,2394,71446,1,K7,HH_2394,2,2,y,true,primary_signal
6161.000,2026-06-24T07:42:41Z,2394,69184,3,K7,HH_2394,3,2,y,true,primary_signal
6162.000,2026-06-24T07:42:42Z,2394,67952,5,K1,HH_2394,0,2,y,true,primary_signal
6164.000,2026-06-24T07:42:44Z,2394,71446,1,K7,HH_2394,2,1,r,true,primary_signal
6164.000,2026-06-24T07:42:44Z,2394,68006,2,K7,HH_2394,3,1,r,true,primary_signal
6165.000,2026-06-24T07:42:45Z,2394,67952,5,K1,HH_2394,0,1,r,true,primary_signal
6167.000,2026-06-24T07:42:47Z,2394,68005,7,K4,HH_2394,1,4,u,true,primary_signal
6167.000,2026-06-24T07:42:47Z,2394,68841,9,K5,HH_2394,5,4,u,true,primary_signal
6168.000,2026-06-24T07:42:48Z,2394,68904,8,K4,HH_2394,1,3,G,true,primary_signal
6168.000,2026-06-24T07:42:48Z,2394,68841,9,K5,HH_2394,5,3,G,true,primary_signal
6175.000,2026-06-24T07:42:55Z,2349,72940,2,K1,HH_2349,0,2,y,true,primary_signal
6175.000,2026-06-24T07:42:55Z,2349,72962,4,K4,HH_2349,2,2,y,true,primary_signal
6175.000,2026-06-24T07:42:55Z,2349,72946,3,K1,HH_2349,3,2,y,true,primary_signal
6175.000,2026-06-24T07:42:55Z,2349,72961,6,K4,HH_2349,5,2,y,true,primary_signal
6178.000,2026-06-24T07:42:58Z,2349,72940,2,K1,HH_2349,0,1,r,true,primary_signal
6178.000,2026-06-24T07:42:58Z,2349,72962,4,K4,HH_2349,2,1,r,true,primary_signal
6178.000,2026-06-24T07:42:58Z,2349,72946,3,K1,HH_2349,3,1,r,true,primary_signal
6178.000,2026-06-24T07:42:58Z,2349,72961,6,K4,HH_2349,5,1,r,true,primary_signal
6185.000,2026-06-24T07:43:05Z,2349,72983,7,K2,HH_2349,1,4,u,true,primary_signal
6185.000,2026-06-24T07:43:05Z,2349,72971,9,K2,HH_2349,4,4,u,true,primary_signal
6186.000,2026-06-24T07:43:06Z,2349,72983,7,K2,HH_2349,1,3,G,true,primary_signal
6186.000,2026-06-24T07:43:06Z,2349,72971,9,K2,HH_2349,4,3,G,true,primary_signal
6189.000,2026-06-24T07:43:09Z,2394,68005,7,K4,HH_2394,1,2,y,true,primary_signal
6189.000,2026-06-24T07:43:09Z,2394,68841,9,K5,HH_2394,5,2,y,true,primary_signal
6192.000,2026-06-24T07:43:12Z,2394,68904,8,K4,HH_2394,1,1,r,true,primary_signal
6192.000,2026-06-24T07:43:12Z,2394,68841,9,K5,HH_2394,5,1,r,true,primary_signal
6194.000,2026-06-24T07:43:14Z,2394,71448,6,K2,HH_2394,4,4,u,true,primary_signal
6195.000,2026-06-24T07:43:15Z,2394,71448,6,K2,HH_2394,4,3,G,true,primary_signal
6197.000,2026-06-24T07:43:17Z,2394,67952,5,K1,HH_2394,0,4,u,true,primary_signal
6198.000,2026-06-24T07:43:18Z,2394,67952,5,K1,HH_2394,0,3,G,true,primary_signal
6205.000,2026-06-24T07:43:25Z,2349,73039,8,K2,HH_2349,1,2,y,true,primary_signal
6205.000,2026-06-24T07:43:25Z,2349,72971,9,K2,HH_2349,4,2,y,true,primary_signal
6208.000,2026-06-24T07:43:28Z,2349,72983,7,K2,HH_2349,1,1,r,true,primary_signal
6208.000,2026-06-24T07:43:28Z,2349,72971,9,K2,HH_2349,4,1,r,true,primary_signal
6209.000,2026-06-24T07:43:29Z,2394,71448,6,K2,HH_2394,4,2,y,true,primary_signal
6210.000,2026-06-24T07:43:30Z,2349,72940,2,K1,HH_2349,0,4,u,true,primary_signal
6210.000,2026-06-24T07:43:30Z,2349,72962,4,K4,HH_2349,2,4,u,true,primary_signal
6210.000,2026-06-24T07:43:30Z,2349,72946,3,K1,HH_2349,3,4,u,true,primary_signal
6210.000,2026-06-24T07:43:30Z,2349,72961,6,K4,HH_2349,5,4,u,true,primary_signal
6211.000,2026-06-24T07:43:31Z,2349,72940,2,K1,HH_2349,0,3,G,true,primary_signal
6211.000,2026-06-24T07:43:31Z,2349,72962,4,K4,HH_2349,2,3,G,true,primary_signal
6211.000,2026-06-24T07:43:31Z,2349,72946,3,K1,HH_2349,3,3,G,true,primary_signal
6211.000,2026-06-24T07:43:31Z,2349,72961,6,K4,HH_2349,5,3,G,true,primary_signal
6212.000,2026-06-24T07:43:32Z,2394,71448,6,K2,HH_2394,4,1,r,true,primary_signal
6218.000,2026-06-24T07:43:38Z,2394,71446,1,K7,HH_2394,2,4,u,true,primary_signal
6218.000,2026-06-24T07:43:38Z,2394,69184,3,K7,HH_2394,3,4,u,true,primary_signal
6219.000,2026-06-24T07:43:39Z,2394,71446,1,K7,HH_2394,2,3,G,true,primary_signal
6219.000,2026-06-24T07:43:39Z,2394,69184,3,K7,HH_2394,3,3,G,true,primary_signal
6241.000,2026-06-24T07:44:01Z,2349,72940,2,K1,HH_2349,0,2,y,true,primary_signal
6241.000,2026-06-24T07:44:01Z,2349,81474,5,K4,HH_2349,2,2,y,true,primary_signal
6241.000,2026-06-24T07:44:01Z,2349,72946,3,K1,HH_2349,3,2,y,true,primary_signal
6241.000,2026-06-24T07:44:01Z,2349,72961,6,K4,HH_2349,5,2,y,true,primary_signal
6244.000,2026-06-24T07:44:04Z,2349,72940,2,K1,HH_2349,0,1,r,true,primary_signal
6244.000,2026-06-24T07:44:04Z,2349,81474,5,K4,HH_2349,2,1,r,true,primary_signal
6244.000,2026-06-24T07:44:04Z,2349,72946,3,K1,HH_2349,3,1,r,true,primary_signal
6244.000,2026-06-24T07:44:04Z,2349,72961,6,K4,HH_2349,5,1,r,true,primary_signal
6251.000,2026-06-24T07:44:11Z,2349,72983,7,K2,HH_2349,1,4,u,true,primary_signal
6251.000,2026-06-24T07:44:11Z,2349,72971,9,K2,HH_2349,4,4,u,true,primary_signal
6252.000,2026-06-24T07:44:12Z,2349,72983,7,K2,HH_2349,1,3,G,true,primary_signal
6252.000,2026-06-24T07:44:12Z,2349,72971,9,K2,HH_2349,4,3,G,true,primary_signal
6254.000,2026-06-24T07:44:14Z,2394,67952,5,K1,HH_2394,0,2,y,true,primary_signal
6254.000,2026-06-24T07:44:14Z,2394,71446,1,K7,HH_2394,2,2,y,true,primary_signal
6254.000,2026-06-24T07:44:14Z,2394,69184,3,K7,HH_2394,3,2,y,true,primary_signal
6257.000,2026-06-24T07:44:17Z,2394,71446,1,K7,HH_2394,2,1,r,true,primary_signal
6257.000,2026-06-24T07:44:17Z,2394,69184,3,K7,HH_2394,3,1,r,true,primary_signal
6258.000,2026-06-24T07:44:18Z,2394,67952,5,K1,HH_2394,0,1,r,true,primary_signal
6261.000,2026-06-24T07:44:21Z,2394,68904,8,K4,HH_2394,1,4,u,true,primary_signal
6261.000,2026-06-24T07:44:21Z,2394,68841,9,K5,HH_2394,5,4,u,true,primary_signal
6262.000,2026-06-24T07:44:22Z,2394,68005,7,K4,HH_2394,1,3,G,true,primary_signal
6262.000,2026-06-24T07:44:22Z,2394,68841,9,K5,HH_2394,5,3,G,true,primary_signal
6271.000,2026-06-24T07:44:31Z,2349,73039,8,K2,HH_2349,1,2,y,true,primary_signal
6271.000,2026-06-24T07:44:31Z,2349,72971,9,K2,HH_2349,4,2,y,true,primary_signal
6274.000,2026-06-24T07:44:34Z,2349,73039,8,K2,HH_2349,1,1,r,true,primary_signal
6274.000,2026-06-24T07:44:34Z,2349,72971,9,K2,HH_2349,4,1,r,true,primary_signal
6276.000,2026-06-24T07:44:36Z,2349,72940,2,K1,HH_2349,0,4,u,true,primary_signal
6276.000,2026-06-24T07:44:36Z,2349,81474,5,K4,HH_2349,2,4,u,true,primary_signal
6276.000,2026-06-24T07:44:36Z,2349,72946,3,K1,HH_2349,3,4,u,true,primary_signal
6276.000,2026-06-24T07:44:36Z,2349,72961,6,K4,HH_2349,5,4,u,true,primary_signal
6277.000,2026-06-24T07:44:37Z,2349,72940,2,K1,HH_2349,0,3,G,true,primary_signal
6277.000,2026-06-24T07:44:37Z,2349,72962,4,K4,HH_2349,2,3,G,true,primary_signal
6277.000,2026-06-24T07:44:37Z,2349,72946,3,K1,HH_2349,3,3,G,true,primary_signal
6277.000,2026-06-24T07:44:37Z,2349,72961,6,K4,HH_2349,5,3,G,true,primary_signal
6282.000,2026-06-24T07:44:42Z,2394,68904,8,K4,HH_2394,1,2,y,true,primary_signal
6282.000,2026-06-24T07:44:42Z,2394,68841,9,K5,HH_2394,5,2,y,true,primary_signal
6285.000,2026-06-24T07:44:45Z,2394,68904,8,K4,HH_2394,1,1,r,true,primary_signal
6285.000,2026-06-24T07:44:45Z,2394,68841,9,K5,HH_2394,5,1,r,true,primary_signal
6287.000,2026-06-24T07:44:47Z,2394,71448,6,K2,HH_2394,4,4,u,true,primary_signal
6288.000,2026-06-24T07:44:48Z,2394,71448,6,K2,HH_2394,4,3,G,true,primary_signal
6290.000,2026-06-24T07:44:50Z,2394,67952,5,K1,HH_2394,0,4,u,true,primary_signal
6291.000,2026-06-24T07:44:51Z,2394,67952,5,K1,HH_2394,0,3,G,true,primary_signal
6298.000,2026-06-24T07:44:58Z,2394,71448,6,K2,HH_2394,4,2,y,true,primary_signal
6301.000,2026-06-24T07:45:01Z,2394,71448,6,K2,HH_2394,4,1,r,true,primary_signal
6307.000,2026-06-24T07:45:07Z,2394,71446,1,K7,HH_2394,2,4,u,true,primary_signal
6307.000,2026-06-24T07:45:07Z,2394,69184,3,K7,HH_2394,3,4,u,true,primary_signal
6308.000,2026-06-24T07:45:08Z,2394,71446,1,K7,HH_2394,2,3,G,true,primary_signal
6308.000,2026-06-24T07:45:08Z,2394,69184,3,K7,HH_2394,3,3,G,true,primary_signal
6329.000,2026-06-24T07:45:29Z,2349,81474,5,K4,HH_2349,2,2,y,true,primary_signal
6329.000,2026-06-24T07:45:29Z,2349,72961,6,K4,HH_2349,5,2,y,true,primary_signal
6330.000,2026-06-24T07:45:30Z,2349,72940,2,K1,HH_2349,0,2,y,true,primary_signal
6330.000,2026-06-24T07:45:30Z,2349,72946,3,K1,HH_2349,3,2,y,true,primary_signal
6332.000,2026-06-24T07:45:32Z,2349,81474,5,K4,HH_2349,2,1,r,true,primary_signal
6332.000,2026-06-24T07:45:32Z,2349,72961,6,K4,HH_2349,5,1,r,true,primary_signal
6333.000,2026-06-24T07:45:33Z,2349,72940,2,K1,HH_2349,0,1,r,true,primary_signal
6333.000,2026-06-24T07:45:33Z,2349,72946,3,K1,HH_2349,3,1,r,true,primary_signal
6340.000,2026-06-24T07:45:40Z,2349,72983,7,K2,HH_2349,1,4,u,true,primary_signal
6340.000,2026-06-24T07:45:40Z,2349,72971,9,K2,HH_2349,4,4,u,true,primary_signal
6341.000,2026-06-24T07:45:41Z,2349,73039,8,K2,HH_2349,1,3,G,true,primary_signal
6341.000,2026-06-24T07:45:41Z,2349,72971,9,K2,HH_2349,4,3,G,true,primary_signal
6346.000,2026-06-24T07:45:46Z,2394,71446,1,K7,HH_2394,2,2,y,true,primary_signal
6346.000,2026-06-24T07:45:46Z,2394,69184,3,K7,HH_2394,3,2,y,true,primary_signal
6347.000,2026-06-24T07:45:47Z,2394,67952,5,K1,HH_2394,0,2,y,true,primary_signal
6349.000,2026-06-24T07:45:49Z,2394,71446,1,K7,HH_2394,2,1,r,true,primary_signal
6349.000,2026-06-24T07:45:49Z,2394,69184,3,K7,HH_2394,3,1,r,true,primary_signal
6350.000,2026-06-24T07:45:50Z,2394,67952,5,K1,HH_2394,0,1,r,true,primary_signal
6353.000,2026-06-24T07:45:53Z,2394,68005,7,K4,HH_2394,1,4,u,true,primary_signal
6353.000,2026-06-24T07:45:53Z,2394,68841,9,K5,HH_2394,5,4,u,true,primary_signal
6354.000,2026-06-24T07:45:54Z,2394,68904,8,K4,HH_2394,1,3,G,true,primary_signal
6354.000,2026-06-24T07:45:54Z,2394,68841,9,K5,HH_2394,5,3,G,true,primary_signal
6360.000,2026-06-24T07:46:00Z,2349,73039,8,K2,HH_2349,1,2,y,true,primary_signal
6360.000,2026-06-24T07:46:00Z,2349,72971,9,K2,HH_2349,4,2,y,true,primary_signal
6363.000,2026-06-24T07:46:03Z,2349,72983,7,K2,HH_2349,1,1,r,true,primary_signal
6363.000,2026-06-24T07:46:03Z,2349,72971,9,K2,HH_2349,4,1,r,true,primary_signal
6365.000,2026-06-24T07:46:05Z,2349,72940,2,K1,HH_2349,0,4,u,true,primary_signal
6365.000,2026-06-24T07:46:05Z,2349,81474,5,K4,HH_2349,2,4,u,true,primary_signal
6365.000,2026-06-24T07:46:05Z,2349,72946,3,K1,HH_2349,3,4,u,true,primary_signal
6365.000,2026-06-24T07:46:05Z,2349,72961,6,K4,HH_2349,5,4,u,true,primary_signal
6366.000,2026-06-24T07:46:06Z,2349,72940,2,K1,HH_2349,0,3,G,true,primary_signal
6366.000,2026-06-24T07:46:06Z,2349,72962,4,K4,HH_2349,2,3,G,true,primary_signal
6366.000,2026-06-24T07:46:06Z,2349,72946,3,K1,HH_2349,3,3,G,true,primary_signal
6366.000,2026-06-24T07:46:06Z,2349,72961,6,K4,HH_2349,5,3,G,true,primary_signal
6374.000,2026-06-24T07:46:14Z,2394,68904,8,K4,HH_2394,1,2,y,true,primary_signal
6374.000,2026-06-24T07:46:14Z,2394,68841,9,K5,HH_2394,5,2,y,true,primary_signal
6377.000,2026-06-24T07:46:17Z,2394,68904,8,K4,HH_2394,1,1,r,true,primary_signal
6377.000,2026-06-24T07:46:17Z,2394,68841,9,K5,HH_2394,5,1,r,true,primary_signal
6379.000,2026-06-24T07:46:19Z,2394,71448,6,K2,HH_2394,4,4,u,true,primary_signal
6380.000,2026-06-24T07:46:20Z,2394,71448,6,K2,HH_2394,4,3,G,true,primary_signal
6382.000,2026-06-24T07:46:22Z,2394,67952,5,K1,HH_2394,0,4,u,true,primary_signal
6383.000,2026-06-24T07:46:23Z,2394,67952,5,K1,HH_2394,0,3,G,true,primary_signal
6406.000,2026-06-24T07:46:46Z,2394,71448,6,K2,HH_2394,4,2,y,true,primary_signal
6409.000,2026-06-24T07:46:49Z,2394,71448,6,K2,HH_2394,4,1,r,true,primary_signal
6415.000,2026-06-24T07:46:55Z,2394,71446,1,K7,HH_2394,2,4,u,true,primary_signal
6415.000,2026-06-24T07:46:55Z,2394,69184,3,K7,HH_2394,3,4,u,true,primary_signal
6416.000,2026-06-24T07:46:56Z,2394,71446,1,K7,HH_2394,2,3,G,true,primary_signal
6416.000,2026-06-24T07:46:56Z,2394,68006,2,K7,HH_2394,3,3,G,true,primary_signal
6419.000,2026-06-24T07:46:59Z,2349,81474,5,K4,HH_2349,2,2,y,true,primary_signal
6419.000,2026-06-24T07:46:59Z,2349,72961,6,K4,HH_2349,5,2,y,true,primary_signal
6420.000,2026-06-24T07:47:00Z,2349,72940,2,K1,HH_2349,0,2,y,true,primary_signal
6420.000,2026-06-24T07:47:00Z,2349,72946,3,K1,HH_2349,3,2,y,true,primary_signal
6422.000,2026-06-24T07:47:02Z,2349,81474,5,K4,HH_2349,2,1,r,true,primary_signal
6422.000,2026-06-24T07:47:02Z,2349,72961,6,K4,HH_2349,5,1,r,true,primary_signal
6423.000,2026-06-24T07:47:03Z,2349,72940,2,K1,HH_2349,0,1,r,true,primary_signal
6423.000,2026-06-24T07:47:03Z,2349,72946,3,K1,HH_2349,3,1,r,true,primary_signal
6430.000,2026-06-24T07:47:10Z,2349,72983,7,K2,HH_2349,1,4,u,true,primary_signal
6430.000,2026-06-24T07:47:10Z,2349,72971,9,K2,HH_2349,4,4,u,true,primary_signal
6431.000,2026-06-24T07:47:11Z,2349,73039,8,K2,HH_2349,1,3,G,true,primary_signal
6431.000,2026-06-24T07:47:11Z,2349,72971,9,K2,HH_2349,4,3,G,true,primary_signal
6436.000,2026-06-24T07:47:16Z,2394,71446,1,K7,HH_2394,2,2,y,true,primary_signal
6436.000,2026-06-24T07:47:16Z,2394,69184,3,K7,HH_2394,3,2,y,true,primary_signal
6437.000,2026-06-24T07:47:17Z,2394,67952,5,K1,HH_2394,0,2,y,true,primary_signal
6439.000,2026-06-24T07:47:19Z,2394,71446,1,K7,HH_2394,2,1,r,true,primary_signal
6439.000,2026-06-24T07:47:19Z,2394,69184,3,K7,HH_2394,3,1,r,true,primary_signal
6440.000,2026-06-24T07:47:20Z,2394,67952,5,K1,HH_2394,0,1,r,true,primary_signal
6443.000,2026-06-24T07:47:23Z,2394,68904,8,K4,HH_2394,1,4,u,true,primary_signal
6443.000,2026-06-24T07:47:23Z,2394,68841,9,K5,HH_2394,5,4,u,true,primary_signal
6444.000,2026-06-24T07:47:24Z,2394,68904,8,K4,HH_2394,1,3,G,true,primary_signal
6444.000,2026-06-24T07:47:24Z,2394,68841,9,K5,HH_2394,5,3,G,true,primary_signal
6450.000,2026-06-24T07:47:30Z,2349,73039,8,K2,HH_2349,1,2,y,true,primary_signal
6450.000,2026-06-24T07:47:30Z,2349,72971,9,K2,HH_2349,4,2,y,true,primary_signal
6453.000,2026-06-24T07:47:33Z,2349,72983,7,K2,HH_2349,1,1,r,true,primary_signal
6453.000,2026-06-24T07:47:33Z,2349,72971,9,K2,HH_2349,4,1,r,true,primary_signal
6455.000,2026-06-24T07:47:35Z,2349,72940,2,K1,HH_2349,0,4,u,true,primary_signal
6455.000,2026-06-24T07:47:35Z,2349,72962,4,K4,HH_2349,2,4,u,true,primary_signal
6455.000,2026-06-24T07:47:35Z,2349,72946,3,K1,HH_2349,3,4,u,true,primary_signal
6455.000,2026-06-24T07:47:35Z,2349,72961,6,K4,HH_2349,5,4,u,true,primary_signal
6456.000,2026-06-24T07:47:36Z,2349,72940,2,K1,HH_2349,0,3,G,true,primary_signal
6456.000,2026-06-24T07:47:36Z,2349,81474,5,K4,HH_2349,2,3,G,true,primary_signal
6456.000,2026-06-24T07:47:36Z,2349,72946,3,K1,HH_2349,3,3,G,true,primary_signal
6456.000,2026-06-24T07:47:36Z,2349,72961,6,K4,HH_2349,5,3,G,true,primary_signal
6464.000,2026-06-24T07:47:44Z,2394,68904,8,K4,HH_2394,1,2,y,true,primary_signal
6464.000,2026-06-24T07:47:44Z,2394,68841,9,K5,HH_2394,5,2,y,true,primary_signal
6466.000,2026-06-24T07:47:46Z,2394,68005,7,K4,HH_2394,1,1,r,true,primary_signal
6466.000,2026-06-24T07:47:46Z,2394,68841,9,K5,HH_2394,5,1,r,true,primary_signal
6469.000,2026-06-24T07:47:49Z,2394,71446,1,K7,HH_2394,2,4,u,true,primary_signal
6469.000,2026-06-24T07:47:49Z,2394,69184,3,K7,HH_2394,3,4,u,true,primary_signal
6471.000,2026-06-24T07:47:51Z,2394,71446,1,K7,HH_2394,2,3,G,true,primary_signal
6471.000,2026-06-24T07:47:51Z,2394,69184,3,K7,HH_2394,3,3,G,true,primary_signal
6472.000,2026-06-24T07:47:52Z,2394,67952,5,K1,HH_2394,0,4,u,true,primary_signal
6473.000,2026-06-24T07:47:53Z,2394,67952,5,K1,HH_2394,0,3,G,true,primary_signal
6508.000,2026-06-24T07:48:28Z,2349,72962,4,K4,HH_2349,2,2,y,true,primary_signal
6508.000,2026-06-24T07:48:28Z,2349,72961,6,K4,HH_2349,5,2,y,true,primary_signal
6509.000,2026-06-24T07:48:29Z,2349,72940,2,K1,HH_2349,0,2,y,true,primary_signal
6509.000,2026-06-24T07:48:29Z,2349,72946,3,K1,HH_2349,3,2,y,true,primary_signal
6511.000,2026-06-24T07:48:31Z,2349,72962,4,K4,HH_2349,2,1,r,true,primary_signal
6511.000,2026-06-24T07:48:31Z,2349,72961,6,K4,HH_2349,5,1,r,true,primary_signal
6512.000,2026-06-24T07:48:32Z,2349,72940,2,K1,HH_2349,0,1,r,true,primary_signal
6512.000,2026-06-24T07:48:32Z,2349,72946,3,K1,HH_2349,3,1,r,true,primary_signal
6519.000,2026-06-24T07:48:39Z,2349,73039,8,K2,HH_2349,1,4,u,true,primary_signal
6519.000,2026-06-24T07:48:39Z,2349,72971,9,K2,HH_2349,4,4,u,true,primary_signal
6520.000,2026-06-24T07:48:40Z,2349,72983,7,K2,HH_2349,1,3,G,true,primary_signal
6520.000,2026-06-24T07:48:40Z,2349,72971,9,K2,HH_2349,4,3,G,true,primary_signal
6521.000,2026-06-24T07:48:41Z,2394,71446,1,K7,HH_2394,2,2,y,true,primary_signal
6521.000,2026-06-24T07:48:41Z,2394,69184,3,K7,HH_2394,3,2,y,true,primary_signal
6524.000,2026-06-24T07:48:44Z,2394,71446,1,K7,HH_2394,2,1,r,true,primary_signal
6524.000,2026-06-24T07:48:44Z,2394,68006,2,K7,HH_2394,3,1,r,true,primary_signal
6527.000,2026-06-24T07:48:47Z,2394,71448,6,K2,HH_2394,4,4,u,true,primary_signal
6528.000,2026-06-24T07:48:48Z,2394,71448,6,K2,HH_2394,4,3,G,true,primary_signal
6538.000,2026-06-24T07:48:58Z,2394,67952,5,K1,HH_2394,0,2,y,true,primary_signal
6538.000,2026-06-24T07:48:58Z,2394,71448,6,K2,HH_2394,4,2,y,true,primary_signal
6539.000,2026-06-24T07:48:59Z,2349,72983,7,K2,HH_2349,1,2,y,true,primary_signal
6539.000,2026-06-24T07:48:59Z,2349,72971,9,K2,HH_2349,4,2,y,true,primary_signal
6541.000,2026-06-24T07:49:01Z,2394,67952,5,K1,HH_2394,0,1,r,true,primary_signal
6541.000,2026-06-24T07:49:01Z,2394,71448,6,K2,HH_2394,4,1,r,true,primary_signal
6542.000,2026-06-24T07:49:02Z,2349,73039,8,K2,HH_2349,1,1,r,true,primary_signal
6542.000,2026-06-24T07:49:02Z,2349,72971,9,K2,HH_2349,4,1,r,true,primary_signal
6544.000,2026-06-24T07:49:04Z,2349,72940,2,K1,HH_2349,0,4,u,true,primary_signal
6544.000,2026-06-24T07:49:04Z,2349,72962,4,K4,HH_2349,2,4,u,true,primary_signal
6544.000,2026-06-24T07:49:04Z,2349,72946,3,K1,HH_2349,3,4,u,true,primary_signal
6544.000,2026-06-24T07:49:04Z,2349,72961,6,K4,HH_2349,5,4,u,true,primary_signal
6544.000,2026-06-24T07:49:04Z,2394,68904,8,K4,HH_2394,1,3,G,true,primary_signal
6544.000,2026-06-24T07:49:04Z,2394,68841,9,K5,HH_2394,5,3,G,true,primary_signal
6545.000,2026-06-24T07:49:05Z,2349,72940,2,K1,HH_2349,0,3,G,true,primary_signal
6545.000,2026-06-24T07:49:05Z,2349,72962,4,K4,HH_2349,2,3,G,true,primary_signal
6545.000,2026-06-24T07:49:05Z,2349,72946,3,K1,HH_2349,3,3,G,true,primary_signal
6545.000,2026-06-24T07:49:05Z,2349,72961,6,K4,HH_2349,5,3,G,true,primary_signal
6565.000,2026-06-24T07:49:25Z,2394,68904,8,K4,HH_2394,1,2,y,true,primary_signal
6565.000,2026-06-24T07:49:25Z,2394,68841,9,K5,HH_2394,5,2,y,true,primary_signal
6568.000,2026-06-24T07:49:28Z,2394,68904,8,K4,HH_2394,1,1,r,true,primary_signal
6568.000,2026-06-24T07:49:28Z,2394,68841,9,K5,HH_2394,5,1,r,true,primary_signal
6571.000,2026-06-24T07:49:31Z,2394,71446,1,K7,HH_2394,2,4,u,true,primary_signal
6571.000,2026-06-24T07:49:31Z,2394,69184,3,K7,HH_2394,3,4,u,true,primary_signal
6572.000,2026-06-24T07:49:32Z,2394,71446,1,K7,HH_2394,2,3,G,true,primary_signal
6572.000,2026-06-24T07:49:32Z,2394,69184,3,K7,HH_2394,3,3,G,true,primary_signal
6573.000,2026-06-24T07:49:33Z,2394,67952,5,K1,HH_2394,0,4,u,true,primary_signal
6574.000,2026-06-24T07:49:34Z,2394,67952,5,K1,HH_2394,0,3,G,true,primary_signal
6596.000,2026-06-24T07:49:56Z,2349,81474,5,K4,HH_2349,2,2,y,true,primary_signal
6596.000,2026-06-24T07:49:56Z,2349,72961,6,K4,HH_2349,5,2,y,true,primary_signal
6597.000,2026-06-24T07:49:57Z,2349,72940,2,K1,HH_2349,0,2,y,true,primary_signal
6597.000,2026-06-24T07:49:57Z,2349,72946,3,K1,HH_2349,3,2,y,true,primary_signal
6599.000,2026-06-24T07:49:59Z,2349,72962,4,K4,HH_2349,2,1,r,true,primary_signal
6599.000,2026-06-24T07:49:59Z,2349,72961,6,K4,HH_2349,5,1,r,true,primary_signal
6600.000,2026-06-24T07:50:00Z,2349,72940,2,K1,HH_2349,0,1,r,true,primary_signal
6600.000,2026-06-24T07:50:00Z,2349,72946,3,K1,HH_2349,3,1,r,true,primary_signal
6607.000,2026-06-24T07:50:07Z,2349,72983,7,K2,HH_2349,1,4,u,true,primary_signal
6607.000,2026-06-24T07:50:07Z,2349,72971,9,K2,HH_2349,4,4,u,true,primary_signal
6608.000,2026-06-24T07:50:08Z,2349,73039,8,K2,HH_2349,1,3,G,true,primary_signal
6608.000,2026-06-24T07:50:08Z,2349,72971,9,K2,HH_2349,4,3,G,true,primary_signal
6614.000,2026-06-24T07:50:14Z,2394,71446,1,K7,HH_2394,2,2,y,true,primary_signal
6614.000,2026-06-24T07:50:14Z,2394,68006,2,K7,HH_2394,3,2,y,true,primary_signal
6615.000,2026-06-24T07:50:15Z,2394,67952,5,K1,HH_2394,0,2,y,true,primary_signal
6617.000,2026-06-24T07:50:17Z,2394,67952,5,K1,HH_2394,0,1,r,true,primary_signal
6617.000,2026-06-24T07:50:17Z,2394,71446,1,K7,HH_2394,2,1,r,true,primary_signal
6617.000,2026-06-24T07:50:17Z,2394,69184,3,K7,HH_2394,3,1,r,true,primary_signal
6621.000,2026-06-24T07:50:21Z,2394,68904,8,K4,HH_2394,1,3,G,true,primary_signal
6621.000,2026-06-24T07:50:21Z,2394,68841,9,K5,HH_2394,5,3,G,true,primary_signal
6627.000,2026-06-24T07:50:27Z,2349,72983,7,K2,HH_2349,1,2,y,true,primary_signal
6627.000,2026-06-24T07:50:27Z,2349,72971,9,K2,HH_2349,4,2,y,true,primary_signal
6630.000,2026-06-24T07:50:30Z,2349,72983,7,K2,HH_2349,1,1,r,true,primary_signal
6630.000,2026-06-24T07:50:30Z,2349,72971,9,K2,HH_2349,4,1,r,true,primary_signal
6632.000,2026-06-24T07:50:32Z,2349,72940,2,K1,HH_2349,0,4,u,true,primary_signal
6632.000,2026-06-24T07:50:32Z,2349,72962,4,K4,HH_2349,2,4,u,true,primary_signal
6632.000,2026-06-24T07:50:32Z,2349,72946,3,K1,HH_2349,3,4,u,true,primary_signal
6632.000,2026-06-24T07:50:32Z,2349,72961,6,K4,HH_2349,5,4,u,true,primary_signal
6633.000,2026-06-24T07:50:33Z,2349,72940,2,K1,HH_2349,0,3,G,true,primary_signal
6633.000,2026-06-24T07:50:33Z,2349,72962,4,K4,HH_2349,2,3,G,true,primary_signal
6633.000,2026-06-24T07:50:33Z,2349,72946,3,K1,HH_2349,3,3,G,true,primary_signal
6633.000,2026-06-24T07:50:33Z,2349,72961,6,K4,HH_2349,5,3,G,true,primary_signal
6642.000,2026-06-24T07:50:42Z,2394,68904,8,K4,HH_2394,1,2,y,true,primary_signal
6642.000,2026-06-24T07:50:42Z,2394,68841,9,K5,HH_2394,5,2,y,true,primary_signal
6645.000,2026-06-24T07:50:45Z,2394,68904,8,K4,HH_2394,1,1,r,true,primary_signal
6645.000,2026-06-24T07:50:45Z,2394,68841,9,K5,HH_2394,5,1,r,true,primary_signal
6648.000,2026-06-24T07:50:48Z,2394,71446,1,K7,HH_2394,2,4,u,true,primary_signal
6648.000,2026-06-24T07:50:48Z,2394,68006,2,K7,HH_2394,3,4,u,true,primary_signal
6649.000,2026-06-24T07:50:49Z,2394,71446,1,K7,HH_2394,2,3,G,true,primary_signal
6649.000,2026-06-24T07:50:49Z,2394,69184,3,K7,HH_2394,3,3,G,true,primary_signal
6650.000,2026-06-24T07:50:50Z,2394,67952,5,K1,HH_2394,0,4,u,true,primary_signal
6651.000,2026-06-24T07:50:51Z,2394,67952,5,K1,HH_2394,0,3,G,true,primary_signal
6691.000,2026-06-24T07:51:31Z,2349,81474,5,K4,HH_2349,2,2,y,true,primary_signal
6691.000,2026-06-24T07:51:31Z,2349,72961,6,K4,HH_2349,5,2,y,true,primary_signal
6692.000,2026-06-24T07:51:32Z,2349,72940,2,K1,HH_2349,0,2,y,true,primary_signal
6692.000,2026-06-24T07:51:32Z,2349,72946,3,K1,HH_2349,3,2,y,true,primary_signal
6694.000,2026-06-24T07:51:34Z,2349,72962,4,K4,HH_2349,2,1,r,true,primary_signal
6694.000,2026-06-24T07:51:34Z,2349,72961,6,K4,HH_2349,5,1,r,true,primary_signal
6695.000,2026-06-24T07:51:35Z,2349,72940,2,K1,HH_2349,0,1,r,true,primary_signal
6695.000,2026-06-24T07:51:35Z,2349,72946,3,K1,HH_2349,3,1,r,true,primary_signal
6700.000,2026-06-24T07:51:40Z,2394,71446,1,K7,HH_2394,2,2,y,true,primary_signal
6700.000,2026-06-24T07:51:40Z,2394,69184,3,K7,HH_2394,3,2,y,true,primary_signal
6702.000,2026-06-24T07:51:42Z,2349,72983,7,K2,HH_2349,1,4,u,true,primary_signal
6702.000,2026-06-24T07:51:42Z,2349,72971,9,K2,HH_2349,4,4,u,true,primary_signal
6702.000,2026-06-24T07:51:42Z,2394,67952,5,K1,HH_2394,0,2,y,true,primary_signal
6703.000,2026-06-24T07:51:43Z,2349,72983,7,K2,HH_2349,1,3,G,true,primary_signal
6703.000,2026-06-24T07:51:43Z,2349,72971,9,K2,HH_2349,4,3,G,true,primary_signal
6704.000,2026-06-24T07:51:44Z,2394,67952,5,K1,HH_2394,0,1,r,true,primary_signal
6704.000,2026-06-24T07:51:44Z,2394,71446,1,K7,HH_2394,2,1,r,true,primary_signal
6704.000,2026-06-24T07:51:44Z,2394,69184,3,K7,HH_2394,3,1,r,true,primary_signal
6707.000,2026-06-24T07:51:47Z,2394,68904,8,K4,HH_2394,1,4,u,true,primary_signal
6707.000,2026-06-24T07:51:47Z,2394,68841,9,K5,HH_2394,5,4,u,true,primary_signal
6709.000,2026-06-24T07:51:49Z,2394,68904,8,K4,HH_2394,1,3,G,true,primary_signal
6709.000,2026-06-24T07:51:49Z,2394,68841,9,K5,HH_2394,5,3,G,true,primary_signal
6722.000,2026-06-24T07:52:02Z,2349,73039,8,K2,HH_2349,1,2,y,true,primary_signal
6722.000,2026-06-24T07:52:02Z,2349,72971,9,K2,HH_2349,4,2,y,true,primary_signal
6725.000,2026-06-24T07:52:05Z,2349,72983,7,K2,HH_2349,1,1,r,true,primary_signal
6725.000,2026-06-24T07:52:05Z,2349,72971,9,K2,HH_2349,4,1,r,true,primary_signal
6727.000,2026-06-24T07:52:07Z,2349,72940,2,K1,HH_2349,0,4,u,true,primary_signal
6727.000,2026-06-24T07:52:07Z,2349,72962,4,K4,HH_2349,2,4,u,true,primary_signal
6727.000,2026-06-24T07:52:07Z,2349,72946,3,K1,HH_2349,3,4,u,true,primary_signal
6727.000,2026-06-24T07:52:07Z,2349,72961,6,K4,HH_2349,5,4,u,true,primary_signal
6728.000,2026-06-24T07:52:08Z,2349,72940,2,K1,HH_2349,0,3,G,true,primary_signal
6728.000,2026-06-24T07:52:08Z,2349,72962,4,K4,HH_2349,2,3,G,true,primary_signal
6728.000,2026-06-24T07:52:08Z,2349,72946,3,K1,HH_2349,3,3,G,true,primary_signal
6728.000,2026-06-24T07:52:08Z,2349,72961,6,K4,HH_2349,5,3,G,true,primary_signal
6729.000,2026-06-24T07:52:09Z,2394,68904,8,K4,HH_2394,1,2,y,true,primary_signal
6729.000,2026-06-24T07:52:09Z,2394,68841,9,K5,HH_2394,5,2,y,true,primary_signal
6732.000,2026-06-24T07:52:12Z,2394,68904,8,K4,HH_2394,1,1,r,true,primary_signal
6732.000,2026-06-24T07:52:12Z,2394,68841,9,K5,HH_2394,5,1,r,true,primary_signal
6734.000,2026-06-24T07:52:14Z,2394,71448,6,K2,HH_2394,4,4,u,true,primary_signal
6735.000,2026-06-24T07:52:15Z,2394,71448,6,K2,HH_2394,4,3,G,true,primary_signal
6737.000,2026-06-24T07:52:17Z,2394,67952,5,K1,HH_2394,0,4,u,true,primary_signal
6738.000,2026-06-24T07:52:18Z,2394,67952,5,K1,HH_2394,0,3,G,true,primary_signal
6753.000,2026-06-24T07:52:33Z,2394,71448,6,K2,HH_2394,4,2,y,true,primary_signal
6756.000,2026-06-24T07:52:36Z,2394,71448,6,K2,HH_2394,4,1,r,true,primary_signal
6762.000,2026-06-24T07:52:42Z,2394,71446,1,K7,HH_2394,2,4,u,true,primary_signal
6762.000,2026-06-24T07:52:42Z,2394,69184,3,K7,HH_2394,3,4,u,true,primary_signal
6763.000,2026-06-24T07:52:43Z,2394,71446,1,K7,HH_2394,2,3,G,true,primary_signal
6763.000,2026-06-24T07:52:43Z,2394,69184,3,K7,HH_2394,3,3,G,true,primary_signal
6791.000,2026-06-24T07:53:11Z,2349,72940,2,K1,HH_2349,0,2,y,true,primary_signal
6791.000,2026-06-24T07:53:11Z,2349,72962,4,K4,HH_2349,2,2,y,true,primary_signal
6791.000,2026-06-24T07:53:11Z,2349,72946,3,K1,HH_2349,3,2,y,true,primary_signal
6791.000,2026-06-24T07:53:11Z,2349,72961,6,K4,HH_2349,5,2,y,true,primary_signal
6794.000,2026-06-24T07:53:14Z,2349,72940,2,K1,HH_2349,0,1,r,true,primary_signal
6794.000,2026-06-24T07:53:14Z,2349,81474,5,K4,HH_2349,2,1,r,true,primary_signal
6794.000,2026-06-24T07:53:14Z,2349,72946,3,K1,HH_2349,3,1,r,true,primary_signal
6794.000,2026-06-24T07:53:14Z,2349,72961,6,K4,HH_2349,5,1,r,true,primary_signal
6796.000,2026-06-24T07:53:16Z,2394,71446,1,K7,HH_2394,2,2,y,true,primary_signal
6796.000,2026-06-24T07:53:16Z,2394,69184,3,K7,HH_2394,3,2,y,true,primary_signal
6797.000,2026-06-24T07:53:17Z,2394,67952,5,K1,HH_2394,0,2,y,true,primary_signal
6799.000,2026-06-24T07:53:19Z,2394,71446,1,K7,HH_2394,2,1,r,true,primary_signal
6799.000,2026-06-24T07:53:19Z,2394,69184,3,K7,HH_2394,3,1,r,true,primary_signal
6800.000,2026-06-24T07:53:20Z,2394,67952,5,K1,HH_2394,0,1,r,true,primary_signal
6801.000,2026-06-24T07:53:21Z,2349,73039,8,K2,HH_2349,1,4,u,true,primary_signal
6801.000,2026-06-24T07:53:21Z,2349,72971,9,K2,HH_2349,4,4,u,true,primary_signal
6802.000,2026-06-24T07:53:22Z,2349,72983,7,K2,HH_2349,1,3,G,true,primary_signal
6802.000,2026-06-24T07:53:22Z,2349,72971,9,K2,HH_2349,4,3,G,true,primary_signal
6803.000,2026-06-24T07:53:23Z,2394,68005,7,K4,HH_2394,1,4,u,true,primary_signal
6803.000,2026-06-24T07:53:23Z,2394,68841,9,K5,HH_2394,5,4,u,true,primary_signal
6804.000,2026-06-24T07:53:24Z,2394,68005,7,K4,HH_2394,1,3,G,true,primary_signal
6804.000,2026-06-24T07:53:24Z,2394,68841,9,K5,HH_2394,5,3,G,true,primary_signal
6821.000,2026-06-24T07:53:41Z,2349,73039,8,K2,HH_2349,1,2,y,true,primary_signal
6821.000,2026-06-24T07:53:41Z,2349,72971,9,K2,HH_2349,4,2,y,true,primary_signal
6824.000,2026-06-24T07:53:44Z,2349,72983,7,K2,HH_2349,1,1,r,true,primary_signal
6824.000,2026-06-24T07:53:44Z,2349,72971,9,K2,HH_2349,4,1,r,true,primary_signal
6824.000,2026-06-24T07:53:44Z,2394,68005,7,K4,HH_2394,1,2,y,true,primary_signal
6824.000,2026-06-24T07:53:44Z,2394,68841,9,K5,HH_2394,5,2,y,true,primary_signal
6826.000,2026-06-24T07:53:46Z,2349,72940,2,K1,HH_2349,0,4,u,true,primary_signal
6826.000,2026-06-24T07:53:46Z,2349,72962,4,K4,HH_2349,2,4,u,true,primary_signal
6826.000,2026-06-24T07:53:46Z,2349,72946,3,K1,HH_2349,3,4,u,true,primary_signal
6826.000,2026-06-24T07:53:46Z,2349,72961,6,K4,HH_2349,5,4,u,true,primary_signal
6827.000,2026-06-24T07:53:47Z,2349,72940,2,K1,HH_2349,0,3,G,true,primary_signal
6827.000,2026-06-24T07:53:47Z,2349,81474,5,K4,HH_2349,2,3,G,true,primary_signal
6827.000,2026-06-24T07:53:47Z,2349,72946,3,K1,HH_2349,3,3,G,true,primary_signal
6827.000,2026-06-24T07:53:47Z,2349,72961,6,K4,HH_2349,5,3,G,true,primary_signal
6827.000,2026-06-24T07:53:47Z,2394,68904,8,K4,HH_2394,1,1,r,true,primary_signal
6827.000,2026-06-24T07:53:47Z,2394,68841,9,K5,HH_2394,5,1,r,true,primary_signal
6829.000,2026-06-24T07:53:49Z,2394,71448,6,K2,HH_2394,4,4,u,true,primary_signal
6830.000,2026-06-24T07:53:50Z,2394,71448,6,K2,HH_2394,4,3,G,true,primary_signal
6832.000,2026-06-24T07:53:52Z,2394,67952,5,K1,HH_2394,0,4,u,true,primary_signal
6833.000,2026-06-24T07:53:53Z,2394,67952,5,K1,HH_2394,0,3,G,true,primary_signal
6848.000,2026-06-24T07:54:08Z,2394,71448,6,K2,HH_2394,4,2,y,true,primary_signal
6851.000,2026-06-24T07:54:11Z,2394,71448,6,K2,HH_2394,4,1,r,true,primary_signal
6858.000,2026-06-24T07:54:18Z,2394,71446,1,K7,HH_2394,2,4,u,true,primary_signal
6858.000,2026-06-24T07:54:18Z,2394,69184,3,K7,HH_2394,3,4,u,true,primary_signal
6859.000,2026-06-24T07:54:19Z,2394,71446,1,K7,HH_2394,2,3,G,true,primary_signal
6859.000,2026-06-24T07:54:19Z,2394,69184,3,K7,HH_2394,3,3,G,true,primary_signal
6866.000,2026-06-24T07:54:26Z,2349,81474,5,K4,HH_2349,2,2,y,true,primary_signal
6866.000,2026-06-24T07:54:26Z,2349,72961,6,K4,HH_2349,5,2,y,true,primary_signal
6867.000,2026-06-24T07:54:27Z,2349,72940,2,K1,HH_2349,0,2,y,true,primary_signal
6867.000,2026-06-24T07:54:27Z,2349,72946,3,K1,HH_2349,3,2,y,true,primary_signal
6869.000,2026-06-24T07:54:29Z,2349,81474,5,K4,HH_2349,2,1,r,true,primary_signal
6869.000,2026-06-24T07:54:29Z,2349,72961,6,K4,HH_2349,5,1,r,true,primary_signal
6870.000,2026-06-24T07:54:30Z,2349,72940,2,K1,HH_2349,0,1,r,true,primary_signal
6870.000,2026-06-24T07:54:30Z,2349,72946,3,K1,HH_2349,3,1,r,true,primary_signal
6877.000,2026-06-24T07:54:37Z,2349,73039,8,K2,HH_2349,1,4,u,true,primary_signal
6877.000,2026-06-24T07:54:37Z,2349,72971,9,K2,HH_2349,4,4,u,true,primary_signal
6878.000,2026-06-24T07:54:38Z,2349,73039,8,K2,HH_2349,1,3,G,true,primary_signal
6878.000,2026-06-24T07:54:38Z,2349,72971,9,K2,HH_2349,4,3,G,true,primary_signal
6883.000,2026-06-24T07:54:43Z,2394,71446,1,K7,HH_2394,2,2,y,true,primary_signal
6883.000,2026-06-24T07:54:43Z,2394,68006,2,K7,HH_2394,3,2,y,true,primary_signal
6886.000,2026-06-24T07:54:46Z,2394,71446,1,K7,HH_2394,2,1,r,true,primary_signal
6886.000,2026-06-24T07:54:46Z,2394,68006,2,K7,HH_2394,3,1,r,true,primary_signal
6889.000,2026-06-24T07:54:49Z,2394,71448,6,K2,HH_2394,4,4,u,true,primary_signal
6890.000,2026-06-24T07:54:50Z,2394,71448,6,K2,HH_2394,4,3,G,true,primary_signal
6897.000,2026-06-24T07:54:57Z,2349,72983,7,K2,HH_2349,1,2,y,true,primary_signal
6897.000,2026-06-24T07:54:57Z,2349,72971,9,K2,HH_2349,4,2,y,true,primary_signal
6900.000,2026-06-24T07:55:00Z,2349,72983,7,K2,HH_2349,1,1,r,true,primary_signal
6900.000,2026-06-24T07:55:00Z,2349,72971,9,K2,HH_2349,4,1,r,true,primary_signal
6900.000,2026-06-24T07:55:00Z,2394,71448,6,K2,HH_2394,4,2,y,true,primary_signal
6902.000,2026-06-24T07:55:02Z,2349,72940,2,K1,HH_2349,0,4,u,true,primary_signal
6902.000,2026-06-24T07:55:02Z,2349,72962,4,K4,HH_2349,2,4,u,true,primary_signal
6902.000,2026-06-24T07:55:02Z,2349,72946,3,K1,HH_2349,3,4,u,true,primary_signal
6902.000,2026-06-24T07:55:02Z,2349,72961,6,K4,HH_2349,5,4,u,true,primary_signal
6903.000,2026-06-24T07:55:03Z,2349,72940,2,K1,HH_2349,0,3,G,true,primary_signal
6903.000,2026-06-24T07:55:03Z,2349,72962,4,K4,HH_2349,2,3,G,true,primary_signal
6903.000,2026-06-24T07:55:03Z,2349,72946,3,K1,HH_2349,3,3,G,true,primary_signal
6903.000,2026-06-24T07:55:03Z,2349,72961,6,K4,HH_2349,5,3,G,true,primary_signal
6903.000,2026-06-24T07:55:03Z,2394,71448,6,K2,HH_2394,4,1,r,true,primary_signal
6909.000,2026-06-24T07:55:09Z,2394,71446,1,K7,HH_2394,2,4,u,true,primary_signal
6909.000,2026-06-24T07:55:09Z,2394,69184,3,K7,HH_2394,3,4,u,true,primary_signal
6910.000,2026-06-24T07:55:10Z,2394,71446,1,K7,HH_2394,2,3,G,true,primary_signal
6910.000,2026-06-24T07:55:10Z,2394,69184,3,K7,HH_2394,3,3,G,true,primary_signal
6956.000,2026-06-24T07:55:56Z,2349,72962,4,K4,HH_2349,2,2,y,true,primary_signal
6956.000,2026-06-24T07:55:56Z,2349,72961,6,K4,HH_2349,5,2,y,true,primary_signal
6957.000,2026-06-24T07:55:57Z,2349,72940,2,K1,HH_2349,0,2,y,true,primary_signal
6957.000,2026-06-24T07:55:57Z,2349,72946,3,K1,HH_2349,3,2,y,true,primary_signal
6959.000,2026-06-24T07:55:59Z,2349,72962,4,K4,HH_2349,2,1,r,true,primary_signal
6959.000,2026-06-24T07:55:59Z,2349,72961,6,K4,HH_2349,5,1,r,true,primary_signal
6960.000,2026-06-24T07:56:00Z,2349,72940,2,K1,HH_2349,0,1,r,true,primary_signal
6960.000,2026-06-24T07:56:00Z,2349,72946,3,K1,HH_2349,3,1,r,true,primary_signal
6967.000,2026-06-24T07:56:07Z,2349,72983,7,K2,HH_2349,1,4,u,true,primary_signal
6967.000,2026-06-24T07:56:07Z,2349,72971,9,K2,HH_2349,4,4,u,true,primary_signal
6968.000,2026-06-24T07:56:08Z,2349,73039,8,K2,HH_2349,1,3,G,true,primary_signal
6968.000,2026-06-24T07:56:08Z,2349,72971,9,K2,HH_2349,4,3,G,true,primary_signal
6973.000,2026-06-24T07:56:13Z,2394,71446,1,K7,HH_2394,2,2,y,true,primary_signal
6973.000,2026-06-24T07:56:13Z,2394,68006,2,K7,HH_2394,3,2,y,true,primary_signal
6974.000,2026-06-24T07:56:14Z,2394,67952,5,K1,HH_2394,0,2,y,true,primary_signal
6976.000,2026-06-24T07:56:16Z,2394,71446,1,K7,HH_2394,2,1,r,true,primary_signal
6976.000,2026-06-24T07:56:16Z,2394,68006,2,K7,HH_2394,3,1,r,true,primary_signal
6977.000,2026-06-24T07:56:17Z,2394,67952,5,K1,HH_2394,0,1,r,true,primary_signal
6980.000,2026-06-24T07:56:20Z,2394,68005,7,K4,HH_2394,1,4,u,true,primary_signal
6980.000,2026-06-24T07:56:20Z,2394,68841,9,K5,HH_2394,5,4,u,true,primary_signal
6981.000,2026-06-24T07:56:21Z,2394,68904,8,K4,HH_2394,1,3,G,true,primary_signal
6981.000,2026-06-24T07:56:21Z,2394,68841,9,K5,HH_2394,5,3,G,true,primary_signal
6987.000,2026-06-24T07:56:27Z,2349,72983,7,K2,HH_2349,1,2,y,true,primary_signal
6987.000,2026-06-24T07:56:27Z,2349,72971,9,K2,HH_2349,4,2,y,true,primary_signal
6990.000,2026-06-24T07:56:30Z,2349,73039,8,K2,HH_2349,1,1,r,true,primary_signal
6990.000,2026-06-24T07:56:30Z,2349,72971,9,K2,HH_2349,4,1,r,true,primary_signal
6992.000,2026-06-24T07:56:32Z,2349,72940,2,K1,HH_2349,0,4,u,true,primary_signal
6992.000,2026-06-24T07:56:32Z,2349,81474,5,K4,HH_2349,2,4,u,true,primary_signal
6992.000,2026-06-24T07:56:32Z,2349,72946,3,K1,HH_2349,3,4,u,true,primary_signal
6992.000,2026-06-24T07:56:32Z,2349,72961,6,K4,HH_2349,5,4,u,true,primary_signal
6993.000,2026-06-24T07:56:33Z,2349,72940,2,K1,HH_2349,0,3,G,true,primary_signal
6993.000,2026-06-24T07:56:33Z,2349,81474,5,K4,HH_2349,2,3,G,true,primary_signal
6993.000,2026-06-24T07:56:33Z,2349,72946,3,K1,HH_2349,3,3,G,true,primary_signal
6993.000,2026-06-24T07:56:33Z,2349,72961,6,K4,HH_2349,5,3,G,true,primary_signal
7000.000,2026-06-24T07:56:40Z,2394,68904,8,K4,HH_2394,1,2,y,true,primary_signal
7000.000,2026-06-24T07:56:40Z,2394,68841,9,K5,HH_2394,5,2,y,true,primary_signal
7004.000,2026-06-24T07:56:44Z,2394,68904,8,K4,HH_2394,1,1,r,true,primary_signal
7004.000,2026-06-24T07:56:44Z,2394,68841,9,K5,HH_2394,5,1,r,true,primary_signal
7006.000,2026-06-24T07:56:46Z,2394,71448,6,K2,HH_2394,4,4,u,true,primary_signal
7007.000,2026-06-24T07:56:47Z,2394,71448,6,K2,HH_2394,4,3,G,true,primary_signal
7009.000,2026-06-24T07:56:49Z,2394,67952,5,K1,HH_2394,0,4,u,true,primary_signal
7010.000,2026-06-24T07:56:50Z,2394,67952,5,K1,HH_2394,0,3,G,true,primary_signal
7026.000,2026-06-24T07:57:06Z,2394,71448,6,K2,HH_2394,4,2,y,true,primary_signal
7029.000,2026-06-24T07:57:09Z,2394,71448,6,K2,HH_2394,4,1,r,true,primary_signal
7035.000,2026-06-24T07:57:15Z,2394,71446,1,K7,HH_2394,2,4,u,true,primary_signal
7035.000,2026-06-24T07:57:15Z,2394,69184,3,K7,HH_2394,3,4,u,true,primary_signal
7036.000,2026-06-24T07:57:16Z,2394,71446,1,K7,HH_2394,2,3,G,true,primary_signal
7036.000,2026-06-24T07:57:16Z,2394,68006,2,K7,HH_2394,3,3,G,true,primary_signal
7061.000,2026-06-24T07:57:41Z,2394,71446,1,K7,HH_2394,2,2,y,true,primary_signal
7061.000,2026-06-24T07:57:41Z,2394,69184,3,K7,HH_2394,3,2,y,true,primary_signal
7062.000,2026-06-24T07:57:42Z,2349,72962,4,K4,HH_2349,2,2,y,true,primary_signal
7062.000,2026-06-24T07:57:42Z,2349,72961,6,K4,HH_2349,5,2,y,true,primary_signal
7062.000,2026-06-24T07:57:42Z,2394,67952,5,K1,HH_2394,0,2,y,true,primary_signal
7063.000,2026-06-24T07:57:43Z,2349,72940,2,K1,HH_2349,0,2,y,true,primary_signal
7063.000,2026-06-24T07:57:43Z,2349,72946,3,K1,HH_2349,3,2,y,true,primary_signal
7064.000,2026-06-24T07:57:44Z,2394,71446,1,K7,HH_2394,2,1,r,true,primary_signal
7064.000,2026-06-24T07:57:44Z,2394,69184,3,K7,HH_2394,3,1,r,true,primary_signal
7065.000,2026-06-24T07:57:45Z,2349,81474,5,K4,HH_2349,2,1,r,true,primary_signal
7065.000,2026-06-24T07:57:45Z,2349,72961,6,K4,HH_2349,5,1,r,true,primary_signal
7065.000,2026-06-24T07:57:45Z,2394,67952,5,K1,HH_2394,0,1,r,true,primary_signal
7066.000,2026-06-24T07:57:46Z,2349,72940,2,K1,HH_2349,0,1,r,true,primary_signal
7066.000,2026-06-24T07:57:46Z,2349,72946,3,K1,HH_2349,3,1,r,true,primary_signal
7068.000,2026-06-24T07:57:48Z,2394,68904,8,K4,HH_2394,1,3,G,true,primary_signal
7068.000,2026-06-24T07:57:48Z,2394,68841,9,K5,HH_2394,5,3,G,true,primary_signal
7073.000,2026-06-24T07:57:53Z,2349,72983,7,K2,HH_2349,1,4,u,true,primary_signal
7073.000,2026-06-24T07:57:53Z,2349,72971,9,K2,HH_2349,4,4,u,true,primary_signal
7074.000,2026-06-24T07:57:54Z,2349,72983,7,K2,HH_2349,1,3,G,true,primary_signal
7074.000,2026-06-24T07:57:54Z,2349,72971,9,K2,HH_2349,4,3,G,true,primary_signal
7089.000,2026-06-24T07:58:09Z,2394,68904,8,K4,HH_2394,1,2,y,true,primary_signal
7089.000,2026-06-24T07:58:09Z,2394,68841,9,K5,HH_2394,5,2,y,true,primary_signal
7092.000,2026-06-24T07:58:12Z,2394,68904,8,K4,HH_2394,1,1,r,true,primary_signal
7092.000,2026-06-24T07:58:12Z,2394,68841,9,K5,HH_2394,5,1,r,true,primary_signal
7093.000,2026-06-24T07:58:13Z,2349,73039,8,K2,HH_2349,1,2,y,true,primary_signal
7093.000,2026-06-24T07:58:13Z,2349,72971,9,K2,HH_2349,4,2,y,true,primary_signal
7094.000,2026-06-24T07:58:14Z,2394,71448,6,K2,HH_2394,4,4,u,true,primary_signal
7095.000,2026-06-24T07:58:15Z,2394,71448,6,K2,HH_2394,4,3,G,true,primary_signal
7096.000,2026-06-24T07:58:16Z,2349,72983,7,K2,HH_2349,1,1,r,true,primary_signal
7096.000,2026-06-24T07:58:16Z,2349,72971,9,K2,HH_2349,4,1,r,true,primary_signal
7097.000,2026-06-24T07:58:17Z,2394,67952,5,K1,HH_2394,0,4,u,true,primary_signal
7098.000,2026-06-24T07:58:18Z,2349,72940,2,K1,HH_2349,0,4,u,true,primary_signal
7098.000,2026-06-24T07:58:18Z,2349,72962,4,K4,HH_2349,2,4,u,true,primary_signal
7098.000,2026-06-24T07:58:18Z,2349,72946,3,K1,HH_2349,3,4,u,true,primary_signal
7098.000,2026-06-24T07:58:18Z,2349,72961,6,K4,HH_2349,5,4,u,true,primary_signal
7098.000,2026-06-24T07:58:18Z,2394,67952,5,K1,HH_2394,0,3,G,true,primary_signal
7099.000,2026-06-24T07:58:19Z,2349,72940,2,K1,HH_2349,0,3,G,true,primary_signal
7099.000,2026-06-24T07:58:19Z,2349,81474,5,K4,HH_2349,2,3,G,true,primary_signal
7099.000,2026-06-24T07:58:19Z,2349,72946,3,K1,HH_2349,3,3,G,true,primary_signal
7099.000,2026-06-24T07:58:19Z,2349,72961,6,K4,HH_2349,5,3,G,true,primary_signal
7105.000,2026-06-24T07:58:25Z,2394,71448,6,K2,HH_2394,4,2,y,true,primary_signal
7108.000,2026-06-24T07:58:28Z,2394,71448,6,K2,HH_2394,4,1,r,true,primary_signal
7114.000,2026-06-24T07:58:34Z,2394,71446,1,K7,HH_2394,2,4,u,true,primary_signal
7114.000,2026-06-24T07:58:34Z,2394,69184,3,K7,HH_2394,3,4,u,true,primary_signal
7115.000,2026-06-24T07:58:35Z,2394,71446,1,K7,HH_2394,2,3,G,true,primary_signal
7115.000,2026-06-24T07:58:35Z,2394,69184,3,K7,HH_2394,3,3,G,true,primary_signal
7141.000,2026-06-24T07:59:01Z,2349,81474,5,K4,HH_2349,2,2,y,true,primary_signal
7141.000,2026-06-24T07:59:01Z,2349,72961,6,K4,HH_2349,5,2,y,true,primary_signal
7142.000,2026-06-24T07:59:02Z,2349,72940,2,K1,HH_2349,0,2,y,true,primary_signal
7142.000,2026-06-24T07:59:02Z,2349,72946,3,K1,HH_2349,3,2,y,true,primary_signal
7144.000,2026-06-24T07:59:04Z,2349,72962,4,K4,HH_2349,2,1,r,true,primary_signal
7144.000,2026-06-24T07:59:04Z,2349,72961,6,K4,HH_2349,5,1,r,true,primary_signal
7145.000,2026-06-24T07:59:05Z,2349,72940,2,K1,HH_2349,0,1,r,true,primary_signal
7145.000,2026-06-24T07:59:05Z,2349,72946,3,K1,HH_2349,3,1,r,true,primary_signal
7150.000,2026-06-24T07:59:10Z,2394,71446,1,K7,HH_2394,2,2,y,true,primary_signal
7150.000,2026-06-24T07:59:10Z,2394,68006,2,K7,HH_2394,3,2,y,true,primary_signal
7152.000,2026-06-24T07:59:12Z,2349,73039,8,K2,HH_2349,1,4,u,true,primary_signal
7152.000,2026-06-24T07:59:12Z,2349,72971,9,K2,HH_2349,4,4,u,true,primary_signal
7153.000,2026-06-24T07:59:13Z,2349,72983,7,K2,HH_2349,1,3,G,true,primary_signal
7153.000,2026-06-24T07:59:13Z,2349,72971,9,K2,HH_2349,4,3,G,true,primary_signal
7154.000,2026-06-24T07:59:14Z,2394,71446,1,K7,HH_2394,2,1,r,true,primary_signal
7154.000,2026-06-24T07:59:14Z,2394,69184,3,K7,HH_2394,3,1,r,true,primary_signal
7157.000,2026-06-24T07:59:17Z,2394,71448,6,K2,HH_2394,4,4,u,true,primary_signal
7158.000,2026-06-24T07:59:18Z,2394,71448,6,K2,HH_2394,4,3,G,true,primary_signal
7172.000,2026-06-24T07:59:32Z,2349,73039,8,K2,HH_2349,1,2,y,true,primary_signal
7172.000,2026-06-24T07:59:32Z,2349,72971,9,K2,HH_2349,4,2,y,true,primary_signal
7172.000,2026-06-24T07:59:32Z,2394,67952,5,K1,HH_2394,0,2,y,true,primary_signal
7172.000,2026-06-24T07:59:32Z,2394,71448,6,K2,HH_2394,4,2,y,true,primary_signal
7175.000,2026-06-24T07:59:35Z,2349,72983,7,K2,HH_2349,1,1,r,true,primary_signal
7175.000,2026-06-24T07:59:35Z,2349,72971,9,K2,HH_2349,4,1,r,true,primary_signal
7175.000,2026-06-24T07:59:35Z,2394,67952,5,K1,HH_2394,0,1,r,true,primary_signal
7175.000,2026-06-24T07:59:35Z,2394,71448,6,K2,HH_2394,4,1,r,true,primary_signal
7177.000,2026-06-24T07:59:37Z,2349,72940,2,K1,HH_2349,0,4,u,true,primary_signal
7177.000,2026-06-24T07:59:37Z,2349,72962,4,K4,HH_2349,2,4,u,true,primary_signal
7177.000,2026-06-24T07:59:37Z,2349,72946,3,K1,HH_2349,3,4,u,true,primary_signal
7177.000,2026-06-24T07:59:37Z,2349,72961,6,K4,HH_2349,5,4,u,true,primary_signal
7178.000,2026-06-24T07:59:38Z,2349,72940,2,K1,HH_2349,0,3,G,true,primary_signal
7178.000,2026-06-24T07:59:38Z,2349,72962,4,K4,HH_2349,2,3,G,true,primary_signal
7178.000,2026-06-24T07:59:38Z,2349,72946,3,K1,HH_2349,3,3,G,true,primary_signal
7178.000,2026-06-24T07:59:38Z,2349,72961,6,K4,HH_2349,5,3,G,true,primary_signal
7178.000,2026-06-24T07:59:38Z,2394,68904,8,K4,HH_2394,1,4,u,true,primary_signal
7178.000,2026-06-24T07:59:38Z,2394,68841,9,K5,HH_2394,5,4,u,true,primary_signal
7179.000,2026-06-24T07:59:39Z,2394,68005,7,K4,HH_2394,1,3,G,true,primary_signal
7179.000,2026-06-24T07:59:39Z,2394,68841,9,K5,HH_2394,5,3,G,true,primary_signal
7199.000,2026-06-24T07:59:59Z,2394,68904,8,K4,HH_2394,1,2,y,true,primary_signal
7199.000,2026-06-24T07:59:59Z,2394,68841,9,K5,HH_2394,5,2,y,true,primary_signal
